CODIGO_UNICO,LATITUD_NUEVA,LONGITUD_NUEVA,FUENTE_COORDENADA,TIPO_COORDENADA,URL_FUENTE_COORDENADA,OBSERVACION_COORDENADA,ESTADO_ENRIQUECIMIENTO,LATITUD,LONGITUD
2235909,-16.2344765,-69.6749664,OPENSTREETMAP_NOMINATIM,APROXIMADA_DISTRITO,https://nominatim.openstreetmap.org,Coordenada referencial del distrito ILAVE. No representa la ubicación exacta de la infraestructura.,COMPLETADO_APROXIMADO,,
2209723,-15.1842883,-69.8235022,OPENSTREETMAP_NOMINATIM,APROXIMADA_DISTRITO,https://nominatim.openstreetmap.org,Coordenada referencial del distrito HUANCANE. No representa la ubicación exacta de la infraestructura.,COMPLETADO_APROXIMADO,,
2311215,-15.8787471,-69.9751057,OPENSTREETMAP_NOMINATIM,APROXIMADA_LOCALIDAD,https://nominatim.openstreetmap.org,Coordenada aproximada de la localidad 'JAYLLIHUAYA' mencionada en el nombre de la inversión; no representa necesariamente la ubicación exacta de la infraestructura.,COMPLETADO_APROXIMADO,,
2305251,-15.8407499,-70.0284053,OPENSTREETMAP_NOMINATIM,APROXIMADA_DISTRITO,https://nominatim.openstreetmap.org,Coordenada referencial del distrito PUNO. No representa la ubicación exacta de la infraestructura.,COMPLETADO_APROXIMADO,,
2153862,-15.1391169,-70.1095722,OPENSTREETMAP_NOMINATIM,APROXIMADA_DISTRITO,https://nominatim.openstreetmap.org,La geocodificación automática de la localidad no superó la validación administrativa; se utiliza una coordenada referencial del distrito.,COMPLETADO_APROXIMADO,,
2318821,-14.2997287,-70.2919047,OPENSTREETMAP_NOMINATIM,APROXIMADA_DISTRITO,https://nominatim.openstreetmap.org,Coordenada referencial del distrito ANTAUTA. No representa la ubicación exacta de la infraestructura.,COMPLETADO_APROXIMADO,,
2342822,-15.1391169,-70.1095722,OPENSTREETMAP_NOMINATIM,APROXIMADA_DISTRITO,https://nominatim.openstreetmap.org,Coordenada referencial del distrito ARAPA. No representa la ubicación exacta de la infraestructura.,COMPLETADO_APROXIMADO,,
2150046,-17.1836657,-69.7446898,OPENSTREETMAP_NOMINATIM,APROXIMADA_LOCALIDAD,https://nominatim.openstreetmap.org,Coordenada aproximada de la localidad 'CAPASO' mencionada en el nombre de la inversión; no representa necesariamente la ubicación exacta de la infraestructura.,COMPLETADO_APROXIMADO,,
2309742,-15.5678983,-70.1024942,OPENSTREETMAP_NOMINATIM,APROXIMADA_DISTRITO,https://nominatim.openstreetmap.org,Coordenada referencial del distrito CARACOTO. No representa la ubicación exacta de la infraestructura.,COMPLETADO_APROXIMADO,,
2142933,-14.3611964,-70.0234904,OPENSTREETMAP_NOMINATIM,APROXIMADA_LOCALIDAD,https://nominatim.openstreetmap.org,Coordenada aproximada de la localidad 'CRUCERO' mencionada en el nombre de la inversión; no representa necesariamente la ubicación exacta de la infraestructura.,COMPLETADO_APROXIMADO,,
2245681,-14.3899129,-70.104701,OPENSTREETMAP_NOMINATIM,APROXIMADA_DISTRITO,https://nominatim.openstreetmap.org,Coordenada referencial del distrito POTONI. No representa la ubicación exacta de la infraestructura.,COMPLETADO_APROXIMADO,,
2300632,-14.4222714,-69.3450165,OPENSTREETMAP_NOMINATIM,APROXIMADA_DISTRITO,https://nominatim.openstreetmap.org,Coordenada referencial del distrito QUIACA. No representa la ubicación exacta de la infraestructura.,COMPLETADO_APROXIMADO,,
2311764,-14.1594917,-69.0680999,OPENSTREETMAP_NOMINATIM,APROXIMADA_LOCALIDAD,https://nominatim.openstreetmap.org,Coordenada aproximada de la localidad 'SANTA ANA' mencionada en el nombre de la inversión; no representa necesariamente la ubicación exacta de la infraestructura.,COMPLETADO_APROXIMADO,,
2242919,-15.4418571,-69.9293619,OPENSTREETMAP_NOMINATIM,APROXIMADA_DISTRITO,https://nominatim.openstreetmap.org,Coordenada referencial del distrito PUSI. No representa la ubicación exacta de la infraestructura.,COMPLETADO_APROXIMADO,,
2161282,-15.1391169,-70.1095722,OPENSTREETMAP_NOMINATIM,APROXIMADA_DISTRITO,https://nominatim.openstreetmap.org,La geocodificación automática de la localidad no superó la validación administrativa; se utiliza una coordenada referencial del distrito.,COMPLETADO_APROXIMADO,,
2221138,-14.7272398,-70.3567731,OPENSTREETMAP_NOMINATIM,APROXIMADA_DISTRITO,https://nominatim.openstreetmap.org,La geocodificación automática de la localidad no superó la validación administrativa; se utiliza una coordenada referencial del distrito.,COMPLETADO_APROXIMADO,,
2309761,-15.5678983,-70.1024942,OPENSTREETMAP_NOMINATIM,APROXIMADA_DISTRITO,https://nominatim.openstreetmap.org,Coordenada referencial del distrito CARACOTO. No representa la ubicación exacta de la infraestructura.,COMPLETADO_APROXIMADO,,
2069742,-15.4576993,-69.4380307,OPENSTREETMAP_NOMINATIM,APROXIMADA_DISTRITO,https://nominatim.openstreetmap.org,Coordenada referencial del distrito CONIMA. No representa la ubicación exacta de la infraestructura.,COMPLETADO_APROXIMADO,,
2202943,-15.453907,-70.5993792,OPENSTREETMAP_NOMINATIM,APROXIMADA_DISTRITO,https://nominatim.openstreetmap.org,Coordenada referencial del distrito PARATIA. No representa la ubicación exacta de la infraestructura.,COMPLETADO_APROXIMADO,,
2133298,-14.7272398,-70.3567731,OPENSTREETMAP_NOMINATIM,APROXIMADA_DISTRITO,https://nominatim.openstreetmap.org,La geocodificación automática de la localidad no superó la validación administrativa; se utiliza una coordenada referencial del distrito.,COMPLETADO_APROXIMADO,,
2187527,-14.7272398,-70.3567731,OPENSTREETMAP_NOMINATIM,APROXIMADA_DISTRITO,https://nominatim.openstreetmap.org,Coordenada referencial del distrito ASILLO. No representa la ubicación exacta de la infraestructura.,COMPLETADO_APROXIMADO,,
2189348,-14.7272398,-70.3567731,OPENSTREETMAP_NOMINATIM,APROXIMADA_DISTRITO,https://nominatim.openstreetmap.org,La geocodificación automática de la localidad no superó la validación administrativa; se utiliza una coordenada referencial del distrito.,COMPLETADO_APROXIMADO,,
2189462,-16.7270638,-69.2499805,OPENSTREETMAP_NOMINATIM,APROXIMADA_DISTRITO,https://nominatim.openstreetmap.org,Coordenada referencial del distrito KELLUYO. No representa la ubicación exacta de la infraestructura.,COMPLETADO_APROXIMADO,,
2101883,-16.4019,-69.2871,OPENSTREETMAP_NOMINATIM,APROXIMADA_LOCALIDAD,https://nominatim.openstreetmap.org,Coordenada aproximada de la localidad 'HUAPACA SANTIAGO' mencionada en el nombre de la inversión; no representa necesariamente la ubicación exacta de la infraestructura.,COMPLETADO_APROXIMADO,,
2245273,-15.2344658,-69.527323,OPENSTREETMAP_NOMINATIM,APROXIMADA_DISTRITO,https://nominatim.openstreetmap.org,Coordenada referencial del distrito ROSASPATA. No representa la ubicación exacta de la infraestructura.,COMPLETADO_APROXIMADO,,
2300647,-16.2344765,-69.6749664,OPENSTREETMAP_NOMINATIM,APROXIMADA_DISTRITO,https://nominatim.openstreetmap.org,Coordenada referencial del distrito ILAVE. No representa la ubicación exacta de la infraestructura.,COMPLETADO_APROXIMADO,,
2305296,-16.2779543,-69.1199036,OPENSTREETMAP_NOMINATIM,APROXIMADA_DISTRITO,https://nominatim.openstreetmap.org,Coordenada referencial del distrito YUNGUYO. No representa la ubicación exacta de la infraestructura.,COMPLETADO_APROXIMADO,,
2275299,-13.7940318,-70.4721998,OPENSTREETMAP_NOMINATIM,APROXIMADA_DISTRITO,https://nominatim.openstreetmap.org,Coordenada referencial del distrito OLLACHEA. No representa la ubicación exacta de la infraestructura.,COMPLETADO_APROXIMADO,,
2310861,-16.3694998,-69.2947975,OPENSTREETMAP_NOMINATIM,APROXIMADA_DISTRITO,https://nominatim.openstreetmap.org,Coordenada referencial del distrito POMATA. No representa la ubicación exacta de la infraestructura.,COMPLETADO_APROXIMADO,,
2183859,-16.2723754,-69.9035444,OPENSTREETMAP_NOMINATIM,APROXIMADA_DISTRITO,https://nominatim.openstreetmap.org,La geocodificación automática de la localidad no superó la validación administrativa; se utiliza una coordenada referencial del distrito.,COMPLETADO_APROXIMADO,,
2217277,-16.6336027,-69.3018083,OPENSTREETMAP_NOMINATIM,APROXIMADA_DISTRITO,https://nominatim.openstreetmap.org,Coordenada referencial del distrito CHUCUITO. No representa la ubicación exacta de la infraestructura.,COMPLETADO_APROXIMADO,,
2153139,-14.3226271,-69.8949818,OPENSTREETMAP_NOMINATIM,APROXIMADA_LOCALIDAD,https://nominatim.openstreetmap.org,Coordenada aproximada de la localidad 'VILLA HERMOSA' mencionada en el nombre de la inversión; no representa necesariamente la ubicación exacta de la infraestructura.,COMPLETADO_APROXIMADO,,
2225246,-14.9510883,-70.8811794,OPENSTREETMAP_NOMINATIM,APROXIMADA_LOCALIDAD,https://nominatim.openstreetmap.org,Coordenada aproximada de la localidad 'LLALLI' mencionada en el nombre de la inversión; no representa necesariamente la ubicación exacta de la infraestructura.,COMPLETADO_APROXIMADO,,
2321972,-15.8407499,-70.0284053,OPENSTREETMAP_NOMINATIM,APROXIMADA_DISTRITO,https://nominatim.openstreetmap.org,Coordenada referencial del distrito PUNO. No representa la ubicación exacta de la infraestructura.,COMPLETADO_APROXIMADO,,
2183866,-16.2723754,-69.9035444,OPENSTREETMAP_NOMINATIM,APROXIMADA_DISTRITO,https://nominatim.openstreetmap.org,La geocodificación automática de la localidad no superó la validación administrativa; se utiliza una coordenada referencial del distrito.,COMPLETADO_APROXIMADO,,
2302960,-16.4970626,-69.1901129,OPENSTREETMAP_NOMINATIM,APROXIMADA_DISTRITO,https://nominatim.openstreetmap.org,Coordenada referencial del distrito ZEPITA. No representa la ubicación exacta de la infraestructura.,COMPLETADO_APROXIMADO,,
2187533,-15.1842883,-69.8235022,OPENSTREETMAP_NOMINATIM,APROXIMADA_DISTRITO,https://nominatim.openstreetmap.org,La geocodificación automática de la localidad no superó la validación administrativa; se utiliza una coordenada referencial del distrito.,COMPLETADO_APROXIMADO,,
2189342,-14.7272398,-70.3567731,OPENSTREETMAP_NOMINATIM,APROXIMADA_DISTRITO,https://nominatim.openstreetmap.org,La geocodificación automática de la localidad no superó la validación administrativa; se utiliza una coordenada referencial del distrito.,COMPLETADO_APROXIMADO,,
2221010,-16.2723754,-69.9035444,OPENSTREETMAP_NOMINATIM,APROXIMADA_DISTRITO,https://nominatim.openstreetmap.org,Coordenada referencial del distrito ACORA. No representa la ubicación exacta de la infraestructura.,COMPLETADO_APROXIMADO,,
2239679,-14.7581955,-69.4134687,OPENSTREETMAP_NOMINATIM,APROXIMADA_LOCALIDAD,https://nominatim.openstreetmap.org,Coordenada aproximada de la localidad 'TRAPICHE' mencionada en el nombre de la inversión; no representa necesariamente la ubicación exacta de la infraestructura.,COMPLETADO_APROXIMADO,,
2237532,-14.8929648,-69.7302897,OPENSTREETMAP_NOMINATIM,APROXIMADA_DISTRITO,https://nominatim.openstreetmap.org,Coordenada referencial del distrito QUILCAPUNCU. No representa la ubicación exacta de la infraestructura.,COMPLETADO_APROXIMADO,,
2309673,-14.0409032,-68.9588955,OPENSTREETMAP_NOMINATIM,APROXIMADA_LOCALIDAD,https://nominatim.openstreetmap.org,Coordenada aproximada de la localidad 'CURVA ALEGRE' mencionada en el nombre de la inversión; no representa necesariamente la ubicación exacta de la infraestructura.,COMPLETADO_APROXIMADO,,
2270279,-16.310292,-69.5021872,OPENSTREETMAP_NOMINATIM,APROXIMADA_DISTRITO,https://nominatim.openstreetmap.org,La geocodificación automática de la localidad no superó la validación administrativa; se utiliza una coordenada referencial del distrito.,COMPLETADO_APROXIMADO,,
2143120,-14.3113672,-69.4353423,OPENSTREETMAP_NOMINATIM,APROXIMADA_DISTRITO,https://nominatim.openstreetmap.org,Coordenada referencial del distrito SANDIA. No representa la ubicación exacta de la infraestructura.,COMPLETADO_APROXIMADO,,
2204269,-15.6420185,-69.8307928,OPENSTREETMAP_NOMINATIM,APROXIMADA_DISTRITO,https://nominatim.openstreetmap.org,Coordenada referencial del distrito CAPACHICA. No representa la ubicación exacta de la infraestructura.,COMPLETADO_APROXIMADO,,
2195459,-15.1059765,-69.9865962,OPENSTREETMAP_NOMINATIM,APROXIMADA_DISTRITO,https://nominatim.openstreetmap.org,Coordenada referencial del distrito CHUPA. No representa la ubicación exacta de la infraestructura.,COMPLETADO_APROXIMADO,,
2288715,-16.6336027,-69.3018083,OPENSTREETMAP_NOMINATIM,APROXIMADA_DISTRITO,https://nominatim.openstreetmap.org,Coordenada referencial del distrito CHUCUITO. No representa la ubicación exacta de la infraestructura.,COMPLETADO_APROXIMADO,,
2332959,-14.8618338,-70.1503339,OPENSTREETMAP_NOMINATIM,APROXIMADA_DISTRITO,https://nominatim.openstreetmap.org,Coordenada referencial del distrito AZANGARO. No representa la ubicación exacta de la infraestructura.,COMPLETADO_APROXIMADO,,
2328494,-14.7211647,-69.7975441,OPENSTREETMAP_NOMINATIM,APROXIMADA_DISTRITO,https://nominatim.openstreetmap.org,Coordenada referencial del distrito PUTINA. No representa la ubicación exacta de la infraestructura.,COMPLETADO_APROXIMADO,,
2311194,-15.4932314,-70.1356177,OPENSTREETMAP_NOMINATIM,APROXIMADA_DISTRITO,https://nominatim.openstreetmap.org,Coordenada referencial del distrito JULIACA. No representa la ubicación exacta de la infraestructura.,COMPLETADO_APROXIMADO,,
2286748,-15.068859,-70.4496726,OPENSTREETMAP_NOMINATIM,APROXIMADA_DISTRITO,https://nominatim.openstreetmap.org,Coordenada referencial del distrito PUCARA. No representa la ubicación exacta de la infraestructura.,COMPLETADO_APROXIMADO,,
2037351,-16.2344765,-69.6749664,OPENSTREETMAP_NOMINATIM,APROXIMADA_DISTRITO,https://nominatim.openstreetmap.org,Coordenada referencial del distrito ILAVE. No representa la ubicación exacta de la infraestructura.,COMPLETADO_APROXIMADO,,
2082657,-15.4932314,-70.1356177,OPENSTREETMAP_NOMINATIM,APROXIMADA_DISTRITO,https://nominatim.openstreetmap.org,Coordenada referencial del distrito JULIACA. No representa la ubicación exacta de la infraestructura.,COMPLETADO_APROXIMADO,,
2307914,-14.1077,-69.8749,OPENSTREETMAP_NOMINATIM,APROXIMADA_LOCALIDAD,https://nominatim.openstreetmap.org,Coordenada aproximada de la localidad 'PHUSCA' mencionada en el nombre de la inversión; no representa necesariamente la ubicación exacta de la infraestructura.,COMPLETADO_APROXIMADO,,
2182866,-16.2731488,-69.2921984,OPENSTREETMAP_NOMINATIM,APROXIMADA_LOCALIDAD,https://nominatim.openstreetmap.org,Coordenada aproximada de la localidad 'POMATA' mencionada en el nombre de la inversión; no representa necesariamente la ubicación exacta de la infraestructura.,COMPLETADO_APROXIMADO,,
2183860,-16.2723754,-69.9035444,OPENSTREETMAP_NOMINATIM,APROXIMADA_DISTRITO,https://nominatim.openstreetmap.org,Coordenada referencial del distrito ACORA. No representa la ubicación exacta de la infraestructura.,COMPLETADO_APROXIMADO,,
2241761,-15.6420185,-69.8307928,OPENSTREETMAP_NOMINATIM,APROXIMADA_DISTRITO,https://nominatim.openstreetmap.org,Coordenada referencial del distrito CAPACHICA. No representa la ubicación exacta de la infraestructura.,COMPLETADO_APROXIMADO,,
2328144,-15.5678983,-70.1024942,OPENSTREETMAP_NOMINATIM,APROXIMADA_DISTRITO,https://nominatim.openstreetmap.org,La geocodificación automática de la localidad no superó la validación administrativa; se utiliza una coordenada referencial del distrito.,COMPLETADO_APROXIMADO,,
2174797,-15.0151528,-69.3652199,OPENSTREETMAP_NOMINATIM,APROXIMADA_DISTRITO,https://nominatim.openstreetmap.org,La geocodificación automática de la localidad no superó la validación administrativa; se utiliza una coordenada referencial del distrito.,COMPLETADO_APROXIMADO,,
2145648,-16.6336027,-69.3018083,OPENSTREETMAP_NOMINATIM,APROXIMADA_DISTRITO,https://nominatim.openstreetmap.org,Coordenada referencial del distrito CHUCUITO. No representa la ubicación exacta de la infraestructura.,COMPLETADO_APROXIMADO,,
2334427,-14.4700389,-69.5369258,OPENSTREETMAP_NOMINATIM,APROXIMADA_DISTRITO,https://nominatim.openstreetmap.org,Coordenada referencial del distrito CUYOCUYO. No representa la ubicación exacta de la infraestructura.,COMPLETADO_APROXIMADO,,
2411246,-14.3165504,-70.1721398,OPENSTREETMAP_NOMINATIM,APROXIMADA_LOCALIDAD,https://nominatim.openstreetmap.org,Coordenada aproximada de la localidad 'ANANSAYA' mencionada en el nombre de la inversión; no representa necesariamente la ubicación exacta de la infraestructura.,COMPLETADO_APROXIMADO,,
2285593,-15.2852382,-70.1614836,OPENSTREETMAP_NOMINATIM,APROXIMADA_DISTRITO,https://nominatim.openstreetmap.org,Coordenada referencial del distrito ACHAYA. No representa la ubicación exacta de la infraestructura.,COMPLETADO_APROXIMADO,,
2316900,-15.1059765,-69.9865962,OPENSTREETMAP_NOMINATIM,APROXIMADA_DISTRITO,https://nominatim.openstreetmap.org,Coordenada referencial del distrito CHUPA. No representa la ubicación exacta de la infraestructura.,COMPLETADO_APROXIMADO,,
2226027,-13.8762874,-70.2141705,OPENSTREETMAP_NOMINATIM,APROXIMADA_LOCALIDAD,https://nominatim.openstreetmap.org,Coordenada aproximada de la localidad 'TAMBILLO' mencionada en el nombre de la inversión; no representa necesariamente la ubicación exacta de la infraestructura.,COMPLETADO_APROXIMADO,,
2265772,-15.3101475,-70.2217662,OPENSTREETMAP_NOMINATIM,APROXIMADA_DISTRITO,https://nominatim.openstreetmap.org,Coordenada referencial del distrito CALAPUJA. No representa la ubicación exacta de la infraestructura.,COMPLETADO_APROXIMADO,,
2286944,-15.068859,-70.4496726,OPENSTREETMAP_NOMINATIM,APROXIMADA_DISTRITO,https://nominatim.openstreetmap.org,Coordenada referencial del distrito PUCARA. No representa la ubicación exacta de la infraestructura.,COMPLETADO_APROXIMADO,,
2287456,-14.8618338,-70.1503339,OPENSTREETMAP_NOMINATIM,APROXIMADA_DISTRITO,https://nominatim.openstreetmap.org,Coordenada referencial del distrito AZANGARO. No representa la ubicación exacta de la infraestructura.,COMPLETADO_APROXIMADO,,
2301308,-15.3407315,-69.5754772,OPENSTREETMAP_NOMINATIM,APROXIMADA_LOCALIDAD,https://nominatim.openstreetmap.org,Coordenada aproximada de la localidad 'UMUCHI' mencionada en el nombre de la inversión; no representa necesariamente la ubicación exacta de la infraestructura.,COMPLETADO_APROXIMADO,,
2183992,-15.4932314,-70.1356177,OPENSTREETMAP_NOMINATIM,APROXIMADA_DISTRITO,https://nominatim.openstreetmap.org,Coordenada referencial del distrito JULIACA. No representa la ubicación exacta de la infraestructura.,COMPLETADO_APROXIMADO,,
2309763,-15.6420185,-69.8307928,OPENSTREETMAP_NOMINATIM,APROXIMADA_DISTRITO,https://nominatim.openstreetmap.org,Coordenada referencial del distrito CAPACHICA. No representa la ubicación exacta de la infraestructura.,COMPLETADO_APROXIMADO,,
2330456,-16.7270638,-69.2499805,OPENSTREETMAP_NOMINATIM,APROXIMADA_DISTRITO,https://nominatim.openstreetmap.org,Coordenada referencial del distrito KELLUYO. No representa la ubicación exacta de la infraestructura.,COMPLETADO_APROXIMADO,,
2315216,-14.6090248,-70.7871904,OPENSTREETMAP_NOMINATIM,APROXIMADA_LOCALIDAD,https://nominatim.openstreetmap.org,Coordenada aproximada de la localidad 'SANTA ROSA' mencionada en el nombre de la inversión; no representa necesariamente la ubicación exacta de la infraestructura.,COMPLETADO_APROXIMADO,,
2236180,-15.3117412,-69.6312743,OPENSTREETMAP_NOMINATIM,APROXIMADA_LOCALIDAD,https://nominatim.openstreetmap.org,Coordenada aproximada de la localidad 'JACANTAYA' mencionada en el nombre de la inversión; no representa necesariamente la ubicación exacta de la infraestructura.,COMPLETADO_APROXIMADO,,
2189343,-16.2723754,-69.9035444,OPENSTREETMAP_NOMINATIM,APROXIMADA_DISTRITO,https://nominatim.openstreetmap.org,Coordenada referencial del distrito ACORA. No representa la ubicación exacta de la infraestructura.,COMPLETADO_APROXIMADO,,
2189503,-16.2723754,-69.9035444,OPENSTREETMAP_NOMINATIM,APROXIMADA_DISTRITO,https://nominatim.openstreetmap.org,La geocodificación automática de la localidad no superó la validación administrativa; se utiliza una coordenada referencial del distrito.,COMPLETADO_APROXIMADO,,
2299945,-16.4970626,-69.1901129,OPENSTREETMAP_NOMINATIM,APROXIMADA_DISTRITO,https://nominatim.openstreetmap.org,Coordenada referencial del distrito ZEPITA. No representa la ubicación exacta de la infraestructura.,COMPLETADO_APROXIMADO,,
2285079,-15.0800915,-70.2481544,OPENSTREETMAP_NOMINATIM,APROXIMADA_DISTRITO,https://nominatim.openstreetmap.org,Coordenada referencial del distrito SANTIAGO DE PUPUJA. No representa la ubicación exacta de la infraestructura.,COMPLETADO_APROXIMADO,,
2192372,-15.2978079,-69.9783213,OPENSTREETMAP_NOMINATIM,APROXIMADA_DISTRITO,https://nominatim.openstreetmap.org,Coordenada referencial del distrito TARACO. No representa la ubicación exacta de la infraestructura.,COMPLETADO_APROXIMADO,,
2226138,-15.5146906,-69.3481332,OPENSTREETMAP_NOMINATIM,APROXIMADA_DISTRITO,https://nominatim.openstreetmap.org,Coordenada referencial del distrito TILALI. No representa la ubicación exacta de la infraestructura.,COMPLETADO_APROXIMADO,,
2200478,-15.157057,-69.6190604,OPENSTREETMAP_NOMINATIM,APROXIMADA_DISTRITO,https://nominatim.openstreetmap.org,Coordenada referencial del distrito VILQUE CHICO. No representa la ubicación exacta de la infraestructura.,COMPLETADO_APROXIMADO,,
2113918,-16.3510022,-69.7387245,OPENSTREETMAP_NOMINATIM,APROXIMADA_LOCALIDAD,https://nominatim.openstreetmap.org,Coordenada aproximada de la localidad 'CANGALLI' mencionada en el nombre de la inversión; no representa necesariamente la ubicación exacta de la infraestructura.,COMPLETADO_APROXIMADO,,
2128422,-15.1842883,-69.8235022,OPENSTREETMAP_NOMINATIM,APROXIMADA_DISTRITO,https://nominatim.openstreetmap.org,Coordenada referencial del distrito HUANCANE. No representa la ubicación exacta de la infraestructura.,COMPLETADO_APROXIMADO,,
2239798,-15.3427491,-69.4925674,OPENSTREETMAP_NOMINATIM,APROXIMADA_DISTRITO,https://nominatim.openstreetmap.org,Coordenada referencial del distrito MOHO. No representa la ubicación exacta de la infraestructura.,COMPLETADO_APROXIMADO,,
2189465,-16.2723754,-69.9035444,OPENSTREETMAP_NOMINATIM,APROXIMADA_DISTRITO,https://nominatim.openstreetmap.org,La geocodificación automática de la localidad no superó la validación administrativa; se utiliza una coordenada referencial del distrito.,COMPLETADO_APROXIMADO,,
2189508,-16.837151,-69.224645,OPENSTREETMAP_NOMINATIM,APROXIMADA_LOCALIDAD,https://nominatim.openstreetmap.org,Coordenada aproximada de la localidad 'KAPIA PUSUMA' mencionada en el nombre de la inversión; no representa necesariamente la ubicación exacta de la infraestructura.,COMPLETADO_APROXIMADO,,
2199795,-14.6784404,-69.5352298,OPENSTREETMAP_NOMINATIM,APROXIMADA_DISTRITO,https://nominatim.openstreetmap.org,Coordenada referencial del distrito ANANEA. No representa la ubicación exacta de la infraestructura.,COMPLETADO_APROXIMADO,,
2147273,-14.6784404,-69.5352298,OPENSTREETMAP_NOMINATIM,APROXIMADA_DISTRITO,https://nominatim.openstreetmap.org,Coordenada referencial del distrito ANANEA. No representa la ubicación exacta de la infraestructura.,COMPLETADO_APROXIMADO,,
2204402,-15.8944723,-69.8898395,OPENSTREETMAP_NOMINATIM,APROXIMADA_LOCALIDAD,https://nominatim.openstreetmap.org,Coordenada aproximada de la localidad 'CHUCUITO' mencionada en el nombre de la inversión; no representa necesariamente la ubicación exacta de la infraestructura.,COMPLETADO_APROXIMADO,,
2176420,-15.6884255,-70.1432128,OPENSTREETMAP_NOMINATIM,APROXIMADA_LOCALIDAD,https://nominatim.openstreetmap.org,Coordenada aproximada de la localidad 'ATUNCOLLA' mencionada en el nombre de la inversión; no representa necesariamente la ubicación exacta de la infraestructura.,COMPLETADO_APROXIMADO,,
2155537,-15.6495195,-70.3219267,OPENSTREETMAP_NOMINATIM,APROXIMADA_DISTRITO,https://nominatim.openstreetmap.org,La geocodificación automática de la localidad no superó la validación administrativa; se utiliza una coordenada referencial del distrito.,COMPLETADO_APROXIMADO,,
2245270,-14.6548129,-70.5123758,OPENSTREETMAP_NOMINATIM,APROXIMADA_LOCALIDAD,https://nominatim.openstreetmap.org,Coordenada aproximada de la localidad 'VIZCACHANI' mencionada en el nombre de la inversión; no representa necesariamente la ubicación exacta de la infraestructura.,COMPLETADO_APROXIMADO,,
2280697,-15.2344658,-69.527323,OPENSTREETMAP_NOMINATIM,APROXIMADA_DISTRITO,https://nominatim.openstreetmap.org,Coordenada referencial del distrito ROSASPATA. No representa la ubicación exacta de la infraestructura.,COMPLETADO_APROXIMADO,,
2293836,-14.607427,-70.7874774,OPENSTREETMAP_NOMINATIM,APROXIMADA_DISTRITO,https://nominatim.openstreetmap.org,Coordenada referencial del distrito SANTA ROSA. No representa la ubicación exacta de la infraestructura.,COMPLETADO_APROXIMADO,,
2196970,-16.310292,-69.5021872,OPENSTREETMAP_NOMINATIM,APROXIMADA_DISTRITO,https://nominatim.openstreetmap.org,La geocodificación automática de la localidad no superó la validación administrativa; se utiliza una coordenada referencial del distrito.,COMPLETADO_APROXIMADO,,
2168883,-15.068859,-70.4496726,OPENSTREETMAP_NOMINATIM,APROXIMADA_DISTRITO,https://nominatim.openstreetmap.org,La geocodificación automática de la localidad no superó la validación administrativa; se utiliza una coordenada referencial del distrito.,COMPLETADO_APROXIMADO,,
2160866,-14.3508047,-69.9293371,OPENSTREETMAP_NOMINATIM,APROXIMADA_DISTRITO,https://nominatim.openstreetmap.org,Coordenada referencial del distrito CRUCERO. No representa la ubicación exacta de la infraestructura.,COMPLETADO_APROXIMADO,,
2279598,-15.4932314,-70.1356177,OPENSTREETMAP_NOMINATIM,APROXIMADA_DISTRITO,https://nominatim.openstreetmap.org,Coordenada referencial del distrito JULIACA. No representa la ubicación exacta de la infraestructura.,COMPLETADO_APROXIMADO,,
2283110,-15.8407499,-70.0284053,OPENSTREETMAP_NOMINATIM,APROXIMADA_DISTRITO,https://nominatim.openstreetmap.org,Coordenada referencial del distrito PUNO. No representa la ubicación exacta de la infraestructura.,COMPLETADO_APROXIMADO,,
2090887,-15.4932314,-70.1356177,OPENSTREETMAP_NOMINATIM,APROXIMADA_DISTRITO,https://nominatim.openstreetmap.org,Coordenada referencial del distrito JULIACA. No representa la ubicación exacta de la infraestructura.,COMPLETADO_APROXIMADO,,
2309705,-16.6130199,-69.0841617,OPENSTREETMAP_NOMINATIM,APROXIMADA_DISTRITO,https://nominatim.openstreetmap.org,Coordenada referencial del distrito DESAGUADERO. No representa la ubicación exacta de la infraestructura.,COMPLETADO_APROXIMADO,,
2280540,-16.7270638,-69.2499805,OPENSTREETMAP_NOMINATIM,APROXIMADA_DISTRITO,https://nominatim.openstreetmap.org,Coordenada referencial del distrito KELLUYO. No representa la ubicación exacta de la infraestructura.,COMPLETADO_APROXIMADO,,
2288258,-16.7616495,-69.8556014,OPENSTREETMAP_NOMINATIM,APROXIMADA_DISTRITO,https://nominatim.openstreetmap.org,Coordenada referencial del distrito SANTA ROSA. No representa la ubicación exacta de la infraestructura.,COMPLETADO_APROXIMADO,,
2209686,-15.068859,-70.4496726,OPENSTREETMAP_NOMINATIM,APROXIMADA_DISTRITO,https://nominatim.openstreetmap.org,La geocodificación automática de la localidad no superó la validación administrativa; se utiliza una coordenada referencial del distrito.,COMPLETADO_APROXIMADO,,
2019248,-16.2779543,-69.1199036,OPENSTREETMAP_NOMINATIM,APROXIMADA_DISTRITO,https://nominatim.openstreetmap.org,Coordenada referencial del distrito YUNGUYO. No representa la ubicación exacta de la infraestructura.,COMPLETADO_APROXIMADO,,
2135056,-15.4932314,-70.1356177,OPENSTREETMAP_NOMINATIM,APROXIMADA_DISTRITO,https://nominatim.openstreetmap.org,Coordenada referencial del distrito JULIACA. No representa la ubicación exacta de la infraestructura.,COMPLETADO_APROXIMADO,,
2297617,-16.6302449,-69.3222231,OPENSTREETMAP_NOMINATIM,APROXIMADA_DISTRITO,https://nominatim.openstreetmap.org,Coordenada referencial del distrito HUACULLANI. No representa la ubicación exacta de la infraestructura.,COMPLETADO_APROXIMADO,,
2302966,-16.7270638,-69.2499805,OPENSTREETMAP_NOMINATIM,APROXIMADA_DISTRITO,https://nominatim.openstreetmap.org,Coordenada referencial del distrito KELLUYO. No representa la ubicación exacta de la infraestructura.,COMPLETADO_APROXIMADO,,
2189340,-16.2723754,-69.9035444,OPENSTREETMAP_NOMINATIM,APROXIMADA_DISTRITO,https://nominatim.openstreetmap.org,Coordenada referencial del distrito ACORA. No representa la ubicación exacta de la infraestructura.,COMPLETADO_APROXIMADO,,
2189336,-16.2723754,-69.9035444,OPENSTREETMAP_NOMINATIM,APROXIMADA_DISTRITO,https://nominatim.openstreetmap.org,Coordenada referencial del distrito ACORA. No representa la ubicación exacta de la infraestructura.,COMPLETADO_APROXIMADO,,
2299942,-16.5957032,-69.2041506,OPENSTREETMAP_NOMINATIM,APROXIMADA_LOCALIDAD,https://nominatim.openstreetmap.org,Coordenada aproximada de la localidad 'SICUYANI' mencionada en el nombre de la inversión; no representa necesariamente la ubicación exacta de la infraestructura.,COMPLETADO_APROXIMADO,,
2186037,-16.2723754,-69.9035444,OPENSTREETMAP_NOMINATIM,APROXIMADA_DISTRITO,https://nominatim.openstreetmap.org,La geocodificación automática de la localidad no superó la validación administrativa; se utiliza una coordenada referencial del distrito.,COMPLETADO_APROXIMADO,,
2353170,-14.7272398,-70.3567731,OPENSTREETMAP_NOMINATIM,APROXIMADA_DISTRITO,https://nominatim.openstreetmap.org,La geocodificación automática de la localidad no superó la validación administrativa; se utiliza una coordenada referencial del distrito.,COMPLETADO_APROXIMADO,,
2192851,-15.6203163,-70.345873,OPENSTREETMAP_NOMINATIM,APROXIMADA_DISTRITO,https://nominatim.openstreetmap.org,Coordenada referencial del distrito CABANILLA. No representa la ubicación exacta de la infraestructura.,COMPLETADO_APROXIMADO,,
2192850,-15.6203163,-70.345873,OPENSTREETMAP_NOMINATIM,APROXIMADA_DISTRITO,https://nominatim.openstreetmap.org,Coordenada referencial del distrito CABANILLA. No representa la ubicación exacta de la infraestructura.,COMPLETADO_APROXIMADO,,
2292549,-15.3241247,-70.0728942,OPENSTREETMAP_NOMINATIM,APROXIMADA_DISTRITO,https://nominatim.openstreetmap.org,Coordenada referencial del distrito CAMINACA. No representa la ubicación exacta de la infraestructura.,COMPLETADO_APROXIMADO,,
2337148,-15.5678983,-70.1024942,OPENSTREETMAP_NOMINATIM,APROXIMADA_DISTRITO,https://nominatim.openstreetmap.org,Coordenada referencial del distrito CARACOTO. No representa la ubicación exacta de la infraestructura.,COMPLETADO_APROXIMADO,,
2288488,-15.9296,-69.8789,OPENSTREETMAP_NOMINATIM,APROXIMADA_LOCALIDAD,https://nominatim.openstreetmap.org,Coordenada aproximada de la localidad 'POTOJANI GRANDE' mencionada en el nombre de la inversión; no representa necesariamente la ubicación exacta de la infraestructura.,COMPLETADO_APROXIMADO,,
2248498,-14.3774034,-70.711518,OPENSTREETMAP_NOMINATIM,APROXIMADA_DISTRITO,https://nominatim.openstreetmap.org,Coordenada referencial del distrito NUÑOA. No representa la ubicación exacta de la infraestructura.,COMPLETADO_APROXIMADO,,
2280698,-15.2344658,-69.527323,OPENSTREETMAP_NOMINATIM,APROXIMADA_DISTRITO,https://nominatim.openstreetmap.org,Coordenada referencial del distrito ROSASPATA. No representa la ubicación exacta de la infraestructura.,COMPLETADO_APROXIMADO,,
2149172,-14.8929648,-69.7302897,OPENSTREETMAP_NOMINATIM,APROXIMADA_DISTRITO,https://nominatim.openstreetmap.org,Coordenada referencial del distrito QUILCAPUNCU. No representa la ubicación exacta de la infraestructura.,COMPLETADO_APROXIMADO,,
2309853,-14.0929764,-68.8888961,OPENSTREETMAP_NOMINATIM,APROXIMADA_LOCALIDAD,https://nominatim.openstreetmap.org,Coordenada aproximada de la localidad 'MIRAFLORES LANZA' mencionada en el nombre de la inversión; no representa necesariamente la ubicación exacta de la infraestructura.,COMPLETADO_APROXIMADO,,
2277210,-14.853653,-70.7535804,OPENSTREETMAP_NOMINATIM,APROXIMADA_DISTRITO,https://nominatim.openstreetmap.org,Coordenada referencial del distrito UMACHIRI. No representa la ubicación exacta de la infraestructura.,COMPLETADO_APROXIMADO,,
2186043,-14.7272398,-70.3567731,OPENSTREETMAP_NOMINATIM,APROXIMADA_DISTRITO,https://nominatim.openstreetmap.org,La geocodificación automática de la localidad no superó la validación administrativa; se utiliza una coordenada referencial del distrito.,COMPLETADO_APROXIMADO,,
2189452,-16.3694998,-69.2947975,OPENSTREETMAP_NOMINATIM,APROXIMADA_DISTRITO,https://nominatim.openstreetmap.org,Coordenada referencial del distrito POMATA. No representa la ubicación exacta de la infraestructura.,COMPLETADO_APROXIMADO,,
2309919,-15.2852382,-70.1614836,OPENSTREETMAP_NOMINATIM,APROXIMADA_DISTRITO,https://nominatim.openstreetmap.org,Coordenada referencial del distrito ACHAYA. No representa la ubicación exacta de la infraestructura.,COMPLETADO_APROXIMADO,,
2328918,-15.5678983,-70.1024942,OPENSTREETMAP_NOMINATIM,APROXIMADA_DISTRITO,https://nominatim.openstreetmap.org,Coordenada referencial del distrito CARACOTO. No representa la ubicación exacta de la infraestructura.,COMPLETADO_APROXIMADO,,
2153138,-14.2713588,-69.8542788,OPENSTREETMAP_NOMINATIM,APROXIMADA_LOCALIDAD,https://nominatim.openstreetmap.org,Coordenada aproximada de la localidad 'CUSQUI' mencionada en el nombre de la inversión; no representa necesariamente la ubicación exacta de la infraestructura.,COMPLETADO_APROXIMADO,,
2271867,-15.3101475,-70.2217662,OPENSTREETMAP_NOMINATIM,APROXIMADA_DISTRITO,https://nominatim.openstreetmap.org,Coordenada referencial del distrito CALAPUJA. No representa la ubicación exacta de la infraestructura.,COMPLETADO_APROXIMADO,,
2238917,-16.105,-69.5559,OPENSTREETMAP_NOMINATIM,APROXIMADA_LOCALIDAD,https://nominatim.openstreetmap.org,Coordenada aproximada de la localidad 'PILCUYO' mencionada en el nombre de la inversión; no representa necesariamente la ubicación exacta de la infraestructura.,COMPLETADO_APROXIMADO,,
2215975,-14.9548166,-70.403177,OPENSTREETMAP_NOMINATIM,APROXIMADA_DISTRITO,https://nominatim.openstreetmap.org,La geocodificación automática de la localidad no superó la validación administrativa; se utiliza una coordenada referencial del distrito.,COMPLETADO_APROXIMADO,,
2343069,-16.2344765,-69.6749664,OPENSTREETMAP_NOMINATIM,APROXIMADA_DISTRITO,https://nominatim.openstreetmap.org,Coordenada referencial del distrito ILAVE. No representa la ubicación exacta de la infraestructura.,COMPLETADO_APROXIMADO,,
2166011,-15.1842883,-69.8235022,OPENSTREETMAP_NOMINATIM,APROXIMADA_DISTRITO,https://nominatim.openstreetmap.org,Coordenada referencial del distrito HUANCANE. No representa la ubicación exacta de la infraestructura.,COMPLETADO_APROXIMADO,,
2307070,-16.310292,-69.5021872,OPENSTREETMAP_NOMINATIM,APROXIMADA_DISTRITO,https://nominatim.openstreetmap.org,Coordenada referencial del distrito JULI. No representa la ubicación exacta de la infraestructura.,COMPLETADO_APROXIMADO,,
2195360,-16.310292,-69.5021872,OPENSTREETMAP_NOMINATIM,APROXIMADA_DISTRITO,https://nominatim.openstreetmap.org,Coordenada referencial del distrito JULI. No representa la ubicación exacta de la infraestructura.,COMPLETADO_APROXIMADO,,
2053284,-15.4932314,-70.1356177,OPENSTREETMAP_NOMINATIM,APROXIMADA_DISTRITO,https://nominatim.openstreetmap.org,Coordenada referencial del distrito JULIACA. No representa la ubicación exacta de la infraestructura.,COMPLETADO_APROXIMADO,,
2168873,-15.0309343,-69.9216539,OPENSTREETMAP_NOMINATIM,APROXIMADA_LOCALIDAD,https://nominatim.openstreetmap.org,Coordenada aproximada de la localidad 'AJJATIRA' mencionada en el nombre de la inversión; no representa necesariamente la ubicación exacta de la infraestructura.,COMPLETADO_APROXIMADO,,
2168876,-15.2248138,-70.2863668,OPENSTREETMAP_NOMINATIM,APROXIMADA_DISTRITO,https://nominatim.openstreetmap.org,Coordenada referencial del distrito NICASIO. No representa la ubicación exacta de la infraestructura.,COMPLETADO_APROXIMADO,,
2189341,-16.2723754,-69.9035444,OPENSTREETMAP_NOMINATIM,APROXIMADA_DISTRITO,https://nominatim.openstreetmap.org,Coordenada referencial del distrito ACORA. No representa la ubicación exacta de la infraestructura.,COMPLETADO_APROXIMADO,,
2189458,-16.3694998,-69.2947975,OPENSTREETMAP_NOMINATIM,APROXIMADA_DISTRITO,https://nominatim.openstreetmap.org,Coordenada referencial del distrito POMATA. No representa la ubicación exacta de la infraestructura.,COMPLETADO_APROXIMADO,,
2330428,-16.7270638,-69.2499805,OPENSTREETMAP_NOMINATIM,APROXIMADA_DISTRITO,https://nominatim.openstreetmap.org,Coordenada referencial del distrito KELLUYO. No representa la ubicación exacta de la infraestructura.,COMPLETADO_APROXIMADO,,
2248246,-14.4965792,-69.2798767,OPENSTREETMAP_NOMINATIM,APROXIMADA_DISTRITO,https://nominatim.openstreetmap.org,La geocodificación automática de la localidad no superó la validación administrativa; se utiliza una coordenada referencial del distrito.,COMPLETADO_APROXIMADO,,
2192373,-15.2978079,-69.9783213,OPENSTREETMAP_NOMINATIM,APROXIMADA_DISTRITO,https://nominatim.openstreetmap.org,Coordenada referencial del distrito TARACO. No representa la ubicación exacta de la infraestructura.,COMPLETADO_APROXIMADO,,
2140341,-16.2344765,-69.6749664,OPENSTREETMAP_NOMINATIM,APROXIMADA_DISTRITO,https://nominatim.openstreetmap.org,Coordenada referencial del distrito ILAVE. No representa la ubicación exacta de la infraestructura.,COMPLETADO_APROXIMADO,,
2140600,-16.2344765,-69.6749664,OPENSTREETMAP_NOMINATIM,APROXIMADA_DISTRITO,https://nominatim.openstreetmap.org,Coordenada referencial del distrito ILAVE. No representa la ubicación exacta de la infraestructura.,COMPLETADO_APROXIMADO,,
2341730,-14.7211647,-69.7975441,OPENSTREETMAP_NOMINATIM,APROXIMADA_DISTRITO,https://nominatim.openstreetmap.org,Coordenada referencial del distrito PUTINA. No representa la ubicación exacta de la infraestructura.,COMPLETADO_APROXIMADO,,
2307913,-15.0800915,-70.2481544,OPENSTREETMAP_NOMINATIM,APROXIMADA_DISTRITO,https://nominatim.openstreetmap.org,La geocodificación automática de la localidad no superó la validación administrativa; se utiliza una coordenada referencial del distrito.,COMPLETADO_APROXIMADO,,
2168885,-15.0180244,-69.9040458,OPENSTREETMAP_NOMINATIM,APROXIMADA_DISTRITO,https://nominatim.openstreetmap.org,Coordenada referencial del distrito PEDRO VILCA APAZA. No representa la ubicación exacta de la infraestructura.,COMPLETADO_APROXIMADO,,
2270997,-13.7940318,-70.4721998,OPENSTREETMAP_NOMINATIM,APROXIMADA_DISTRITO,https://nominatim.openstreetmap.org,Coordenada referencial del distrito OLLACHEA. No representa la ubicación exacta de la infraestructura.,COMPLETADO_APROXIMADO,,
2189448,-16.6302449,-69.3222231,OPENSTREETMAP_NOMINATIM,APROXIMADA_DISTRITO,https://nominatim.openstreetmap.org,Coordenada referencial del distrito HUACULLANI. No representa la ubicación exacta de la infraestructura.,COMPLETADO_APROXIMADO,,
2189488,-14.7272398,-70.3567731,OPENSTREETMAP_NOMINATIM,APROXIMADA_DISTRITO,https://nominatim.openstreetmap.org,La geocodificación automática de la localidad no superó la validación administrativa; se utiliza una coordenada referencial del distrito.,COMPLETADO_APROXIMADO,,
2302962,-16.4970626,-69.1901129,OPENSTREETMAP_NOMINATIM,APROXIMADA_DISTRITO,https://nominatim.openstreetmap.org,Coordenada referencial del distrito ZEPITA. No representa la ubicación exacta de la infraestructura.,COMPLETADO_APROXIMADO,,
2241826,-15.4490153,-69.4555221,OPENSTREETMAP_NOMINATIM,APROXIMADA_LOCALIDAD,https://nominatim.openstreetmap.org,Coordenada aproximada de la localidad 'CAMBRIA' mencionada en el nombre de la inversión; no representa necesariamente la ubicación exacta de la infraestructura.,COMPLETADO_APROXIMADO,,
2336609,-15.0596198,-69.8014014,OPENSTREETMAP_NOMINATIM,APROXIMADA_DISTRITO,https://nominatim.openstreetmap.org,La geocodificación automática de la localidad no superó la validación administrativa; se utiliza una coordenada referencial del distrito.,COMPLETADO_APROXIMADO,,
2198515,-15.0094132,-69.6825135,OPENSTREETMAP_NOMINATIM,APROXIMADA_DISTRITO,https://nominatim.openstreetmap.org,La geocodificación automática de la localidad no superó la validación administrativa; se utiliza una coordenada referencial del distrito.,COMPLETADO_APROXIMADO,,
2150132,-16.2344765,-69.6749664,OPENSTREETMAP_NOMINATIM,APROXIMADA_DISTRITO,https://nominatim.openstreetmap.org,Coordenada referencial del distrito ILAVE. No representa la ubicación exacta de la infraestructura.,COMPLETADO_APROXIMADO,,
2278724,-16.310292,-69.5021872,OPENSTREETMAP_NOMINATIM,APROXIMADA_DISTRITO,https://nominatim.openstreetmap.org,La geocodificación automática de la localidad no superó la validación administrativa; se utiliza una coordenada referencial del distrito.,COMPLETADO_APROXIMADO,,
2274657,-15.4418571,-69.9293619,OPENSTREETMAP_NOMINATIM,APROXIMADA_DISTRITO,https://nominatim.openstreetmap.org,Coordenada referencial del distrito PUSI. No representa la ubicación exacta de la infraestructura.,COMPLETADO_APROXIMADO,,
2189518,-14.7272398,-70.3567731,OPENSTREETMAP_NOMINATIM,APROXIMADA_DISTRITO,https://nominatim.openstreetmap.org,Coordenada referencial del distrito ASILLO. No representa la ubicación exacta de la infraestructura.,COMPLETADO_APROXIMADO,,
2191201,-16.4576242,-69.1399299,OPENSTREETMAP_NOMINATIM,APROXIMADA_LOCALIDAD,https://nominatim.openstreetmap.org,Coordenada aproximada de la localidad 'CHUA CHUA' mencionada en el nombre de la inversión; no representa necesariamente la ubicación exacta de la infraestructura.,COMPLETADO_APROXIMADO,,
2186040,-14.7272398,-70.3567731,OPENSTREETMAP_NOMINATIM,APROXIMADA_DISTRITO,https://nominatim.openstreetmap.org,Coordenada referencial del distrito ASILLO. No representa la ubicación exacta de la infraestructura.,COMPLETADO_APROXIMADO,,
2252384,-13.7769833,-70.3227082,OPENSTREETMAP_NOMINATIM,APROXIMADA_DISTRITO,https://nominatim.openstreetmap.org,Coordenada referencial del distrito AYAPATA. No representa la ubicación exacta de la infraestructura.,COMPLETADO_APROXIMADO,,
2275077,-14.7707724,-69.9557279,OPENSTREETMAP_NOMINATIM,APROXIMADA_DISTRITO,https://nominatim.openstreetmap.org,Coordenada referencial del distrito MUÑANI. No representa la ubicación exacta de la infraestructura.,COMPLETADO_APROXIMADO,,
2272457,-14.3774034,-70.711518,OPENSTREETMAP_NOMINATIM,APROXIMADA_DISTRITO,https://nominatim.openstreetmap.org,Coordenada referencial del distrito NUÑOA. No representa la ubicación exacta de la infraestructura.,COMPLETADO_APROXIMADO,,
2322657,-16.1076165,-70.1314352,OPENSTREETMAP_NOMINATIM,APROXIMADA_LOCALIDAD,https://nominatim.openstreetmap.org,Coordenada aproximada de la localidad 'PICHACANI' mencionada en el nombre de la inversión; no representa necesariamente la ubicación exacta de la infraestructura.,COMPLETADO_APROXIMADO,,
2274677,-14.4075369,-69.3453491,OPENSTREETMAP_NOMINATIM,APROXIMADA_LOCALIDAD,https://nominatim.openstreetmap.org,Coordenada aproximada de la localidad 'SICARI' mencionada en el nombre de la inversión; no representa necesariamente la ubicación exacta de la infraestructura.,COMPLETADO_APROXIMADO,,
2197154,-15.2344658,-69.527323,OPENSTREETMAP_NOMINATIM,APROXIMADA_DISTRITO,https://nominatim.openstreetmap.org,La geocodificación automática de la localidad no superó la validación administrativa; se utiliza una coordenada referencial del distrito.,COMPLETADO_APROXIMADO,,
2343740,-16.7616495,-69.8556014,OPENSTREETMAP_NOMINATIM,APROXIMADA_DISTRITO,https://nominatim.openstreetmap.org,Coordenada referencial del distrito SANTA ROSA. No representa la ubicación exacta de la infraestructura.,COMPLETADO_APROXIMADO,,
2307821,-14.6701654,-70.1621099,OPENSTREETMAP_NOMINATIM,APROXIMADA_DISTRITO,https://nominatim.openstreetmap.org,Coordenada referencial del distrito SAN JOSE. No representa la ubicación exacta de la infraestructura.,COMPLETADO_APROXIMADO,,
2313008,-14.448119,-70.3893536,OPENSTREETMAP_NOMINATIM,APROXIMADA_LOCALIDAD,https://nominatim.openstreetmap.org,Coordenada aproximada de la localidad 'PIRHUANI' mencionada en el nombre de la inversión; no representa necesariamente la ubicación exacta de la infraestructura.,COMPLETADO_APROXIMADO,,
2161234,-15.1059765,-69.9865962,OPENSTREETMAP_NOMINATIM,APROXIMADA_DISTRITO,https://nominatim.openstreetmap.org,Coordenada referencial del distrito CHUPA. No representa la ubicación exacta de la infraestructura.,COMPLETADO_APROXIMADO,,
2146210,-16.6336027,-69.3018083,OPENSTREETMAP_NOMINATIM,APROXIMADA_DISTRITO,https://nominatim.openstreetmap.org,Coordenada referencial del distrito CHUCUITO. No representa la ubicación exacta de la infraestructura.,COMPLETADO_APROXIMADO,,
2335302,-16.6227017,-69.7063433,OPENSTREETMAP_NOMINATIM,APROXIMADA_LOCALIDAD,https://nominatim.openstreetmap.org,Coordenada aproximada de la localidad 'CONDURIRI' mencionada en el nombre de la inversión; no representa necesariamente la ubicación exacta de la infraestructura.,COMPLETADO_APROXIMADO,,
2188775,-15.5727778,-69.9227778,OPENSTREETMAP_NOMINATIM,APROXIMADA_LOCALIDAD,https://nominatim.openstreetmap.org,Coordenada aproximada de la localidad 'COATA' mencionada en el nombre de la inversión; no representa necesariamente la ubicación exacta de la infraestructura.,COMPLETADO_APROXIMADO,,
2178303,-16.6130199,-69.0841617,OPENSTREETMAP_NOMINATIM,APROXIMADA_DISTRITO,https://nominatim.openstreetmap.org,Coordenada referencial del distrito DESAGUADERO. No representa la ubicación exacta de la infraestructura.,COMPLETADO_APROXIMADO,,
2194591,-15.0180244,-69.9040458,OPENSTREETMAP_NOMINATIM,APROXIMADA_DISTRITO,https://nominatim.openstreetmap.org,Coordenada referencial del distrito PEDRO VILCA APAZA. No representa la ubicación exacta de la infraestructura.,COMPLETADO_APROXIMADO,,
2331759,-15.1882324,-70.6597158,OPENSTREETMAP_NOMINATIM,APROXIMADA_DISTRITO,https://nominatim.openstreetmap.org,Coordenada referencial del distrito VILAVILA. No representa la ubicación exacta de la infraestructura.,COMPLETADO_APROXIMADO,,
2291774,-16.451031,-69.2466624,OPENSTREETMAP_NOMINATIM,APROXIMADA_LOCALIDAD,https://nominatim.openstreetmap.org,Coordenada aproximada de la localidad 'ALTO PATACOLLO' mencionada en el nombre de la inversión; no representa necesariamente la ubicación exacta de la infraestructura.,COMPLETADO_APROXIMADO,,
2138892,-15.1842883,-69.8235022,OPENSTREETMAP_NOMINATIM,APROXIMADA_DISTRITO,https://nominatim.openstreetmap.org,Coordenada referencial del distrito HUANCANE. No representa la ubicación exacta de la infraestructura.,COMPLETADO_APROXIMADO,,
2145469,-15.2344658,-69.527323,OPENSTREETMAP_NOMINATIM,APROXIMADA_DISTRITO,https://nominatim.openstreetmap.org,Coordenada referencial del distrito ROSASPATA. No representa la ubicación exacta de la infraestructura.,COMPLETADO_APROXIMADO,,
2279319,-13.9509178,-70.0561697,OPENSTREETMAP_NOMINATIM,APROXIMADA_LOCALIDAD,https://nominatim.openstreetmap.org,Coordenada aproximada de la localidad 'CAMPAMENTO' mencionada en el nombre de la inversión; no representa necesariamente la ubicación exacta de la infraestructura.,COMPLETADO_APROXIMADO,,
2343462,-14.8618338,-70.1503339,OPENSTREETMAP_NOMINATIM,APROXIMADA_DISTRITO,https://nominatim.openstreetmap.org,La geocodificación automática de la localidad no superó la validación administrativa; se utiliza una coordenada referencial del distrito.,COMPLETADO_APROXIMADO,,
2286575,-16.2344765,-69.6749664,OPENSTREETMAP_NOMINATIM,APROXIMADA_DISTRITO,https://nominatim.openstreetmap.org,Coordenada referencial del distrito ILAVE. No representa la ubicación exacta de la infraestructura.,COMPLETADO_APROXIMADO,,
2300861,-16.2025551,-69.6609331,OPENSTREETMAP_NOMINATIM,APROXIMADA_LOCALIDAD,https://nominatim.openstreetmap.org,Coordenada aproximada de la localidad 'JACHOCCO HUARACCO' mencionada en el nombre de la inversión; no representa necesariamente la ubicación exacta de la infraestructura.,COMPLETADO_APROXIMADO,,
2168908,-15.068859,-70.4496726,OPENSTREETMAP_NOMINATIM,APROXIMADA_DISTRITO,https://nominatim.openstreetmap.org,Coordenada referencial del distrito PUCARA. No representa la ubicación exacta de la infraestructura.,COMPLETADO_APROXIMADO,,
2189345,-16.2723754,-69.9035444,OPENSTREETMAP_NOMINATIM,APROXIMADA_DISTRITO,https://nominatim.openstreetmap.org,La geocodificación automática de la localidad no superó la validación administrativa; se utiliza una coordenada referencial del distrito.,COMPLETADO_APROXIMADO,,
2189498,-16.2723754,-69.9035444,OPENSTREETMAP_NOMINATIM,APROXIMADA_DISTRITO,https://nominatim.openstreetmap.org,Coordenada referencial del distrito ACORA. No representa la ubicación exacta de la infraestructura.,COMPLETADO_APROXIMADO,,
2187528,-15.1842883,-69.8235022,OPENSTREETMAP_NOMINATIM,APROXIMADA_DISTRITO,https://nominatim.openstreetmap.org,La geocodificación automática de la localidad no superó la validación administrativa; se utiliza una coordenada referencial del distrito.,COMPLETADO_APROXIMADO,,
2302964,-16.8152646,-69.2578742,OPENSTREETMAP_NOMINATIM,APROXIMADA_LOCALIDAD,https://nominatim.openstreetmap.org,Coordenada aproximada de la localidad 'TULACOLLO' mencionada en el nombre de la inversión; no representa necesariamente la ubicación exacta de la infraestructura.,COMPLETADO_APROXIMADO,,
2225989,-14.904858,-70.8662301,OPENSTREETMAP_NOMINATIM,APROXIMADA_DISTRITO,https://nominatim.openstreetmap.org,Coordenada referencial del distrito CUPI. No representa la ubicación exacta de la infraestructura.,COMPLETADO_APROXIMADO,,
2329841,-16.2344765,-69.6749664,OPENSTREETMAP_NOMINATIM,APROXIMADA_DISTRITO,https://nominatim.openstreetmap.org,Coordenada referencial del distrito ILAVE. No representa la ubicación exacta de la infraestructura.,COMPLETADO_APROXIMADO,,
2248161,-14.6996442,-70.4991497,OPENSTREETMAP_NOMINATIM,APROXIMADA_DISTRITO,https://nominatim.openstreetmap.org,Coordenada referencial del distrito ORURILLO. No representa la ubicación exacta de la infraestructura.,COMPLETADO_APROXIMADO,,
2255956,-16.310292,-69.5021872,OPENSTREETMAP_NOMINATIM,APROXIMADA_DISTRITO,https://nominatim.openstreetmap.org,Coordenada referencial del distrito JULI. No representa la ubicación exacta de la infraestructura.,COMPLETADO_APROXIMADO,,
2284002,-13.5396038,-70.4087141,OPENSTREETMAP_NOMINATIM,APROXIMADA_DISTRITO,https://nominatim.openstreetmap.org,La geocodificación automática de la localidad no superó la validación administrativa; se utiliza una coordenada referencial del distrito.,COMPLETADO_APROXIMADO,,
2302961,-16.3694998,-69.2947975,OPENSTREETMAP_NOMINATIM,APROXIMADA_DISTRITO,https://nominatim.openstreetmap.org,Coordenada referencial del distrito POMATA. No representa la ubicación exacta de la infraestructura.,COMPLETADO_APROXIMADO,,
2244926,-15.6420185,-69.8307928,OPENSTREETMAP_NOMINATIM,APROXIMADA_DISTRITO,https://nominatim.openstreetmap.org,Coordenada referencial del distrito CAPACHICA. No representa la ubicación exacta de la infraestructura.,COMPLETADO_APROXIMADO,,
2330331,-15.1059765,-69.9865962,OPENSTREETMAP_NOMINATIM,APROXIMADA_DISTRITO,https://nominatim.openstreetmap.org,Coordenada referencial del distrito CHUPA. No representa la ubicación exacta de la infraestructura.,COMPLETADO_APROXIMADO,,
2182598,-15.3214488,-69.341349,OPENSTREETMAP_NOMINATIM,APROXIMADA_DISTRITO,https://nominatim.openstreetmap.org,Coordenada referencial del distrito HUAYRAPATA. No representa la ubicación exacta de la infraestructura.,COMPLETADO_APROXIMADO,,
2275165,-15.7973641,-70.1868662,OPENSTREETMAP_NOMINATIM,APROXIMADA_DISTRITO,https://nominatim.openstreetmap.org,Coordenada referencial del distrito TIQUILLACA. No representa la ubicación exacta de la infraestructura.,COMPLETADO_APROXIMADO,,
2291955,-14.7707724,-69.9557279,OPENSTREETMAP_NOMINATIM,APROXIMADA_DISTRITO,https://nominatim.openstreetmap.org,Coordenada referencial del distrito MUÑANI. No representa la ubicación exacta de la infraestructura.,COMPLETADO_APROXIMADO,,
2295143,-14.6470928,-70.5795963,OPENSTREETMAP_NOMINATIM,APROXIMADA_LOCALIDAD,https://nominatim.openstreetmap.org,Coordenada aproximada de la localidad 'CAYARANI' mencionada en el nombre de la inversión; no representa necesariamente la ubicación exacta de la infraestructura.,COMPLETADO_APROXIMADO,,
2332880,-15.1842883,-69.8235022,OPENSTREETMAP_NOMINATIM,APROXIMADA_DISTRITO,https://nominatim.openstreetmap.org,Coordenada referencial del distrito HUANCANE. No representa la ubicación exacta de la infraestructura.,COMPLETADO_APROXIMADO,,
2145688,-17.0118324,-69.6312047,OPENSTREETMAP_NOMINATIM,APROXIMADA_LOCALIDAD,https://nominatim.openstreetmap.org,Coordenada aproximada de la localidad 'TUPALA' mencionada en el nombre de la inversión; no representa necesariamente la ubicación exacta de la infraestructura.,COMPLETADO_APROXIMADO,,
2186026,-16.7270638,-69.2499805,OPENSTREETMAP_NOMINATIM,APROXIMADA_DISTRITO,https://nominatim.openstreetmap.org,Coordenada referencial del distrito KELLUYO. No representa la ubicación exacta de la infraestructura.,COMPLETADO_APROXIMADO,,
2189495,-16.6302449,-69.3222231,OPENSTREETMAP_NOMINATIM,APROXIMADA_DISTRITO,https://nominatim.openstreetmap.org,Coordenada referencial del distrito HUACULLANI. No representa la ubicación exacta de la infraestructura.,COMPLETADO_APROXIMADO,,
2147702,-15.1391169,-70.1095722,OPENSTREETMAP_NOMINATIM,APROXIMADA_DISTRITO,https://nominatim.openstreetmap.org,La geocodificación automática de la localidad no superó la validación administrativa; se utiliza una coordenada referencial del distrito.,COMPLETADO_APROXIMADO,,
2317160,-15.8266778,-70.6433537,OPENSTREETMAP_NOMINATIM,APROXIMADA_DISTRITO,https://nominatim.openstreetmap.org,Coordenada referencial del distrito CABANILLAS. No representa la ubicación exacta de la infraestructura.,COMPLETADO_APROXIMADO,,
2225744,-14.4700389,-69.5369258,OPENSTREETMAP_NOMINATIM,APROXIMADA_DISTRITO,https://nominatim.openstreetmap.org,Coordenada referencial del distrito CUYOCUYO. No representa la ubicación exacta de la infraestructura.,COMPLETADO_APROXIMADO,,
2277060,-14.5196208,-70.2502627,OPENSTREETMAP_NOMINATIM,APROXIMADA_DISTRITO,https://nominatim.openstreetmap.org,Coordenada referencial del distrito SAN ANTON. No representa la ubicación exacta de la infraestructura.,COMPLETADO_APROXIMADO,,
2276287,-14.5769082,-70.9214726,OPENSTREETMAP_NOMINATIM,APROXIMADA_LOCALIDAD,https://nominatim.openstreetmap.org,Coordenada aproximada de la localidad 'HUAMACUNCA' mencionada en el nombre de la inversión; no representa necesariamente la ubicación exacta de la infraestructura.,COMPLETADO_APROXIMADO,,
2195473,-15.27355,-69.4450633,OPENSTREETMAP_NOMINATIM,APROXIMADA_LOCALIDAD,https://nominatim.openstreetmap.org,Coordenada aproximada de la localidad 'QUELLAHUYO POMAOCA' mencionada en el nombre de la inversión; no representa necesariamente la ubicación exacta de la infraestructura.,COMPLETADO_APROXIMADO,,
2331661,-15.4932314,-70.1356177,OPENSTREETMAP_NOMINATIM,APROXIMADA_DISTRITO,https://nominatim.openstreetmap.org,Coordenada referencial del distrito JULIACA. No representa la ubicación exacta de la infraestructura.,COMPLETADO_APROXIMADO,,
2192849,-15.6203163,-70.345873,OPENSTREETMAP_NOMINATIM,APROXIMADA_DISTRITO,https://nominatim.openstreetmap.org,Coordenada referencial del distrito CABANILLA. No representa la ubicación exacta de la infraestructura.,COMPLETADO_APROXIMADO,,
2134541,-15.1059765,-69.9865962,OPENSTREETMAP_NOMINATIM,APROXIMADA_DISTRITO,https://nominatim.openstreetmap.org,Coordenada referencial del distrito CHUPA. No representa la ubicación exacta de la infraestructura.,COMPLETADO_APROXIMADO,,
2236933,-14.3611964,-70.0234904,OPENSTREETMAP_NOMINATIM,APROXIMADA_LOCALIDAD,https://nominatim.openstreetmap.org,Coordenada aproximada de la localidad 'CRUCERO' mencionada en el nombre de la inversión; no representa necesariamente la ubicación exacta de la infraestructura.,COMPLETADO_APROXIMADO,,
2303193,-14.3774034,-70.711518,OPENSTREETMAP_NOMINATIM,APROXIMADA_DISTRITO,https://nominatim.openstreetmap.org,Coordenada referencial del distrito NUÑOA. No representa la ubicación exacta de la infraestructura.,COMPLETADO_APROXIMADO,,
2240633,-16.0936914,-70.3224035,OPENSTREETMAP_NOMINATIM,APROXIMADA_DISTRITO,https://nominatim.openstreetmap.org,Coordenada referencial del distrito SAN ANTONIO. No representa la ubicación exacta de la infraestructura.,COMPLETADO_APROXIMADO,,
2236156,-15.8407499,-70.0284053,OPENSTREETMAP_NOMINATIM,APROXIMADA_DISTRITO,https://nominatim.openstreetmap.org,Coordenada referencial del distrito PUNO. No representa la ubicación exacta de la infraestructura.,COMPLETADO_APROXIMADO,,
2279322,-15.8787471,-69.9751057,OPENSTREETMAP_NOMINATIM,APROXIMADA_LOCALIDAD,https://nominatim.openstreetmap.org,Coordenada aproximada de la localidad 'JAYLLIHUAYA' mencionada en el nombre de la inversión; no representa necesariamente la ubicación exacta de la infraestructura.,COMPLETADO_APROXIMADO,,
2236439,-15.584065,-70.6162631,OPENSTREETMAP_NOMINATIM,APROXIMADA_DISTRITO,https://nominatim.openstreetmap.org,Coordenada referencial del distrito SANTA LUCIA. No representa la ubicación exacta de la infraestructura.,COMPLETADO_APROXIMADO,,
2189483,-16.4970626,-69.1901129,OPENSTREETMAP_NOMINATIM,APROXIMADA_DISTRITO,https://nominatim.openstreetmap.org,Coordenada referencial del distrito ZEPITA. No representa la ubicación exacta de la infraestructura.,COMPLETADO_APROXIMADO,,
2325159,-15.9479698,-69.8328681,OPENSTREETMAP_NOMINATIM,APROXIMADA_DISTRITO,https://nominatim.openstreetmap.org,Coordenada referencial del distrito PLATERIA. No representa la ubicación exacta de la infraestructura.,COMPLETADO_APROXIMADO,,
2290908,-14.9212976,-69.6797765,OPENSTREETMAP_NOMINATIM,APROXIMADA_LOCALIDAD,https://nominatim.openstreetmap.org,Coordenada aproximada de la localidad 'COMBUCO' mencionada en el nombre de la inversión; no representa necesariamente la ubicación exacta de la infraestructura.,COMPLETADO_APROXIMADO,,
2220489,-16.2344765,-69.6749664,OPENSTREETMAP_NOMINATIM,APROXIMADA_DISTRITO,https://nominatim.openstreetmap.org,Coordenada referencial del distrito ILAVE. No representa la ubicación exacta de la infraestructura.,COMPLETADO_APROXIMADO,,
2239707,-15.3145583,-69.4928706,OPENSTREETMAP_NOMINATIM,APROXIMADA_LOCALIDAD,https://nominatim.openstreetmap.org,Coordenada aproximada de la localidad 'MALLCUSUCA CENTRAL' mencionada en el nombre de la inversión; no representa necesariamente la ubicación exacta de la infraestructura.,COMPLETADO_APROXIMADO,,
2168904,-15.0094132,-69.6825135,OPENSTREETMAP_NOMINATIM,APROXIMADA_DISTRITO,https://nominatim.openstreetmap.org,La geocodificación automática de la localidad no superó la validación administrativa; se utiliza una coordenada referencial del distrito.,COMPLETADO_APROXIMADO,,
2202942,-15.2363854,-70.5974936,OPENSTREETMAP_NOMINATIM,APROXIMADA_DISTRITO,https://nominatim.openstreetmap.org,Coordenada referencial del distrito PALCA. No representa la ubicación exacta de la infraestructura.,COMPLETADO_APROXIMADO,,
2307401,-14.7708759,-70.9025677,OPENSTREETMAP_NOMINATIM,APROXIMADA_DISTRITO,https://nominatim.openstreetmap.org,Coordenada referencial del distrito MACARI. No representa la ubicación exacta de la infraestructura.,COMPLETADO_APROXIMADO,,
2303556,-15.725087,-70.0737002,OPENSTREETMAP_NOMINATIM,APROXIMADA_DISTRITO,https://nominatim.openstreetmap.org,Coordenada referencial del distrito PAUCARCOLLA. No representa la ubicación exacta de la infraestructura.,COMPLETADO_APROXIMADO,,
2286380,-13.9847,-68.9717,OPENSTREETMAP_NOMINATIM,APROXIMADA_LOCALIDAD,https://nominatim.openstreetmap.org,Coordenada aproximada de la localidad 'SAN MIGUEL DE PAMPA GRANDE' mencionada en el nombre de la inversión; no representa necesariamente la ubicación exacta de la infraestructura.,COMPLETADO_APROXIMADO,,
2168916,-15.0094132,-69.6825135,OPENSTREETMAP_NOMINATIM,APROXIMADA_DISTRITO,https://nominatim.openstreetmap.org,Coordenada referencial del distrito INCHUPALLA. No representa la ubicación exacta de la infraestructura.,COMPLETADO_APROXIMADO,,
2293521,-14.3146162,-69.4495868,OPENSTREETMAP_NOMINATIM,APROXIMADA_LOCALIDAD,https://nominatim.openstreetmap.org,Coordenada aproximada de la localidad 'AMOYO' mencionada en el nombre de la inversión; no representa necesariamente la ubicación exacta de la infraestructura.,COMPLETADO_APROXIMADO,,
2364961,-15.8407499,-70.0284053,OPENSTREETMAP_NOMINATIM,APROXIMADA_DISTRITO,https://nominatim.openstreetmap.org,Coordenada referencial del distrito PUNO. No representa la ubicación exacta de la infraestructura.,COMPLETADO_APROXIMADO,,
2187530,-15.1842883,-69.8235022,OPENSTREETMAP_NOMINATIM,APROXIMADA_DISTRITO,https://nominatim.openstreetmap.org,Coordenada referencial del distrito HUANCANE. No representa la ubicación exacta de la infraestructura.,COMPLETADO_APROXIMADO,,
2186045,-16.2723754,-69.9035444,OPENSTREETMAP_NOMINATIM,APROXIMADA_DISTRITO,https://nominatim.openstreetmap.org,Coordenada referencial del distrito ACORA. No representa la ubicación exacta de la infraestructura.,COMPLETADO_APROXIMADO,,
2321190,-15.1391169,-70.1095722,OPENSTREETMAP_NOMINATIM,APROXIMADA_DISTRITO,https://nominatim.openstreetmap.org,La geocodificación automática de la localidad no superó la validación administrativa; se utiliza una coordenada referencial del distrito.,COMPLETADO_APROXIMADO,,
2278056,-14.7272398,-70.3567731,OPENSTREETMAP_NOMINATIM,APROXIMADA_DISTRITO,https://nominatim.openstreetmap.org,Coordenada referencial del distrito ASILLO. No representa la ubicación exacta de la infraestructura.,COMPLETADO_APROXIMADO,,
2221039,-15.0151528,-69.3652199,OPENSTREETMAP_NOMINATIM,APROXIMADA_DISTRITO,https://nominatim.openstreetmap.org,Coordenada referencial del distrito COJATA. No representa la ubicación exacta de la infraestructura.,COMPLETADO_APROXIMADO,,
2244529,-14.3508047,-69.9293371,OPENSTREETMAP_NOMINATIM,APROXIMADA_DISTRITO,https://nominatim.openstreetmap.org,Coordenada referencial del distrito CRUCERO. No representa la ubicación exacta de la infraestructura.,COMPLETADO_APROXIMADO,,
2300989,-14.7723419,-70.9036724,OPENSTREETMAP_NOMINATIM,APROXIMADA_LOCALIDAD,https://nominatim.openstreetmap.org,Coordenada aproximada de la localidad 'MACARI' mencionada en el nombre de la inversión; no representa necesariamente la ubicación exacta de la infraestructura.,COMPLETADO_APROXIMADO,,
2267138,-15.2915175,-70.0171834,OPENSTREETMAP_NOMINATIM,APROXIMADA_DISTRITO,https://nominatim.openstreetmap.org,Coordenada referencial del distrito SAMAN. No representa la ubicación exacta de la infraestructura.,COMPLETADO_APROXIMADO,,
2355621,-14.6701654,-70.1621099,OPENSTREETMAP_NOMINATIM,APROXIMADA_DISTRITO,https://nominatim.openstreetmap.org,La geocodificación automática de la localidad no superó la validación administrativa; se utiliza una coordenada referencial del distrito.,COMPLETADO_APROXIMADO,,
2174566,-16.2344765,-69.6749664,OPENSTREETMAP_NOMINATIM,APROXIMADA_DISTRITO,https://nominatim.openstreetmap.org,La geocodificación automática de la localidad no superó la validación administrativa; se utiliza una coordenada referencial del distrito.,COMPLETADO_APROXIMADO,,
2226012,-15.4418571,-69.9293619,OPENSTREETMAP_NOMINATIM,APROXIMADA_DISTRITO,https://nominatim.openstreetmap.org,La geocodificación automática de la localidad no superó la validación administrativa; se utiliza una coordenada referencial del distrito.,COMPLETADO_APROXIMADO,,
2217406,-15.3427491,-69.4925674,OPENSTREETMAP_NOMINATIM,APROXIMADA_DISTRITO,https://nominatim.openstreetmap.org,Coordenada referencial del distrito MOHO. No representa la ubicación exacta de la infraestructura.,COMPLETADO_APROXIMADO,,
2310519,-14.9477752,-70.8803183,OPENSTREETMAP_NOMINATIM,APROXIMADA_DISTRITO,https://nominatim.openstreetmap.org,Coordenada referencial del distrito LLALLI. No representa la ubicación exacta de la infraestructura.,COMPLETADO_APROXIMADO,,
2276883,-14.9477752,-70.8803183,OPENSTREETMAP_NOMINATIM,APROXIMADA_DISTRITO,https://nominatim.openstreetmap.org,Coordenada referencial del distrito LLALLI. No representa la ubicación exacta de la infraestructura.,COMPLETADO_APROXIMADO,,
2173594,-15.1997426,-69.769441,OPENSTREETMAP_NOMINATIM,APROXIMADA_LOCALIDAD,https://nominatim.openstreetmap.org,Coordenada aproximada de la localidad 'HUANCANE' mencionada en el nombre de la inversión; no representa necesariamente la ubicación exacta de la infraestructura.,COMPLETADO_APROXIMADO,,
2180810,-16.310292,-69.5021872,OPENSTREETMAP_NOMINATIM,APROXIMADA_DISTRITO,https://nominatim.openstreetmap.org,Coordenada referencial del distrito JULI. No representa la ubicación exacta de la infraestructura.,COMPLETADO_APROXIMADO,,
2182827,-15.3427491,-69.4925674,OPENSTREETMAP_NOMINATIM,APROXIMADA_DISTRITO,https://nominatim.openstreetmap.org,Coordenada referencial del distrito MOHO. No representa la ubicación exacta de la infraestructura.,COMPLETADO_APROXIMADO,,
2307910,-15.1059765,-69.9865962,OPENSTREETMAP_NOMINATIM,APROXIMADA_DISTRITO,https://nominatim.openstreetmap.org,Coordenada referencial del distrito CHUPA. No representa la ubicación exacta de la infraestructura.,COMPLETADO_APROXIMADO,,
2189449,-16.4970626,-69.1901129,OPENSTREETMAP_NOMINATIM,APROXIMADA_DISTRITO,https://nominatim.openstreetmap.org,Coordenada referencial del distrito ZEPITA. No representa la ubicación exacta de la infraestructura.,COMPLETADO_APROXIMADO,,
2353535,-14.6701654,-70.1621099,OPENSTREETMAP_NOMINATIM,APROXIMADA_DISTRITO,https://nominatim.openstreetmap.org,La geocodificación automática de la localidad no superó la validación administrativa; se utiliza una coordenada referencial del distrito.,COMPLETADO_APROXIMADO,,
2241096,-13.9209738,-70.5149448,OPENSTREETMAP_NOMINATIM,APROXIMADA_LOCALIDAD,https://nominatim.openstreetmap.org,Coordenada aproximada de la localidad 'TANTAMACO' mencionada en el nombre de la inversión; no representa necesariamente la ubicación exacta de la infraestructura.,COMPLETADO_APROXIMADO,,
2283136,-14.3669,-69.455,OPENSTREETMAP_NOMINATIM,APROXIMADA_LOCALIDAD,https://nominatim.openstreetmap.org,Coordenada aproximada de la localidad 'SUARA' mencionada en el nombre de la inversión; no representa necesariamente la ubicación exacta de la infraestructura.,COMPLETADO_APROXIMADO,,
2274713,-15.453907,-70.5993792,OPENSTREETMAP_NOMINATIM,APROXIMADA_DISTRITO,https://nominatim.openstreetmap.org,Coordenada referencial del distrito PARATIA. No representa la ubicación exacta de la infraestructura.,COMPLETADO_APROXIMADO,,
2189337,-16.4970626,-69.1901129,OPENSTREETMAP_NOMINATIM,APROXIMADA_DISTRITO,https://nominatim.openstreetmap.org,Coordenada referencial del distrito ZEPITA. No representa la ubicación exacta de la infraestructura.,COMPLETADO_APROXIMADO,,
2189457,-16.2932991,-69.2331917,OPENSTREETMAP_NOMINATIM,APROXIMADA_LOCALIDAD,https://nominatim.openstreetmap.org,Coordenada aproximada de la localidad 'CHATUMA' mencionada en el nombre de la inversión; no representa necesariamente la ubicación exacta de la infraestructura.,COMPLETADO_APROXIMADO,,
2148859,-15.2978079,-69.9783213,OPENSTREETMAP_NOMINATIM,APROXIMADA_DISTRITO,https://nominatim.openstreetmap.org,La geocodificación automática de la localidad no superó la validación administrativa; se utiliza una coordenada referencial del distrito.,COMPLETADO_APROXIMADO,,
2173712,-16.4971752,-69.1032019,OPENSTREETMAP_NOMINATIM,APROXIMADA_LOCALIDAD,https://nominatim.openstreetmap.org,Coordenada aproximada de la localidad 'ZEPITA' mencionada en el nombre de la inversión; no representa necesariamente la ubicación exacta de la infraestructura.,COMPLETADO_APROXIMADO,,
2275106,-16.2344765,-69.6749664,OPENSTREETMAP_NOMINATIM,APROXIMADA_DISTRITO,https://nominatim.openstreetmap.org,Coordenada referencial del distrito ILAVE. No representa la ubicación exacta de la infraestructura.,COMPLETADO_APROXIMADO,,
2168927,-15.068859,-70.4496726,OPENSTREETMAP_NOMINATIM,APROXIMADA_DISTRITO,https://nominatim.openstreetmap.org,La geocodificación automática de la localidad no superó la validación administrativa; se utiliza una coordenada referencial del distrito.,COMPLETADO_APROXIMADO,,
2189450,-16.4970626,-69.1901129,OPENSTREETMAP_NOMINATIM,APROXIMADA_DISTRITO,https://nominatim.openstreetmap.org,Coordenada referencial del distrito ZEPITA. No representa la ubicación exacta de la infraestructura.,COMPLETADO_APROXIMADO,,
2171246,-16.2723754,-69.9035444,OPENSTREETMAP_NOMINATIM,APROXIMADA_DISTRITO,https://nominatim.openstreetmap.org,Coordenada referencial del distrito ACORA. No representa la ubicación exacta de la infraestructura.,COMPLETADO_APROXIMADO,,
2189446,-16.6302449,-69.3222231,OPENSTREETMAP_NOMINATIM,APROXIMADA_DISTRITO,https://nominatim.openstreetmap.org,Coordenada referencial del distrito HUACULLANI. No representa la ubicación exacta de la infraestructura.,COMPLETADO_APROXIMADO,,
2103979,-16.7277832,-69.2493782,OPENSTREETMAP_NOMINATIM,APROXIMADA_LOCALIDAD,https://nominatim.openstreetmap.org,Coordenada aproximada de la localidad 'KELLUYO' mencionada en el nombre de la inversión; no representa necesariamente la ubicación exacta de la infraestructura.,COMPLETADO_APROXIMADO,,
2180946,-16.3137957,-68.8528908,OPENSTREETMAP_NOMINATIM,APROXIMADA_DISTRITO,https://nominatim.openstreetmap.org,Coordenada referencial del distrito ANAPIA. No representa la ubicación exacta de la infraestructura.,COMPLETADO_APROXIMADO,,
2220466,-14.6784404,-69.5352298,OPENSTREETMAP_NOMINATIM,APROXIMADA_DISTRITO,https://nominatim.openstreetmap.org,Coordenada referencial del distrito ANANEA. No representa la ubicación exacta de la infraestructura.,COMPLETADO_APROXIMADO,,
2197315,-16.9081006,-69.3713066,OPENSTREETMAP_NOMINATIM,APROXIMADA_DISTRITO,https://nominatim.openstreetmap.org,Coordenada referencial del distrito PISACOMA. No representa la ubicación exacta de la infraestructura.,COMPLETADO_APROXIMADO,,
2238785,-15.2915175,-70.0171834,OPENSTREETMAP_NOMINATIM,APROXIMADA_DISTRITO,https://nominatim.openstreetmap.org,Coordenada referencial del distrito SAMAN. No representa la ubicación exacta de la infraestructura.,COMPLETADO_APROXIMADO,,
2287878,-16.3974869,-69.0433758,OPENSTREETMAP_NOMINATIM,APROXIMADA_LOCALIDAD,https://nominatim.openstreetmap.org,Coordenada aproximada de la localidad 'COPANI' mencionada en el nombre de la inversión; no representa necesariamente la ubicación exacta de la infraestructura.,COMPLETADO_APROXIMADO,,
2302259,-15.8256543,-70.0105713,OPENSTREETMAP_NOMINATIM,APROXIMADA_LOCALIDAD,https://nominatim.openstreetmap.org,Coordenada aproximada de la localidad 'TURISTICO UROS CHULLUNI' mencionada en el nombre de la inversión; no representa necesariamente la ubicación exacta de la infraestructura.,COMPLETADO_APROXIMADO,,
2199142,-16.2619707,-69.0349954,OPENSTREETMAP_NOMINATIM,APROXIMADA_LOCALIDAD,https://nominatim.openstreetmap.org,Coordenada aproximada de la localidad 'PAJANA SAN AGUSTIN' mencionada en el nombre de la inversión; no representa necesariamente la ubicación exacta de la infraestructura.,COMPLETADO_APROXIMADO,,
2276070,-14.3466582,-69.4792772,OPENSTREETMAP_NOMINATIM,APROXIMADA_LOCALIDAD,https://nominatim.openstreetmap.org,Coordenada aproximada de la localidad 'APABUCO' mencionada en el nombre de la inversión; no representa necesariamente la ubicación exacta de la infraestructura.,COMPLETADO_APROXIMADO,,
2189333,-16.2723754,-69.9035444,OPENSTREETMAP_NOMINATIM,APROXIMADA_DISTRITO,https://nominatim.openstreetmap.org,La geocodificación automática de la localidad no superó la validación administrativa; se utiliza una coordenada referencial del distrito.,COMPLETADO_APROXIMADO,,
2336732,-14.5196208,-70.2502627,OPENSTREETMAP_NOMINATIM,APROXIMADA_DISTRITO,https://nominatim.openstreetmap.org,Coordenada referencial del distrito SAN ANTON. No representa la ubicación exacta de la infraestructura.,COMPLETADO_APROXIMADO,,
2199131,-14.607427,-70.7874774,OPENSTREETMAP_NOMINATIM,APROXIMADA_DISTRITO,https://nominatim.openstreetmap.org,Coordenada referencial del distrito SANTA ROSA. No representa la ubicación exacta de la infraestructura.,COMPLETADO_APROXIMADO,,
2283660,-14.1153454,-69.0085414,OPENSTREETMAP_NOMINATIM,APROXIMADA_LOCALIDAD,https://nominatim.openstreetmap.org,Coordenada aproximada de la localidad 'SAN BENIGNO' mencionada en el nombre de la inversión; no representa necesariamente la ubicación exacta de la infraestructura.,COMPLETADO_APROXIMADO,,
2307947,-15.765821,-70.2586427,OPENSTREETMAP_NOMINATIM,APROXIMADA_DISTRITO,https://nominatim.openstreetmap.org,Coordenada referencial del distrito VILQUE. No representa la ubicación exacta de la infraestructura.,COMPLETADO_APROXIMADO,,
2248818,-15.1842883,-69.8235022,OPENSTREETMAP_NOMINATIM,APROXIMADA_DISTRITO,https://nominatim.openstreetmap.org,Coordenada referencial del distrito HUANCANE. No representa la ubicación exacta de la infraestructura.,COMPLETADO_APROXIMADO,,
2101905,-15.4932314,-70.1356177,OPENSTREETMAP_NOMINATIM,APROXIMADA_DISTRITO,https://nominatim.openstreetmap.org,Coordenada referencial del distrito JULIACA. No representa la ubicación exacta de la infraestructura.,COMPLETADO_APROXIMADO,,
2276132,-14.3113672,-69.4353423,OPENSTREETMAP_NOMINATIM,APROXIMADA_DISTRITO,https://nominatim.openstreetmap.org,Coordenada referencial del distrito SANDIA. No representa la ubicación exacta de la infraestructura.,COMPLETADO_APROXIMADO,,
2299423,-16.5654607,-69.320839,OPENSTREETMAP_NOMINATIM,APROXIMADA_LOCALIDAD,https://nominatim.openstreetmap.org,Coordenada aproximada de la localidad 'YOROHOCO' mencionada en el nombre de la inversión; no representa necesariamente la ubicación exacta de la infraestructura.,COMPLETADO_APROXIMADO,,
2191199,-16.2723754,-69.9035444,OPENSTREETMAP_NOMINATIM,APROXIMADA_DISTRITO,https://nominatim.openstreetmap.org,La geocodificación automática de la localidad no superó la validación administrativa; se utiliza una coordenada referencial del distrito.,COMPLETADO_APROXIMADO,,
2189453,-16.3694998,-69.2947975,OPENSTREETMAP_NOMINATIM,APROXIMADA_DISTRITO,https://nominatim.openstreetmap.org,Coordenada referencial del distrito POMATA. No representa la ubicación exacta de la infraestructura.,COMPLETADO_APROXIMADO,,
2310847,-16.4970626,-69.1901129,OPENSTREETMAP_NOMINATIM,APROXIMADA_DISTRITO,https://nominatim.openstreetmap.org,Coordenada referencial del distrito ZEPITA. No representa la ubicación exacta de la infraestructura.,COMPLETADO_APROXIMADO,,
2330351,-16.6999873,-69.3219007,OPENSTREETMAP_NOMINATIM,APROXIMADA_LOCALIDAD,https://nominatim.openstreetmap.org,Coordenada aproximada de la localidad 'DE COTOHOCO' mencionada en el nombre de la inversión; no representa necesariamente la ubicación exacta de la infraestructura.,COMPLETADO_APROXIMADO,,
2281956,-14.7272398,-70.3567731,OPENSTREETMAP_NOMINATIM,APROXIMADA_DISTRITO,https://nominatim.openstreetmap.org,La geocodificación automática de la localidad no superó la validación administrativa; se utiliza una coordenada referencial del distrito.,COMPLETADO_APROXIMADO,,
2244930,-15.7229167,-69.783934,OPENSTREETMAP_NOMINATIM,APROXIMADA_LOCALIDAD,https://nominatim.openstreetmap.org,Coordenada aproximada de la localidad 'LLACHON' mencionada en el nombre de la inversión; no representa necesariamente la ubicación exacta de la infraestructura.,COMPLETADO_APROXIMADO,,
2225512,-14.5344764,-69.2835194,OPENSTREETMAP_NOMINATIM,APROXIMADA_LOCALIDAD,https://nominatim.openstreetmap.org,Coordenada aproximada de la localidad 'POTONI' mencionada en el nombre de la inversión; no representa necesariamente la ubicación exacta de la infraestructura.,COMPLETADO_APROXIMADO,,
2308929,-14.4222714,-69.3450165,OPENSTREETMAP_NOMINATIM,APROXIMADA_DISTRITO,https://nominatim.openstreetmap.org,Coordenada referencial del distrito QUIACA. No representa la ubicación exacta de la infraestructura.,COMPLETADO_APROXIMADO,,
2151063,-14.8819919,-69.6955272,OPENSTREETMAP_NOMINATIM,APROXIMADA_LOCALIDAD,https://nominatim.openstreetmap.org,Coordenada aproximada de la localidad 'BUENOS AIRES' mencionada en el nombre de la inversión; no representa necesariamente la ubicación exacta de la infraestructura.,COMPLETADO_APROXIMADO,,
2309357,-16.2344765,-69.6749664,OPENSTREETMAP_NOMINATIM,APROXIMADA_DISTRITO,https://nominatim.openstreetmap.org,Coordenada referencial del distrito ILAVE. No representa la ubicación exacta de la infraestructura.,COMPLETADO_APROXIMADO,,
2308522,-16.2344765,-69.6749664,OPENSTREETMAP_NOMINATIM,APROXIMADA_DISTRITO,https://nominatim.openstreetmap.org,Coordenada referencial del distrito ILAVE. No representa la ubicación exacta de la infraestructura.,COMPLETADO_APROXIMADO,,
2190201,-14.0571718,-70.4569633,OPENSTREETMAP_NOMINATIM,APROXIMADA_DISTRITO,https://nominatim.openstreetmap.org,Coordenada referencial del distrito MACUSANI. No representa la ubicación exacta de la infraestructura.,COMPLETADO_APROXIMADO,,
2187650,-16.2779543,-69.1199036,OPENSTREETMAP_NOMINATIM,APROXIMADA_DISTRITO,https://nominatim.openstreetmap.org,Coordenada referencial del distrito YUNGUYO. No representa la ubicación exacta de la infraestructura.,COMPLETADO_APROXIMADO,,
2168919,-16.4416539,-69.6477302,OPENSTREETMAP_NOMINATIM,APROXIMADA_LOCALIDAD,https://nominatim.openstreetmap.org,Coordenada aproximada de la localidad 'SAN JUAN DE YARIHUANI' mencionada en el nombre de la inversión; no representa necesariamente la ubicación exacta de la infraestructura.,COMPLETADO_APROXIMADO,,
2191605,-16.4576242,-69.1399299,OPENSTREETMAP_NOMINATIM,APROXIMADA_LOCALIDAD,https://nominatim.openstreetmap.org,Coordenada aproximada de la localidad 'CHUA CHUA' mencionada en el nombre de la inversión; no representa necesariamente la ubicación exacta de la infraestructura.,COMPLETADO_APROXIMADO,,
2183865,-16.2723754,-69.9035444,OPENSTREETMAP_NOMINATIM,APROXIMADA_DISTRITO,https://nominatim.openstreetmap.org,La geocodificación automática de la localidad no superó la validación administrativa; se utiliza una coordenada referencial del distrito.,COMPLETADO_APROXIMADO,,
2189454,-16.3891858,-69.2127455,OPENSTREETMAP_NOMINATIM,APROXIMADA_LOCALIDAD,https://nominatim.openstreetmap.org,Coordenada aproximada de la localidad 'TAMBILLO' mencionada en el nombre de la inversión; no representa necesariamente la ubicación exacta de la infraestructura.,COMPLETADO_APROXIMADO,,
2191606,-16.4970626,-69.1901129,OPENSTREETMAP_NOMINATIM,APROXIMADA_DISTRITO,https://nominatim.openstreetmap.org,Coordenada referencial del distrito ZEPITA. No representa la ubicación exacta de la infraestructura.,COMPLETADO_APROXIMADO,,
2239672,-14.6784404,-69.5352298,OPENSTREETMAP_NOMINATIM,APROXIMADA_DISTRITO,https://nominatim.openstreetmap.org,Coordenada referencial del distrito ANANEA. No representa la ubicación exacta de la infraestructura.,COMPLETADO_APROXIMADO,,
2054245,-15.3377711,-70.3990299,OPENSTREETMAP_NOMINATIM,APROXIMADA_DISTRITO,https://nominatim.openstreetmap.org,Coordenada referencial del distrito LAMPA. No representa la ubicación exacta de la infraestructura.,COMPLETADO_APROXIMADO,,
2343044,-14.7211647,-69.7975441,OPENSTREETMAP_NOMINATIM,APROXIMADA_DISTRITO,https://nominatim.openstreetmap.org,Coordenada referencial del distrito PUTINA. No representa la ubicación exacta de la infraestructura.,COMPLETADO_APROXIMADO,,
2301262,-16.3239023,-69.0531051,OPENSTREETMAP_NOMINATIM,APROXIMADA_LOCALIDAD,https://nominatim.openstreetmap.org,Coordenada aproximada de la localidad 'SANQUIRA' mencionada en el nombre de la inversión; no representa necesariamente la ubicación exacta de la infraestructura.,COMPLETADO_APROXIMADO,,
2189486,-16.3694998,-69.2947975,OPENSTREETMAP_NOMINATIM,APROXIMADA_DISTRITO,https://nominatim.openstreetmap.org,Coordenada referencial del distrito POMATA. No representa la ubicación exacta de la infraestructura.,COMPLETADO_APROXIMADO,,
2189482,-16.3694998,-69.2947975,OPENSTREETMAP_NOMINATIM,APROXIMADA_DISTRITO,https://nominatim.openstreetmap.org,Coordenada referencial del distrito POMATA. No representa la ubicación exacta de la infraestructura.,COMPLETADO_APROXIMADO,,
2189346,-15.1842883,-69.8235022,OPENSTREETMAP_NOMINATIM,APROXIMADA_DISTRITO,https://nominatim.openstreetmap.org,La geocodificación automática de la localidad no superó la validación administrativa; se utiliza una coordenada referencial del distrito.,COMPLETADO_APROXIMADO,,
2030691,-15.4932314,-70.1356177,OPENSTREETMAP_NOMINATIM,APROXIMADA_DISTRITO,https://nominatim.openstreetmap.org,Coordenada referencial del distrito JULIACA. No representa la ubicación exacta de la infraestructura.,COMPLETADO_APROXIMADO,,
2300882,-15.6420185,-69.8307928,OPENSTREETMAP_NOMINATIM,APROXIMADA_DISTRITO,https://nominatim.openstreetmap.org,Coordenada referencial del distrito CAPACHICA. No representa la ubicación exacta de la infraestructura.,COMPLETADO_APROXIMADO,,
2110966,-16.9081006,-69.3713066,OPENSTREETMAP_NOMINATIM,APROXIMADA_DISTRITO,https://nominatim.openstreetmap.org,Coordenada referencial del distrito PISACOMA. No representa la ubicación exacta de la infraestructura.,COMPLETADO_APROXIMADO,,
2215707,-16.4322725,-69.2697705,OPENSTREETMAP_NOMINATIM,APROXIMADA_LOCALIDAD,https://nominatim.openstreetmap.org,Coordenada aproximada de la localidad 'HUAPACA SAN MIGUEL' mencionada en el nombre de la inversión; no representa necesariamente la ubicación exacta de la infraestructura.,COMPLETADO_APROXIMADO,,
2301221,-16.7616495,-69.8556014,OPENSTREETMAP_NOMINATIM,APROXIMADA_DISTRITO,https://nominatim.openstreetmap.org,Coordenada referencial del distrito SANTA ROSA. No representa la ubicación exacta de la infraestructura.,COMPLETADO_APROXIMADO,,
2314109,-14.220967,-69.1537388,OPENSTREETMAP_NOMINATIM,APROXIMADA_DISTRITO,https://nominatim.openstreetmap.org,Coordenada referencial del distrito SAN JUAN DEL ORO. No representa la ubicación exacta de la infraestructura.,COMPLETADO_APROXIMADO,,
2146426,-14.9548166,-70.403177,OPENSTREETMAP_NOMINATIM,APROXIMADA_DISTRITO,https://nominatim.openstreetmap.org,Coordenada referencial del distrito TIRAPATA. No representa la ubicación exacta de la infraestructura.,COMPLETADO_APROXIMADO,,
2310158,-16.4970626,-69.1901129,OPENSTREETMAP_NOMINATIM,APROXIMADA_DISTRITO,https://nominatim.openstreetmap.org,Coordenada referencial del distrito ZEPITA. No representa la ubicación exacta de la infraestructura.,COMPLETADO_APROXIMADO,,
2037260,-16.2344765,-69.6749664,OPENSTREETMAP_NOMINATIM,APROXIMADA_DISTRITO,https://nominatim.openstreetmap.org,Coordenada referencial del distrito ILAVE. No representa la ubicación exacta de la infraestructura.,COMPLETADO_APROXIMADO,,
2150129,-16.2344765,-69.6749664,OPENSTREETMAP_NOMINATIM,APROXIMADA_DISTRITO,https://nominatim.openstreetmap.org,Coordenada referencial del distrito ILAVE. No representa la ubicación exacta de la infraestructura.,COMPLETADO_APROXIMADO,,
2158238,-14.6636363,-70.4268663,OPENSTREETMAP_NOMINATIM,APROXIMADA_LOCALIDAD,https://nominatim.openstreetmap.org,Coordenada aproximada de la localidad 'DE  CHOQUESANI' mencionada en el nombre de la inversión; no representa necesariamente la ubicación exacta de la infraestructura.,COMPLETADO_APROXIMADO,,
2283532,-16.3694998,-69.2947975,OPENSTREETMAP_NOMINATIM,APROXIMADA_DISTRITO,https://nominatim.openstreetmap.org,Coordenada referencial del distrito POMATA. No representa la ubicación exacta de la infraestructura.,COMPLETADO_APROXIMADO,,
2182800,-16.310292,-69.5021872,OPENSTREETMAP_NOMINATIM,APROXIMADA_DISTRITO,https://nominatim.openstreetmap.org,Coordenada referencial del distrito JULI. No representa la ubicación exacta de la infraestructura.,COMPLETADO_APROXIMADO,,
2260811,-15.0596198,-69.8014014,OPENSTREETMAP_NOMINATIM,APROXIMADA_DISTRITO,https://nominatim.openstreetmap.org,La geocodificación automática de la localidad no superó la validación administrativa; se utiliza una coordenada referencial del distrito.,COMPLETADO_APROXIMADO,,
2187526,-14.7272398,-70.3567731,OPENSTREETMAP_NOMINATIM,APROXIMADA_DISTRITO,https://nominatim.openstreetmap.org,Coordenada referencial del distrito ASILLO. No representa la ubicación exacta de la infraestructura.,COMPLETADO_APROXIMADO,,
2273938,-14.6883132,-70.4767927,OPENSTREETMAP_NOMINATIM,APROXIMADA_LOCALIDAD,https://nominatim.openstreetmap.org,Coordenada aproximada de la localidad 'DE CUCHUPUJIO' mencionada en el nombre de la inversión; no representa necesariamente la ubicación exacta de la infraestructura.,COMPLETADO_APROXIMADO,,
2183387,-14.9548166,-70.403177,OPENSTREETMAP_NOMINATIM,APROXIMADA_DISTRITO,https://nominatim.openstreetmap.org,Coordenada referencial del distrito TIRAPATA. No representa la ubicación exacta de la infraestructura.,COMPLETADO_APROXIMADO,,
2335000,-14.8618338,-70.1503339,OPENSTREETMAP_NOMINATIM,APROXIMADA_DISTRITO,https://nominatim.openstreetmap.org,Coordenada referencial del distrito AZANGARO. No representa la ubicación exacta de la infraestructura.,COMPLETADO_APROXIMADO,,
2312182,-14.9506494,-70.6542265,OPENSTREETMAP_NOMINATIM,APROXIMADA_LOCALIDAD,https://nominatim.openstreetmap.org,Coordenada aproximada de la localidad 'CONDORMILLA ALTO' mencionada en el nombre de la inversión; no representa necesariamente la ubicación exacta de la infraestructura.,COMPLETADO_APROXIMADO,,
2189499,-16.752933,-69.2802246,OPENSTREETMAP_NOMINATIM,APROXIMADA_LOCALIDAD,https://nominatim.openstreetmap.org,Coordenada aproximada de la localidad 'ARCONUMA' mencionada en el nombre de la inversión; no representa necesariamente la ubicación exacta de la infraestructura.,COMPLETADO_APROXIMADO,,
2189506,-16.3660329,-69.2544552,OPENSTREETMAP_NOMINATIM,APROXIMADA_LOCALIDAD,https://nominatim.openstreetmap.org,Coordenada aproximada de la localidad 'TUQUINA' mencionada en el nombre de la inversión; no representa necesariamente la ubicación exacta de la infraestructura.,COMPLETADO_APROXIMADO,,
2194518,-14.7272398,-70.3567731,OPENSTREETMAP_NOMINATIM,APROXIMADA_DISTRITO,https://nominatim.openstreetmap.org,La geocodificación automática de la localidad no superó la validación administrativa; se utiliza una coordenada referencial del distrito.,COMPLETADO_APROXIMADO,,
2160552,-14.2794114,-69.9203311,OPENSTREETMAP_NOMINATIM,APROXIMADA_LOCALIDAD,https://nominatim.openstreetmap.org,Coordenada aproximada de la localidad 'OSCOROQUE' mencionada en el nombre de la inversión; no representa necesariamente la ubicación exacta de la infraestructura.,COMPLETADO_APROXIMADO,,
2183864,,,OPENSTREETMAP_NOMINATIM,APROXIMADA_DISTRITO,https://nominatim.openstreetmap.org,"El distrito ACORA se extrajo del nombre de la inversión, ya que MEF reporta '- TODOS -'. Coordenada referencial del distrito.",COMPLETADO_APROXIMADO,-16.2723754,-69.9035444
