CODIGO_UNICO,LATITUD_NUEVA,LONGITUD_NUEVA,FUENTE_COORDENADA,TIPO_COORDENADA,ESTADO_ENRIQUECIMIENTO
2328188,-16.4689321,-71.5380727,OSM_NOMINATIM,APROXIMADA_DISTRITO,COMPLETADO_APROXIMADO
2109468,-16.4632386,-71.6048807,OSM_NOMINATIM,APROXIMADA_DISTRITO,COMPLETADO_APROXIMADO
2023334,-16.5469355,-71.4752051,OSM_NOMINATIM,APROXIMADA_DISTRITO,COMPLETADO_APROXIMADO
2339691,-15.7280382,-72.4325304,OSM_NOMINATIM,APROXIMADA_DISTRITO,COMPLETADO_APROXIMADO
2225261,-15.2644415,-72.9286939,OSM_NOMINATIM,APROXIMADA_DISTRITO,COMPLETADO_APROXIMADO
2314484,-15.2885041,-73.0883645,OSM_NOMINATIM,APROXIMADA_DISTRITO,COMPLETADO_APROXIMADO
2050040,-16.4210931,-71.474928,OSM_NOMINATIM,APROXIMADA_DISTRITO,COMPLETADO_APROXIMADO
2025626,-16.1602144,-71.614073,OSM_NOMINATIM,APROXIMADA_DISTRITO,COMPLETADO_APROXIMADO
2094329,-15.6416788,-71.5730626,OSM_NOMINATIM,APROXIMADA_DISTRITO,COMPLETADO_APROXIMADO
2379705,-15.6151323,-71.839074,OSM_NOMINATIM,APROXIMADA_LOCALIDAD,COMPLETADO_APROXIMADO
2030918,-16.297999,-71.573948,OSM_NOMINATIM,APROXIMADA_DISTRITO,COMPLETADO_APROXIMADO
2087578,-16.1602144,-71.614073,OSM_NOMINATIM,APROXIMADA_DISTRITO,COMPLETADO_APROXIMADO
2093806,-16.4486789,-71.3592378,OSM_NOMINATIM,APROXIMADA_DISTRITO,COMPLETADO_APROXIMADO
2333869,-15.2129509,-72.8890537,OSM_NOMINATIM,APROXIMADA_LOCALIDAD,COMPLETADO_APROXIMADO
2318469,-15.8644318,-73.3274948,OSM_NOMINATIM,APROXIMADA_LOCALIDAD,COMPLETADO_APROXIMADO
2380227,-16.4689321,-71.5380727,OSM_NOMINATIM,APROXIMADA_DISTRITO,COMPLETADO_APROXIMADO
2304792,-16.4251651,-71.6727116,OSM_NOMINATIM,APROXIMADA_DISTRITO,COMPLETADO_APROXIMADO
2333980,-16.0369267,-72.7997112,OSM_NOMINATIM,APROXIMADA_DISTRITO,COMPLETADO_APROXIMADO
2382190,-16.425605,-71.5757898,OSM_NOMINATIM,APROXIMADA_DISTRITO,COMPLETADO_APROXIMADO
2291257,-16.4736023,-72.6243389,OSM_NOMINATIM,APROXIMADA_DISTRITO,COMPLETADO_APROXIMADO
2018497,-16.4486789,-71.3592378,OSM_NOMINATIM,APROXIMADA_DISTRITO,COMPLETADO_APROXIMADO
2057398,-16.297999,-71.573948,OSM_NOMINATIM,APROXIMADA_DISTRITO,COMPLETADO_APROXIMADO
2090462,-16.2793942,-71.4603116,OSM_NOMINATIM,APROXIMADA_DISTRITO,COMPLETADO_APROXIMADO
2307171,-16.1602144,-71.614073,OSM_NOMINATIM,APROXIMADA_DISTRITO,COMPLETADO_APROXIMADO
2285487,-16.2100811,-71.0942216,OSM_NOMINATIM,APROXIMADA_DISTRITO,COMPLETADO_APROXIMADO
2290438,-16.4736023,-72.6243389,OSM_NOMINATIM,APROXIMADA_DISTRITO,COMPLETADO_APROXIMADO
2192910,-16.01508,-72.0123987,OSM_NOMINATIM,APROXIMADA_LOCALIDAD,COMPLETADO_APROXIMADO
2278364,-15.7227452,-72.5020617,OSM_NOMINATIM,APROXIMADA_DISTRITO,COMPLETADO_APROXIMADO
2325008,-16.3988667,-71.5369607,OSM_NOMINATIM,APROXIMADA_DISTRITO,COMPLETADO_APROXIMADO
2173290,-16.725199,-71.8611638,OSM_NOMINATIM,APROXIMADA_DISTRITO,COMPLETADO_APROXIMADO
2301830,-16.3988667,-71.5369607,OSM_NOMINATIM,APROXIMADA_DISTRITO,COMPLETADO_APROXIMADO
2318187,-17.0007604,-72.097831,OSM_NOMINATIM,APROXIMADA_LOCALIDAD,COMPLETADO_APROXIMADO
2088420,-16.3988667,-71.5369607,OSM_NOMINATIM,APROXIMADA_DISTRITO,COMPLETADO_APROXIMADO
2441091,-15.4926934,-72.4132749,OSM_NOMINATIM,APROXIMADA_DISTRITO,COMPLETADO_APROXIMADO
2101703,-16.297999,-71.573948,OSM_NOMINATIM,APROXIMADA_DISTRITO,COMPLETADO_APROXIMADO
2235227,-16.894596,-72.1025753,OSM_NOMINATIM,APROXIMADA_DISTRITO,COMPLETADO_APROXIMADO
2223167,-16.4632386,-71.6048807,OSM_NOMINATIM,APROXIMADA_DISTRITO,COMPLETADO_APROXIMADO
2105935,-16.297999,-71.573948,OSM_NOMINATIM,APROXIMADA_DISTRITO,COMPLETADO_APROXIMADO
2078503,-16.3988667,-71.5369607,OSM_NOMINATIM,APROXIMADA_DISTRITO,COMPLETADO_APROXIMADO
2327627,-15.6615552,-71.6999231,OSM_NOMINATIM,APROXIMADA_LOCALIDAD,COMPLETADO_APROXIMADO
2176609,-16.4591236,-71.5689479,OSM_NOMINATIM,APROXIMADA_DISTRITO,COMPLETADO_APROXIMADO
2235226,-16.894596,-72.1025753,OSM_NOMINATIM,APROXIMADA_DISTRITO,COMPLETADO_APROXIMADO
2227422,-15.6227345,-71.768843,OSM_NOMINATIM,APROXIMADA_LOCALIDAD,COMPLETADO_APROXIMADO
2077877,-15.4791975,-74.4434483,OSM_NOMINATIM,APROXIMADA_LOCALIDAD,COMPLETADO_APROXIMADO
2318324,-16.4235536,-71.8178329,OSM_NOMINATIM,APROXIMADA_LOCALIDAD,COMPLETADO_APROXIMADO
2327338,-15.8659492,-74.2468396,OSM_NOMINATIM,APROXIMADA_LOCALIDAD,COMPLETADO_APROXIMADO
2147424,-16.297999,-71.573948,OSM_NOMINATIM,APROXIMADA_DISTRITO,COMPLETADO_APROXIMADO
2305448,-16.4331715,-71.5233141,OSM_NOMINATIM,APROXIMADA_DISTRITO,COMPLETADO_APROXIMADO
2329457,-15.4564821,-73.6931029,OSM_NOMINATIM,APROXIMADA_LOCALIDAD,COMPLETADO_APROXIMADO
2082664,-16.297999,-71.573948,OSM_NOMINATIM,APROXIMADA_DISTRITO,COMPLETADO_APROXIMADO
2057455,-16.297999,-71.573948,OSM_NOMINATIM,APROXIMADA_DISTRITO,COMPLETADO_APROXIMADO
2186390,-15.5048145,-72.8340427,OSM_NOMINATIM,APROXIMADA_LOCALIDAD,COMPLETADO_APROXIMADO
2029644,-16.3988667,-71.5369607,OSM_NOMINATIM,APROXIMADA_DISTRITO,COMPLETADO_APROXIMADO
2214751,-15.5121703,-74.8392326,OSM_NOMINATIM,APROXIMADA_LOCALIDAD,COMPLETADO_APROXIMADO
2322805,-15.9691374,-72.4751512,OSM_NOMINATIM,APROXIMADA_LOCALIDAD,COMPLETADO_APROXIMADO
2319385,-15.4010097,-71.2904086,OSM_NOMINATIM,APROXIMADA_LOCALIDAD,COMPLETADO_APROXIMADO
2320029,-16.6248458,-72.7114514,OSM_NOMINATIM,APROXIMADA_DISTRITO,COMPLETADO_APROXIMADO
2328311,-16.3242988,-72.2878298,OSM_NOMINATIM,APROXIMADA_DISTRITO,COMPLETADO_APROXIMADO
2070717,-16.4210931,-71.474928,OSM_NOMINATIM,APROXIMADA_DISTRITO,COMPLETADO_APROXIMADO
2544404,-16.2012575,-72.4757474,OSM_NOMINATIM,APROXIMADA_DISTRITO,COMPLETADO_APROXIMADO
2086583,-16.3988667,-71.5369607,OSM_NOMINATIM,APROXIMADA_DISTRITO,COMPLETADO_APROXIMADO
2226049,-16.0170279,-72.5307193,OSM_NOMINATIM,APROXIMADA_DISTRITO,COMPLETADO_APROXIMADO
2245925,-16.297999,-71.573948,OSM_NOMINATIM,APROXIMADA_DISTRITO,COMPLETADO_APROXIMADO
2334812,-16.725199,-71.8611638,OSM_NOMINATIM,APROXIMADA_DISTRITO,COMPLETADO_APROXIMADO
2044077,-16.297999,-71.573948,OSM_NOMINATIM,APROXIMADA_DISTRITO,COMPLETADO_APROXIMADO
2285948,-15.6504885,-72.5054401,OSM_NOMINATIM,APROXIMADA_DISTRITO,COMPLETADO_APROXIMADO
2161852,-17.0894045,-71.7592172,OSM_NOMINATIM,APROXIMADA_DISTRITO,COMPLETADO_APROXIMADO
2333058,-15.8388532,-72.6518449,OSM_NOMINATIM,APROXIMADA_LOCALIDAD,COMPLETADO_APROXIMADO
2240073,-15.1450132,-72.7445853,OSM_NOMINATIM,APROXIMADA_LOCALIDAD,COMPLETADO_APROXIMADO
2196551,-16.3376419,-71.4968918,OSM_NOMINATIM,APROXIMADA_DISTRITO,COMPLETADO_APROXIMADO
2132733,-16.3242988,-72.2878298,OSM_NOMINATIM,APROXIMADA_DISTRITO,COMPLETADO_APROXIMADO
2204067,-16.4689321,-71.5380727,OSM_NOMINATIM,APROXIMADA_DISTRITO,COMPLETADO_APROXIMADO
2381031,-16.4714183,-71.9630459,OSM_NOMINATIM,APROXIMADA_DISTRITO,COMPLETADO_APROXIMADO
2030004,-16.4940778,-72.0944241,OSM_NOMINATIM,APROXIMADA_DISTRITO,COMPLETADO_APROXIMADO
2309952,-16.4314792,-73.1049285,OSM_NOMINATIM,APROXIMADA_DISTRITO,COMPLETADO_APROXIMADO
2215858,-15.2898837,-72.9397588,OSM_NOMINATIM,APROXIMADA_LOCALIDAD,COMPLETADO_APROXIMADO
2332437,-15.3545528,-73.2323916,OSM_NOMINATIM,APROXIMADA_DISTRITO,COMPLETADO_APROXIMADO
2060849,-16.4632386,-71.6048807,OSM_NOMINATIM,APROXIMADA_DISTRITO,COMPLETADO_APROXIMADO
2078291,-16.3659477,-71.453062,OSM_NOMINATIM,APROXIMADA_DISTRITO,COMPLETADO_APROXIMADO
2378776,-16.3376419,-71.4968918,OSM_NOMINATIM,APROXIMADA_DISTRITO,COMPLETADO_APROXIMADO
2192668,-16.4591236,-71.5689479,OSM_NOMINATIM,APROXIMADA_DISTRITO,COMPLETADO_APROXIMADO
2454302,-16.4251651,-71.6727116,OSM_NOMINATIM,APROXIMADA_DISTRITO,COMPLETADO_APROXIMADO
2282693,-15.9304718,-71.1051864,OSM_NOMINATIM,APROXIMADA_DISTRITO,COMPLETADO_APROXIMADO
2263818,,,,,PENDIENTE
2328016,-17.1024574,-71.9066384,OSM_NOMINATIM,APROXIMADA_LOCALIDAD,COMPLETADO_APROXIMADO
2182623,-15.1481182,-72.0725142,OSM_NOMINATIM,APROXIMADA_LOCALIDAD,COMPLETADO_APROXIMADO
2113849,-16.894596,-72.1025753,OSM_NOMINATIM,APROXIMADA_DISTRITO,COMPLETADO_APROXIMADO
2307759,-16.4689321,-71.5380727,OSM_NOMINATIM,APROXIMADA_DISTRITO,COMPLETADO_APROXIMADO
2221524,-16.1602144,-71.614073,OSM_NOMINATIM,APROXIMADA_DISTRITO,COMPLETADO_APROXIMADO
2380308,-16.4689321,-71.5380727,OSM_NOMINATIM,APROXIMADA_DISTRITO,COMPLETADO_APROXIMADO
2146547,-16.3242988,-72.2878298,OSM_NOMINATIM,APROXIMADA_DISTRITO,COMPLETADO_APROXIMADO
2084038,-16.4632386,-71.6048807,OSM_NOMINATIM,APROXIMADA_DISTRITO,COMPLETADO_APROXIMADO
2189060,-16.1602144,-71.614073,OSM_NOMINATIM,APROXIMADA_DISTRITO,COMPLETADO_APROXIMADO
2372057,-16.0369267,-72.7997112,OSM_NOMINATIM,APROXIMADA_DISTRITO,COMPLETADO_APROXIMADO
2226431,-15.7170802,-71.3193704,OSM_NOMINATIM,APROXIMADA_LOCALIDAD,COMPLETADO_APROXIMADO
2341825,-15.7304769,-72.1081153,OSM_NOMINATIM,APROXIMADA_LOCALIDAD,COMPLETADO_APROXIMADO
2038711,-16.3376419,-71.4968918,OSM_NOMINATIM,APROXIMADA_DISTRITO,COMPLETADO_APROXIMADO
2087380,-17.0292533,-72.0155447,OSM_NOMINATIM,APROXIMADA_DISTRITO,COMPLETADO_APROXIMADO
2333895,-15.6366885,-71.602217,OSM_NOMINATIM,APROXIMADA_LOCALIDAD,COMPLETADO_APROXIMADO
2311022,-16.4331715,-71.5233141,OSM_NOMINATIM,APROXIMADA_DISTRITO,COMPLETADO_APROXIMADO
2030794,-16.2793942,-71.4603116,OSM_NOMINATIM,APROXIMADA_DISTRITO,COMPLETADO_APROXIMADO
2323733,-17.0292533,-72.0155447,OSM_NOMINATIM,APROXIMADA_DISTRITO,COMPLETADO_APROXIMADO
2327442,-16.0764611,-72.4921172,OSM_NOMINATIM,APROXIMADA_LOCALIDAD,COMPLETADO_APROXIMADO
2110002,-16.297999,-71.573948,OSM_NOMINATIM,APROXIMADA_DISTRITO,COMPLETADO_APROXIMADO
2322655,-16.297999,-71.573948,OSM_NOMINATIM,APROXIMADA_DISTRITO,COMPLETADO_APROXIMADO
2308333,-16.4210931,-71.474928,OSM_NOMINATIM,APROXIMADA_DISTRITO,COMPLETADO_APROXIMADO
2052070,-16.297999,-71.573948,OSM_NOMINATIM,APROXIMADA_DISTRITO,COMPLETADO_APROXIMADO
2087301,-16.6248458,-72.7114514,OSM_NOMINATIM,APROXIMADA_DISTRITO,COMPLETADO_APROXIMADO
2159794,-16.0170279,-72.5307193,OSM_NOMINATIM,APROXIMADA_DISTRITO,COMPLETADO_APROXIMADO
2331087,-16.297999,-71.573948,OSM_NOMINATIM,APROXIMADA_DISTRITO,COMPLETADO_APROXIMADO
2323408,-16.2260345,-73.6106093,OSM_NOMINATIM,APROXIMADA_LOCALIDAD,COMPLETADO_APROXIMADO
2132731,-16.3242988,-72.2878298,OSM_NOMINATIM,APROXIMADA_DISTRITO,COMPLETADO_APROXIMADO
2032068,-16.4210931,-71.474928,OSM_NOMINATIM,APROXIMADA_DISTRITO,COMPLETADO_APROXIMADO
2535685,-16.4251651,-71.6727116,OSM_NOMINATIM,APROXIMADA_DISTRITO,COMPLETADO_APROXIMADO
2280051,-15.7583827,-72.9106397,OSM_NOMINATIM,APROXIMADA_LOCALIDAD,COMPLETADO_APROXIMADO
2147727,-16.4581953,-71.9227982,OSM_NOMINATIM,APROXIMADA_LOCALIDAD,COMPLETADO_APROXIMADO
2225963,-16.0170279,-72.5307193,OSM_NOMINATIM,APROXIMADA_DISTRITO,COMPLETADO_APROXIMADO
2333706,-15.3427911,-73.2485054,OSM_NOMINATIM,APROXIMADA_LOCALIDAD,COMPLETADO_APROXIMADO
2331093,-16.297999,-71.573948,OSM_NOMINATIM,APROXIMADA_DISTRITO,COMPLETADO_APROXIMADO
2330037,-17.1721359,-71.7905267,OSM_NOMINATIM,APROXIMADA_LOCALIDAD,COMPLETADO_APROXIMADO
2318379,-17.0424928,-71.8917731,OSM_NOMINATIM,APROXIMADA_DISTRITO,COMPLETADO_APROXIMADO
2234234,-16.4714183,-71.9630459,OSM_NOMINATIM,APROXIMADA_DISTRITO,COMPLETADO_APROXIMADO
2178481,-15.8388532,-72.6518449,OSM_NOMINATIM,APROXIMADA_LOCALIDAD,COMPLETADO_APROXIMADO
2329729,-16.725199,-71.8611638,OSM_NOMINATIM,APROXIMADA_DISTRITO,COMPLETADO_APROXIMADO
2028925,-16.297999,-71.573948,OSM_NOMINATIM,APROXIMADA_DISTRITO,COMPLETADO_APROXIMADO
2296421,-15.1489905,-72.7687155,OSM_NOMINATIM,APROXIMADA_LOCALIDAD,COMPLETADO_APROXIMADO
2329915,-17.071114,-71.7241323,OSM_NOMINATIM,APROXIMADA_LOCALIDAD,COMPLETADO_APROXIMADO
2176234,-16.4632386,-71.6048807,OSM_NOMINATIM,APROXIMADA_DISTRITO,COMPLETADO_APROXIMADO
2381037,-16.4714183,-71.9630459,OSM_NOMINATIM,APROXIMADA_DISTRITO,COMPLETADO_APROXIMADO
2074645,-15.6416788,-71.5730626,OSM_NOMINATIM,APROXIMADA_DISTRITO,COMPLETADO_APROXIMADO
2114610,-16.4736023,-72.6243389,OSM_NOMINATIM,APROXIMADA_DISTRITO,COMPLETADO_APROXIMADO
2166102,-16.4210931,-71.474928,OSM_NOMINATIM,APROXIMADA_DISTRITO,COMPLETADO_APROXIMADO
2219975,-16.725199,-71.8611638,OSM_NOMINATIM,APROXIMADA_DISTRITO,COMPLETADO_APROXIMADO
2306395,-15.9330222,-73.1307363,OSM_NOMINATIM,APROXIMADA_LOCALIDAD,COMPLETADO_APROXIMADO
2202452,-15.5476611,-72.9185605,OSM_NOMINATIM,APROXIMADA_DISTRITO,COMPLETADO_APROXIMADO
2325707,-16.4689321,-71.5380727,OSM_NOMINATIM,APROXIMADA_DISTRITO,COMPLETADO_APROXIMADO
2057869,-16.297999,-71.573948,OSM_NOMINATIM,APROXIMADA_DISTRITO,COMPLETADO_APROXIMADO
2179139,-16.297999,-71.573948,OSM_NOMINATIM,APROXIMADA_DISTRITO,COMPLETADO_APROXIMADO
2306889,-16.725199,-71.8611638,OSM_NOMINATIM,APROXIMADA_DISTRITO,COMPLETADO_APROXIMADO
2078454,-16.4210931,-71.474928,OSM_NOMINATIM,APROXIMADA_DISTRITO,COMPLETADO_APROXIMADO
2321534,-17.1444661,-71.8213694,OSM_NOMINATIM,APROXIMADA_LOCALIDAD,COMPLETADO_APROXIMADO
2312082,-16.5797225,-71.8372496,OSM_NOMINATIM,APROXIMADA_LOCALIDAD,COMPLETADO_APROXIMADO
2351971,-16.725199,-71.8611638,OSM_NOMINATIM,APROXIMADA_DISTRITO,COMPLETADO_APROXIMADO
2162677,-16.725199,-71.8611638,OSM_NOMINATIM,APROXIMADA_DISTRITO,COMPLETADO_APROXIMADO
2209411,-16.4314792,-73.1049285,OSM_NOMINATIM,APROXIMADA_DISTRITO,COMPLETADO_APROXIMADO
2029117,-16.4486789,-71.3592378,OSM_NOMINATIM,APROXIMADA_DISTRITO,COMPLETADO_APROXIMADO
2130386,-16.297999,-71.573948,OSM_NOMINATIM,APROXIMADA_DISTRITO,COMPLETADO_APROXIMADO
2328027,-16.6248458,-72.7114514,OSM_NOMINATIM,APROXIMADA_DISTRITO,COMPLETADO_APROXIMADO
2289195,-15.7388369,-73.8618503,OSM_NOMINATIM,APROXIMADA_DISTRITO,COMPLETADO_APROXIMADO
2236164,-16.2012575,-72.4757474,OSM_NOMINATIM,APROXIMADA_DISTRITO,COMPLETADO_APROXIMADO
2242631,-15.6252546,-73.7984366,OSM_NOMINATIM,APROXIMADA_DISTRITO,COMPLETADO_APROXIMADO
2057177,-16.4632386,-71.6048807,OSM_NOMINATIM,APROXIMADA_DISTRITO,COMPLETADO_APROXIMADO
2029643,-16.3988667,-71.5369607,OSM_NOMINATIM,APROXIMADA_DISTRITO,COMPLETADO_APROXIMADO
2029652,-16.3988667,-71.5369607,OSM_NOMINATIM,APROXIMADA_DISTRITO,COMPLETADO_APROXIMADO
2148923,-16.5952311,-72.7343311,OSM_NOMINATIM,APROXIMADA_DISTRITO,COMPLETADO_APROXIMADO
2029912,-16.725199,-71.8611638,OSM_NOMINATIM,APROXIMADA_DISTRITO,COMPLETADO_APROXIMADO
2087379,-17.0292533,-72.0155447,OSM_NOMINATIM,APROXIMADA_DISTRITO,COMPLETADO_APROXIMADO
2319998,-17.0292533,-72.0155447,OSM_NOMINATIM,APROXIMADA_DISTRITO,COMPLETADO_APROXIMADO
2328267,-15.6718172,-74.5387162,OSM_NOMINATIM,APROXIMADA_LOCALIDAD,COMPLETADO_APROXIMADO
2331980,-16.3376419,-71.4968918,OSM_NOMINATIM,APROXIMADA_DISTRITO,COMPLETADO_APROXIMADO
2207782,-15.5477,-72.9178,OSM_NOMINATIM,APROXIMADA_LOCALIDAD,COMPLETADO_APROXIMADO
2331579,-15.7757024,-74.1911892,OSM_NOMINATIM,APROXIMADA_DISTRITO,COMPLETADO_APROXIMADO
2321233,-17.1227984,-71.7994027,OSM_NOMINATIM,APROXIMADA_LOCALIDAD,COMPLETADO_APROXIMADO
2248327,-16.297999,-71.573948,OSM_NOMINATIM,APROXIMADA_DISTRITO,COMPLETADO_APROXIMADO
2050497,-16.297999,-71.573948,OSM_NOMINATIM,APROXIMADA_DISTRITO,COMPLETADO_APROXIMADO
2052055,-16.3475341,-71.5765843,OSM_NOMINATIM,APROXIMADA_LOCALIDAD,COMPLETADO_APROXIMADO
2337784,-16.0555745,-73.1172142,OSM_NOMINATIM,APROXIMADA_DISTRITO,COMPLETADO_APROXIMADO
2088308,-16.6248458,-72.7114514,OSM_NOMINATIM,APROXIMADA_DISTRITO,COMPLETADO_APROXIMADO
2229656,-16.4689321,-71.5380727,OSM_NOMINATIM,APROXIMADA_DISTRITO,COMPLETADO_APROXIMADO
2129697,-16.4865136,-71.4663748,OSM_NOMINATIM,APROXIMADA_DISTRITO,COMPLETADO_APROXIMADO
2319489,-16.3242988,-72.2878298,OSM_NOMINATIM,APROXIMADA_DISTRITO,COMPLETADO_APROXIMADO
2180768,-16.297999,-71.573948,OSM_NOMINATIM,APROXIMADA_DISTRITO,COMPLETADO_APROXIMADO
2405498,-16.725199,-71.8611638,OSM_NOMINATIM,APROXIMADA_DISTRITO,COMPLETADO_APROXIMADO
2339109,-16.5469355,-71.4752051,OSM_NOMINATIM,APROXIMADA_DISTRITO,COMPLETADO_APROXIMADO
2063005,-16.3988667,-71.5369607,OSM_NOMINATIM,APROXIMADA_DISTRITO,COMPLETADO_APROXIMADO
2378764,-16.3988667,-71.5369607,OSM_NOMINATIM,APROXIMADA_DISTRITO,COMPLETADO_APROXIMADO
2375815,-16.3376419,-71.4968918,OSM_NOMINATIM,APROXIMADA_DISTRITO,COMPLETADO_APROXIMADO
2338701,-16.4591236,-71.5689479,OSM_NOMINATIM,APROXIMADA_DISTRITO,COMPLETADO_APROXIMADO
2340190,-17.1015259,-71.8360849,OSM_NOMINATIM,APROXIMADA_DISTRITO,COMPLETADO_APROXIMADO
2316174,-14.6698189,-72.0241669,OSM_NOMINATIM,APROXIMADA_LOCALIDAD,COMPLETADO_APROXIMADO
2090948,-16.297999,-71.573948,OSM_NOMINATIM,APROXIMADA_DISTRITO,COMPLETADO_APROXIMADO
2066267,-16.297999,-71.573948,OSM_NOMINATIM,APROXIMADA_DISTRITO,COMPLETADO_APROXIMADO
2028907,-16.1602144,-71.614073,OSM_NOMINATIM,APROXIMADA_DISTRITO,COMPLETADO_APROXIMADO
2403922,-16.6248458,-72.7114514,OSM_NOMINATIM,APROXIMADA_DISTRITO,COMPLETADO_APROXIMADO
2422343,-16.4314792,-73.1049285,OSM_NOMINATIM,APROXIMADA_DISTRITO,COMPLETADO_APROXIMADO
2166795,-15.6416788,-71.5730626,OSM_NOMINATIM,APROXIMADA_DISTRITO,COMPLETADO_APROXIMADO
2107751,-15.8644318,-73.3274948,OSM_NOMINATIM,APROXIMADA_DISTRITO,COMPLETADO_APROXIMADO
