CODIGO_UNICO,NOMBRE_INVERSION,PROVINCIA,DISTRITO,ESTADO,SITUACION,AVANCE_FISICO,AVANCE_EJECUCION,ULT_FEC_DECLA_ESTIM,ANTIGUEDAD_REPORTE_FISICO_DIAS,ANTIGUEDAD_REPORTE_FISICO_ANIOS,TIENE_F12B,TIENE_AVAN_FISICO,PRESUPUESTO_EJECUTADO,COSTO_ACTUALIZADO,ADVERTENCIA_AVANCE_FISICO
2276132,"MEJORAMIENTO Y AMPLIACION DE LOS SERVICIOS DE AGUA POTABLE Y SANEAMIENTO DEL CENTRO POBLADO AYO, DISTRITO DE SANDIA , PROVINCIA DE SANDIA - PUNO",SANDIA,SANDIA,ACTIVO,VIABLE,100.0,100.0,2020-08-19 22:04:11,2195.0,6.0,SI,SI,3197399.04,3428474.03,Reporte físico desactualizado
2283136,"MEJORAMIENTO Y AMPLIACION DE LOS SERVICIOS DE AGUA POTABLE Y SANEAMIENTO DEL CENTRO POBLADO SUARA, DISTRITO DE SANDIA , PROVINCIA DE SANDIA - PUNO",SANDIA,SANDIA,ACTIVO,VIABLE,95.99,95.96,2020-08-21 15:51:43,2193.0,6.0,SI,SI,4254189.97,4349784.93,Reporte físico desactualizado
2209723,"INSTALACION DEL SISTEMA FAMILIAR DE TRATAMIENTO DE AGUAS RESIDUALES EN LAS COMUNIDADES Y PARCIALIDADES DE LA ZONA JORGE BASADRE Y ZONA LAGO, DISTRITO DE HUANCANE, PROVINCIA DE HUANCANE - PUNO",HUANCANE,HUANCANE,ACTIVO,VIABLE,99.47,99.48,2020-12-02 12:32:42,2090.0,5.7,SI,SI,17709215.97,17801554.91,Reporte físico desactualizado
2467832,"CONSTRUCCION DE SISTEMA DE BOMBEO Y SEPARACIÓN ANULAR VERTICAL EN EL(LA) ABASTECIMIENTO DE AGUA POTABLE EN LA LOCALIDAD LARAQUERI, DISTRITO DE PICHACANI, PROVINCIA PUNO, DEPARTAMENTO PUNO",PUNO,PICHACANI,ACTIVO,APROBADO,100.0,95.5,2021-01-13 16:41:53,2048.0,5.6,SI,SI,152881.8,182868.8,Reporte físico desactualizado
2146210,"MEJORAMIENTO Y AMPLIACION DEL SISTEMA DE AGUA POTABLE EN EL SECTOR DE HUAYRAPATA DEL C.P. DE HUAYRAPATA, DISTRITO DE CHUCUITO - PUNO - PUNO",PUNO,CHUCUITO,ACTIVO,VIABLE,97.89,97.89,2021-01-14 20:38:14,2047.0,5.6,SI,SI,208693.4,213193.4,Reporte físico desactualizado
2245270,"INSTALACION DE LOS SERVICIOS DEL SISTEMA DE AGUA POTABLE Y DISPOSICIÓN SANITARIA DE EXCRETAS EN LAS COMUNIDADES DE VIZCACHANI Y PATABAMBA, DISTRITO DE ORURILLO - MELGAR - PUNO",MELGAR,ORURILLO,ACTIVO,VIABLE,100.0,100.0,2021-01-15 09:29:21,2046.0,5.6,SI,SI,7326652.25,7390705.0,Reporte físico desactualizado
2505331,"ADQUISICION DE TERRENO EN EL(LA) SECTOR YURAQ APACHETA PARA LA CONSTRUCCIÓN DE INFRAESTRUCTURA PARA CAPTACIÓN DE AGUA Y RESERVORIO EN LA LOCALIDAD LEQUEPATA, DISTRITO DE VILAVILA, PROVINCIA LAMPA, DEPARTAMENTO PUNO",LAMPA,VILAVILA,ACTIVO,APROBADO,100.0,100.0,2021-01-20 21:57:19,2041.0,5.6,NO,SI,6000.0,6000.0,Reporte físico desactualizado
2290908,"MEJORAMIENTO Y AMPLIACION DEL SERVICIO DE AGUA POTABLE Y SANEAMIENTO BASICO EN LA COMUNIDAD DE COMBUCO, DISTRITO DE QUILCAPUNCU - SAN ANTONIO DE PUTINA - PUNO",SAN ANTONIO DE PUTINA,QUILCAPUNCU,ACTIVO,VIABLE,100.0,100.0,2021-01-20 10:21:39,2041.0,5.6,SI,SI,2252083.68,2261515.0,Reporte físico desactualizado
2217277,"AMPLIACION Y  MEJORAMIENTO DEL SISTEMA DE SANEAMIENTO BASICO INTEGRAL EN LA COMUNIDAD DE CUSIPATA, DISTRITO DE CHUCUITO - PUNO - PUNO",PUNO,CHUCUITO,ACTIVO,VIABLE,100.0,99.78,2021-03-11 10:40:31,1991.0,5.5,SI,SI,718029.74,719605.07,Reporte físico desactualizado
2200478,"INSTALACION DE SERVICIOS BASICOS DE AGUA POTABLE Y LETRINAS ECOLOGICAS EN LA C.C. DE YAPUTIRA, SECTORES, PAJCHANI, HUARACUYO, SUCASUCANI, MICAYANI, HUICHOCOLLO, Y C.P. DE MACHACAMARCA, DISTRITO DE VILQUE CHICO - HUANCANE - PUNO",HUANCANE,VILQUE CHICO,ACTIVO,VIABLE,10.48,11.45,2021-04-14 16:32:20,1957.0,5.4,SI,SI,5474840.36,5776061.0,Reporte físico desactualizado
2182598,"MEJORAMIENTO DEL SISTEMA DE SANEAMIENTO INTEGRAL EN LOS CP ALTOS HUAYRAPATA, CC MULLUCHINI, CRUZPATA, CHUYMACOLLO, JALLIRI, KIMSA LACCAYA, POMAOCA Y TOTORANI, DISTRITO DE HUAYRAPATA - MOHO - PUNO",MOHO,HUAYRAPATA,ACTIVO,VIABLE,98.79,98.84,2021-04-14 17:46:17,1957.0,5.4,SI,SI,5592794.36,5692508.55,Reporte físico desactualizado
2239679,"MEJORAMIENTO Y AMPLIACION DEL SISTEMA DE AGUA POTABLE Y ALCANTARILLADO DEL CENTRO POBLADO DE TRAPICHE, DISTRITO DE ANANEA - SAN ANTONIO DE PUTINA - PUNO",SAN ANTONIO DE PUTINA,ANANEA,ACTIVO,VIABLE,100.0,100.0,2021-04-15 10:44:41,1956.0,5.4,SI,SI,1549234.02,1549234.47,Reporte físico desactualizado
2198515,"INSTALACION DEL SISTEMA DE AGUA POTABLE Y EQUIPO SANITARIO EN LA PARCIALIDAD DE TOQUEPANI, DISTRITO DE INCHUPALLA - HUANCANE - PUNO",HUANCANE,INCHUPALLA,ACTIVO,VIABLE,100.0,100.0,2021-04-15 10:31:19,1956.0,5.4,SI,SI,620652.9,620652.9,Reporte físico desactualizado
2272457,"CREACION DEL SERVICIO DE AGUA POTABLE Y SANEAMIENTO RURAL EN LA COMUNIDAD DE SANTA ELENA Y ANEXO VILUYO, DISTRITO DE NUNOA - MELGAR - PUNO",MELGAR,NUÑOA,ACTIVO,VIABLE,100.0,100.0,2021-04-15 14:28:07,1956.0,5.4,SI,SI,1473223.98,1473223.99,Reporte físico desactualizado
2236439,MEJORAMIENTO Y AMPLIACION DE LOS SISTEMAS DE ALCANTARILLADO Y TRATAMIENTO DE AGUAS SERVIDAS DE LA LOCALIDAD DE SANTA LUCÍA - SANTA LUCÍA - LAMPA - PUNO,LAMPA,SANTA LUCIA,ACTIVO,VIABLE,95.13,95.4,2021-04-15 17:02:40,1956.0,5.4,SI,SI,7482417.18,7952605.16,Reporte físico desactualizado
2285079,"INSTALACION SISTEMA DE AGUA POTABLE Y DISPOSICION DE EXCRETAS EN LAS COMUNIDADES DE TORKOPI PAMPA, LLALLAHUA, CCAPAJON Y TULANI KETEKETE, DISTRITO DE SANTIAGO DE PUPUJA - AZANGARO - PUNO",AZANGARO,SANTIAGO DE PUPUJA,ACTIVO,VIABLE,99.96,98.64,2021-04-15 00:25:06,1956.0,5.4,SI,SI,7521447.41,7581414.83,Reporte físico desactualizado
2248498,"INSTALACION DE LOS SERVICIOS DE SANEAMIENTO INTEGRAL EN LA ASOCIACION DE PRODUCTORES MICROCUENCA URINSAYA PUNA ,, DISTRITO DE NUNOA - MELGAR - PUNO",MELGAR,NUÑOA,ACTIVO,VIABLE,100.0,100.0,2021-04-16 15:20:01,1955.0,5.4,SI,SI,1598140.92,1598140.92,Reporte físico desactualizado
2145648,"AMPLIACION DEL SISTEMA DE AGUA POTABLE PARA LA COMUNIDAD DE KARANA, DISTRITO DE CHUCUITO - PUNO - PUNO",PUNO,CHUCUITO,ACTIVO,VIABLE,78.56,75.34,2021-05-07 21:01:42,1934.0,5.3,SI,SI,200086.6,213654.61,Reporte físico desactualizado
2248246,"MEJORAMIENTO, AMPLIACION DEL  SISTEMA DE AGUA POTABLE Y ALCANTARILLADO EN LA LOCALIDAD DE SINA, DISTRITO DE SINA - SAN ANTONIO DE PUTINA - PUNO",SAN ANTONIO DE PUTINA,SINA,ACTIVO,VIABLE,98.57,98.57,2021-06-10 22:24:19,1900.0,5.2,SI,SI,4536259.85,4631189.91,Reporte físico desactualizado
2335000,"AMPLIACION Y MEJORAMIENTO DE LOS SERVICIOS DE AGUA POTABLE Y DISPOSICIÓN SANITARIA DE EXCRETAS EN LA MICROCUENCA YANAMAYO, DISTRITO DE AZANGARO, PROVINCIA DE AZANGARO - PUNO",AZANGARO,AZANGARO,ACTIVO,VIABLE,100.0,100.0,2021-06-29 12:15:47,1881.0,5.1,SI,SI,21027228.51,21166662.47,Reporte físico desactualizado
2225512,"MEJORAMIENTO DEL SISTEMA DEL SISTEMA DE AGUA POTABLE Y SANEAMIENTO BASICO EN EL CENTRO POBLADO POTONI, DISTRITO DE SINA - SAN ANTONIO DE PUTINA - PUNO",SAN ANTONIO DE PUTINA,SINA,ACTIVO,VIABLE,82.98,82.98,2021-07-06 22:37:14,1874.0,5.1,SI,SI,3655497.95,3740233.16,Reporte físico desactualizado
2332959,"CREACION Y MEJORAMIENTO DEL SERVICIO DE AGUA POTABLE Y SANEAMIENTO RURAL EN LA MICROCUENCA AZANGARO II, DISTRITO AZANGARO Y ASILLO, PROVINCIA DE AZANGARO - PUNO",AZANGARO,AZANGARO,ACTIVO,VIABLE,86.42,85.87,2021-07-23 11:50:58,1857.0,5.1,SI,SI,22569836.8,22642159.81,Reporte físico desactualizado
2192373,"INSTALACION DE LOS SERVICIOS DE AGUA POTABLE Y DISPOSICIÓN SANITARIA DE EXCRETAS EN PRIMER SECTOR DE LA COMUNIDAD CAMPESINA DE COLLANA (TITILAQUE Y JACHAGANI), DISTRITO DE TARACO - HUANCANE - PUNO",HUANCANE,TARACO,ACTIVO,VIABLE,100.0,99.18,2021-08-04 09:08:08,1845.0,5.1,SI,SI,1344783.76,1345903.49,Reporte físico desactualizado
2309742,"MEJORAMIENTO DE LOS SERVICIOS  DE AGUA POTABLE Y TRATAMIENTO DE  EXCRETAS EN LA PARCIALIDAD  CENTRAL  ACCOPATA, DISTRITO DE CARACOTO - SAN ROMAN - PUNO",SAN ROMAN,CARACOTO,ACTIVO,VIABLE,100.0,99.81,2021-08-04 09:48:49,1845.0,5.1,SI,SI,3390210.43,3738602.62,Reporte físico desactualizado
2482299,AMPLIACION DEL SERVICIO DE AGUA POTABLE Y ALCANTARILLADO EN LA ZONA URBANA DEL  DISTRITO DE SAMAN - PROVINCIA DE AZANGARO - DEPARTAMENTO DE PUNO,AZANGARO,SAMAN,ACTIVO,VIABLE,100.0,97.84,2021-09-16 15:06:32,1802.0,4.9,SI,SI,174133.5,185085.41,Reporte físico desactualizado
2492703,"ADQUISICION DE TERRENO EN EL(LA) CENTRO POBLADO DE YANAMAYO PARA LA CONSTRUCCIÓN DE LA PLANTA DE TRATAMIENTO DE AGUAS RESIDUALES DEL PROYECTO MEJORAMIENTO Y REHABILITACION DEL SISTEMA DE AGUA POTABLE, ALCANTARILLADO E INSTALACION DEL SISTEMA DE TRATAMIENTO DE AGUAS SERVIDAS EN LA LOCALIDAD YANAMAYO, DISTRITO DE SAN JUAN DEL ORO, PROVINCIA SANDIA, DEPARTAMENTO PUNO",SANDIA,SAN JUAN DEL ORO,ACTIVO,APROBADO,100.0,100.0,2021-09-21 15:49:27,1797.0,4.9,SI,SI,59000.0,59000.0,Reporte físico desactualizado
2244529,"INSTALACION DEL SERVICIO DE AGUA POTABLE Y SANEAMIENTO PARA LA LOCALIDAD DE TERAQUECHA, DISTRITO DE CRUCERO - CARABAYA - PUNO",CARABAYA,CRUCERO,ACTIVO,VIABLE,100.0,99.05,2021-09-29 12:14:23,1789.0,4.9,SI,SI,1090337.17,1236017.67,Reporte físico desactualizado
2309761,"MEJORAMIENTO DE LOS SERVICIOS  DE AGUA POTABLE Y TRATAMIENTO DE  EXCRETAS EN LA  COMUNIDAD  DE COLLANA SEGUNDA Y  COLLANA CHILLORA, DISTRITO DE CARACOTO - SAN ROMAN - PUNO",SAN ROMAN,CARACOTO,ACTIVO,VIABLE,100.0,100.0,2021-09-29 11:59:33,1789.0,4.9,SI,SI,4676792.52,4679798.65,Reporte físico desactualizado
2422641,"ADQUISICIÓN DE EQUIPOS DE BOMBEO A TRAVÉS DE LA LÍNEA DE FLUJO, KITS DE VÁLVULAS Y MEDIDOR DE PANEL Y TABLERO DE CONTROL EN EL(LA) CÁMARA DE BOMBEO CENTRAL DE LA EPS SEDAJULIACA SA EN LA LOCALIDAD JULIACA, DISTRITO DE JULIACA, PROVINCIA SAN ROMAN, DEPARTAMENTO PUNO",SAN ROMAN,JULIACA,ACTIVO,APROBADO,77.88,77.88,2021-09-30 17:00:54,1788.0,4.9,SI,SI,709374.0,1482812.64,Reporte físico desactualizado
2422547,"ADQUISICIÓN DE KITS DE VÁLVULAS EN EL(LA) RESERVORIOS N° 01, 02, 03, 04, 05 Y 06 DE LA EPS SEDAJULIACA SA EN LA LOCALIDAD JULIACA, DISTRITO DE JULIACA, PROVINCIA SAN ROMAN, DEPARTAMENTO PUNO",SAN ROMAN,JULIACA,ACTIVO,APROBADO,76.59,76.59,2021-09-30 17:18:06,1788.0,4.9,SI,SI,273292.0,421048.19,Reporte físico desactualizado
2422586,"ADQUISICIÓN DE HIDRANTES EN EL(LA) SISTEMA DE DISTRIBUCIÓN DE AGUA POTABLE DE LA EPS SEDAJULIACA S.A. EN LA LOCALIDAD JULIACA, DISTRITO DE JULIACA, PROVINCIA SAN ROMAN, DEPARTAMENTO PUNO",SAN ROMAN,JULIACA,ACTIVO,APROBADO,77.77,77.77,2021-09-30 17:25:37,1788.0,4.9,SI,SI,124379.0,176433.2,Reporte físico desactualizado
2422744,"RENOVACIÓN DE RESERVORIOS EN EL(LA) DEL SISTEMA DE AGUA POTABLE DEL DISTRITO DE CARACOTO (POR PROCESO DE INTEGRACIÓN DEL DISTRITO DE CARACOTO A LA EPS SEDAJULIACA S.A.) EN LA LOCALIDAD CARACOTO, DISTRITO DE CARACOTO, PROVINCIA SAN ROMAN, DEPARTAMENTO PUNO",SAN ROMAN,CARACOTO,ACTIVO,APROBADO,92.95,92.95,2021-09-30 17:59:22,1788.0,4.9,SI,SI,34537.0,78990.03,Reporte físico desactualizado
2422709,"ADQUISICIÓN DE EQUIPOS DE BOMBEO A TRAVÉS DE LA LÍNEA DE FLUJO, KITS DE VÁLVULAS Y  EN EL(LA) SALA DE IMPULSIÓN N° 01 Y 02 DE LA PLANTA DE TRATAMIENTO DE AGUA POTABLE AYABACAS DE LA EPS SEDAJULIACA S.A. EN LA LOCALIDAD JULIACA, DISTRITO DE JULIACA, PROVINCIA SAN ROMAN, DEPARTAMENTO PUNO",SAN ROMAN,JULIACA,ACTIVO,APROBADO,86.12,86.12,2021-09-30 17:56:54,1788.0,4.9,SI,SI,973966.0,1466845.82,Reporte físico desactualizado
2422720,"SANEAMIENTO TÉCNICO LEGAL DE TERRENO PARA EDIFICACIÓN PÚBLICA EN EL(LA) DONDE OPERAN LOS SISTEMAS DE AGUA POTABLE Y ALCANTARILLADO SANITARIO (PROCESO DE INTEGRACIÓN DEL DISTRITO DE CARACOTO A LA EPS SEDAJULIACA S.A.) EN LA LOCALIDAD CARACOTO, DISTRITO DE CARACOTO, PROVINCIA SAN ROMAN, DEPARTAMENTO PUNO",SAN ROMAN,CARACOTO,ACTIVO,APROBADO,54.79,54.79,2021-09-30 17:57:36,1788.0,4.9,SI,SI,32000.0,58408.7,Reporte físico desactualizado
2422583,"ADQUISICIÓN DE MEDIDOR DE CAUDAL EN EL(LA) RESERVORIOS N° 01, 02, 03, 04, 05 Y 06 DE LA EPS SEDAJULIACA S.A. EN LA LOCALIDAD JULIACA, DISTRITO DE JULIACA, PROVINCIA SAN ROMAN, DEPARTAMENTO PUNO",SAN ROMAN,JULIACA,ACTIVO,APROBADO,53.75,53.75,2021-09-30 17:55:24,1788.0,4.9,SI,SI,541163.0,1188020.24,Reporte físico desactualizado
2422740,"ADQUISICIÓN DE MEDIDORES DE AGUA EN EL(LA) PARQUE DE MEDIDORES DE LA EPS SEDAJULIACA S.A. EN LA LOCALIDAD JULIACA, DISTRITO DE JULIACA, PROVINCIA SAN ROMAN, DEPARTAMENTO PUNO",SAN ROMAN,JULIACA,ACTIVO,APROBADO,79.71,79.71,2021-09-30 17:14:00,1788.0,4.9,SI,SI,279715.0,968330.66,Reporte físico desactualizado
2422746,"ADQUISICIÓN DE KITS DE VÁLVULAS REPARACIÓN DE BUZONES CONSTRUCCIÓN DE BUZONES EN EL(LA) SISTEMA DE SANEAMIENTO URBANO (POR PROCESO DE INTEGRACION DEL DISTRITO DE CARACOTO A LA EPS SEDAJULIACA S.A.) EN LA LOCALIDAD CARACOTO, DISTRITO DE CARACOTO, PROVINCIA SAN ROMAN, DEPARTAMENTO PUNO",SAN ROMAN,CARACOTO,ACTIVO,APROBADO,76.73,76.73,2021-09-30 18:00:25,1788.0,4.9,SI,SI,34850.0,65886.81,Reporte físico desactualizado
2422349,"ADQUISICIÓN DE ESTACIÓN DE BOMBEO EN EL(LA) PLANTA DE TRATAMIENTO DE AGUA POTABLE - AYABACAS DE LA EPS SEDAJULIACA SA EN LA LOCALIDAD JULIACA, DISTRITO DE JULIACA, PROVINCIA SAN ROMAN, DEPARTAMENTO PUNO",SAN ROMAN,JULIACA,ACTIVO,APROBADO,89.54,89.54,2021-09-30 17:09:53,1788.0,4.9,SI,SI,741079.0,1324285.45,Reporte físico desactualizado
2422591,"ADQUISICIÓN DE VÁLVULAS DE CONTROL Y VÁLVULA DE AIRE EN EL(LA) SISTEMA DE DISTRIBUCIÓN DE AGUA POTABLE DE LA EPS SEDAJULIACA S.A. EN LA LOCALIDAD JULIACA, DISTRITO DE JULIACA, PROVINCIA SAN ROMAN, DEPARTAMENTO PUNO",SAN ROMAN,JULIACA,ACTIVO,APROBADO,50.4,50.4,2021-09-30 16:21:34,1788.0,4.9,SI,SI,126099.0,295223.53,Reporte físico desactualizado
2422675,"ADQUISICIÓN DE KITS DE MUESTREO Y PRUEBAS DEL AGUA EN EL(LA) LABORATORIO DE CONTROL DE CALIDAD Y SALA DE CLORACIÓN DE LA PLANTA DE TRATAMIENTO DE AGUA POTABLE DE AYABACAS DE LA EPS SEDAJULIACA S.A. EN LA LOCALIDAD JULIACA, DISTRITO DE JULIACA, PROVINCIA SAN ROMAN, DEPARTAMENTO PUNO",SAN ROMAN,JULIACA,ACTIVO,APROBADO,100.0,100.0,2021-09-30 17:51:23,1788.0,4.9,SI,SI,405121.0,231498.2,Reporte físico desactualizado
2422594,"RENOVACIÓN DE LÍNEA DE IMPULSIÓN EN EL(LA) SISTEMA DE ALCANTARILLADO, DEL CAISSON CENTRAL A LA PLANTA DE TRATAMIENTO DE AGUA RESIDUAL DE LA EPS SEDAJULIACA S.A. EN LA LOCALIDAD JULIACA, DISTRITO DE JULIACA, PROVINCIA SAN ROMAN, DEPARTAMENTO PUNO",SAN ROMAN,JULIACA,ACTIVO,APROBADO,84.7,84.7,2021-09-30 18:10:14,1788.0,4.9,SI,SI,452843.0,630780.71,Reporte físico desactualizado
2422703,"ADQUISICIÓN DE PARTES Y ACCESORIOS PARA EL MANEJO DE TUBERÍA EN EL(LA) GALERÍA DE TUBERÍAS DE LA PLANTA DE TRATAMIENTO DE AGUA POTABLE AYABACAS DE LA EPS SEDAJULIACA S.A. EN LA LOCALIDAD JULIACA, DISTRITO DE JULIACA, PROVINCIA SAN ROMAN, DEPARTAMENTO PUNO",SAN ROMAN,JULIACA,ACTIVO,APROBADO,75.36,75.36,2021-09-30 17:21:46,1788.0,4.9,SI,SI,163983.0,256760.36,Reporte físico desactualizado
2422553,"ADQUISICIÓN DE KITS DE VÁLVULAS Y EQUIPOS DE BOMBEO A TRAVÉS DE LA LÍNEA DE FLUJO EN EL(LA) RESERVORIOS N° 02, 03 Y 04 DE LA EPS SEDAJULIACA S.A. EN LA LOCALIDAD JULIACA, DISTRITO DE JULIACA, PROVINCIA SAN ROMAN, DEPARTAMENTO PUNO",SAN ROMAN,JULIACA,ACTIVO,APROBADO,67.44,67.44,2021-09-30 17:48:45,1788.0,4.9,SI,SI,195698.0,342391.96,Reporte físico desactualizado
2422673,"ADQUISICIÓN DE EQUIPOS DE BOMBEO A TRAVÉS DE LA LÍNEA DE FLUJO EN EL(LA) CÁMARAS DE BOMBEO AUXILIARES N° 01, 02, 03, 04, 05, 06, 07 Y 08 DEL SISTEMA DE ALCANTARILLADO DE LA EPS SEDAJULIACA S.A. EN LA LOCALIDAD JULIACA, DISTRITO DE JULIACA, PROVINCIA SAN ROMAN, DEPARTAMENTO PUNO",SAN ROMAN,JULIACA,ACTIVO,APROBADO,89.36,89.36,2021-09-30 16:55:15,1788.0,4.9,SI,SI,1104583.0,2196480.49,Reporte físico desactualizado
2245681,"INSTALACION Y AMPLIACIÓN DEL SISTEMA DE SANEAMIENTO BÁSICO EN LAS COMUNIDADES DE CÉSAR VALLEJO, SAPAPUJIO, POTONI CANGALLI, JILA CAJAMARCA, JILA INAMPO, ANTAPARADA Y COLLPAPAMPA-VILUYO, DISTRITO DE POTONI - AZANGARO - PUNO",AZANGARO,POTONI,ACTIVO,VIABLE,87.32,88.02,2021-10-06 13:47:06,1782.0,4.9,SI,SI,7476352.79,7883344.88,Reporte físico desactualizado
2513192,"ADQUISICION DE TERRENO EN EL(LA) PARA CAPTACION, RESERVORIO Y PTAP DEL SISTEMA DE AGUA POTABLE Y DISPOSICIÓN SANITARIA DE EXCRETAS EN LA LOCALIDAD COLLANA, DISTRITO DE ACHAYA, PROVINCIA AZANGARO, DEPARTAMENTO PUNO",AZANGARO,ACHAYA,ACTIVO,APROBADO,100.0,60.59,2021-10-22 11:50:40,1766.0,4.8,SI,SI,10000.0,16504.0,Reporte físico desactualizado
2276883,"INSTALACION DEL SISTEMA DE AGUA POTABLE Y SANEAMIENTO EN LAS LOCALIDADES DE KENAMARI BAJO Y PUKATORRE, DISTRITO DE LLALLI - MELGAR - PUNO",MELGAR,LLALLI,ACTIVO,VIABLE,100.0,100.0,2021-11-09 12:49:55,1748.0,4.8,SI,SI,1535097.95,1536665.27,Reporte físico desactualizado
2225246,"MEJORAMIENTO DEL SISTEMA DE ABASTECIMIENTO DE AGUA POTABLE, ALCANTARILLADO Y PTAR EN LA LOCALIDAD DE LLALLI, DISTRITO DE LLALLI - MELGAR - PUNO",MELGAR,LLALLI,ACTIVO,VIABLE,100.0,100.0,2021-11-09 12:47:22,1748.0,4.8,SI,SI,6998490.83,6998490.83,Reporte físico desactualizado
2336732,"CREACION DEL SISTEMA DE AGUA POTABLE Y LETRINAS EN EL SECTOR TRIUNFO SANTA MARIA DE LA COMUNIDAD DE HUANACOMAYO DEL, DISTRITO DE SAN ANTON - AZANGARO - PUNO",AZANGARO,SAN ANTON,ACTIVO,VIABLE,99.57,99.57,2021-11-25 10:41:02,1732.0,4.7,SI,SI,2083830.22,2084393.48,Reporte físico desactualizado
2019248,AMPLIACIÓN Y MEJORAMIENTO DEL SISTEMA DE AGUA POTABLE Y SANEAMIENTO EN LA LOCALIDAD DE YUNGUYO,YUNGUYO,YUNGUYO,ACTIVO,VIABLE,99.4,99.44,2021-12-02 14:09:42,1725.0,4.7,SI,SI,34801703.83,34847849.93,Reporte físico desactualizado
2307070,"MEJORAMIENTO DEL ABASTECIMIENTO DE AGUA POTABLE Y DISPOSICIÓN SANITARIA DE EXCRETAS EN LA PARCIALIDAD CENTRAL CHIARAQUE, DISTRITO DE JULI, PROVINCIA DE CHUCUITO - PUNO",CHUCUITO,JULI,ACTIVO,VIABLE,87.96,85.48,2021-12-13 12:08:00,1714.0,4.7,SI,SI,38929.8,104958.27,Reporte físico desactualizado
2307401,"MEJORAMIENTO DEL SISTEMA DE AGUA POTABLE Y SANEAMIENTO INTEGRAL EN EL SECTOR CENTRAL DE LA COMUNIDAD CAMPESINA DE JATUN SAYNA, DISTRITO DE MACARI - MELGAR - PUNO",MELGAR,MACARI,ACTIVO,VIABLE,99.18,99.22,2021-12-22 15:31:39,1705.0,4.7,SI,SI,1861789.0,1865726.97,Reporte físico desactualizado
2311764,"MEJORAMIENTO Y AMPLIACION DEL SISTEMA DE AGUA POTABLE Y DISPOSICION DE EXCRETAS  EN EL SECTOR DE SANTA ANA, DISTRITO DE SAN JUAN DEL ORO - SANDIA - PUNO",SANDIA,SAN JUAN DEL ORO,ACTIVO,VIABLE,100.0,98.12,2021-12-30 20:14:29,1697.0,4.6,SI,SI,3693908.35,3698763.93,Reporte físico desactualizado
2277210,"INSTALACION DEL SERVICIO DE AGUA POTABLE Y SERVICIOS HIGIENICOS EN LAS C.C. CENTRO PAYLLA, NORTE PAYLLA, SUR PAYLLA Y MIRAFLORES, DISTRITO DE UMACHIRI - MELGAR - PUNO",MELGAR,UMACHIRI,ACTIVO,VIABLE,100.0,100.0,2022-01-10 20:14:30,1686.0,4.6,SI,SI,9282323.66,9283436.31,Reporte físico desactualizado
2286380,"CREACION DEL SERVICIO DE AGUA POTABLE Y SANEAMIENTO BÁSICO EN EL CENTRO POBLADO DE SAN MIGUEL DE PAMPA GRANDE, DISTRITO DE SAN PEDRO DE PUTINA PUNCU - SANDIA - PUNO",SANDIA,SAN PEDRO DE PUTINA PUNCO,ACTIVO,VIABLE,100.0,98.88,2022-01-16 16:16:27,1680.0,4.6,SI,SI,3698999.47,3742829.3,Reporte físico desactualizado
2309673,"CREACION DEL SERVICIO DE AGUA POTABLE Y SANEAMIENTO BÁSICO EN EL CENTRO POBLADO DE CURVA ALEGRE, DISTRITO DE SAN PEDRO DE PUTINA PUNCU - SANDIA - PUNO",SANDIA,SAN PEDRO DE PUTINA PUNCO,ACTIVO,VIABLE,67.54,66.45,2022-01-16 16:52:17,1680.0,4.6,SI,SI,3330702.51,3534974.83,Reporte físico desactualizado
2226138,"MEJORAMIENTO Y AMPLIACIÓN DEL SERVICIO DE ABASTECIMIENTO DE AGUA POTABLE Y DISPOSICION SANITARIA DE EXCRETAS EN EL CENTRO POBLADO DE HILATA Y SECTORES DE PATASCACHI, CARCA CUCHO, HUERTA CUYO, CURASIA Y TITILE, DISTRITO DE TILALI - MOHO - PUNO",MOHO,TILALI,ACTIVO,VIABLE,95.46,95.68,2022-01-31 12:55:19,1665.0,4.6,SI,SI,3882240.07,4109586.66,Reporte físico desactualizado
2182827,"MEJORAMIENTO Y AMPLIACION DEL SISTEMA DE AGUA POTABLE Y DESAGUE E INSTALACION LETRINAS SANITARIAS  EN EL CENTRO POBLADO SULLCA Y SUS OCHO SECTORES, DISTRITO DE MOHO, PROVINCIA DE MOHO - PUNO",MOHO,MOHO,ACTIVO,VIABLE,100.0,100.0,2022-02-02 17:02:15,1663.0,4.6,SI,SI,6914199.77,7003240.0,Reporte físico desactualizado
2239707,"MEJORAMIENTO Y AMPLIACION DEL SISTEMA DE AGUA POTABLE E INSTALACION DE LETRINAS SANITARIAS EN LA PARCIALIDAD DE MALLCUSUCA CENTRAL, DISTRITO DE MOHO, PROVINCIA DE MOHO - PUNO",MOHO,MOHO,ACTIVO,VIABLE,100.0,100.0,2022-02-03 09:04:15,1662.0,4.6,SI,SI,689629.65,708089.47,Reporte físico desactualizado
2195473,"MEJORAMIENTO Y AMPLIACION DEL SISTEMA DE AGUA POTABLE Y SANEAMIENTO DEL CENTRO POBLADO QUELLAHUYO POMAOCA, DISTRITO DE MOHO, PROVINCIA DE MOHO - PUNO",MOHO,MOHO,ACTIVO,VIABLE,100.0,100.0,2022-02-03 09:35:49,1662.0,4.6,SI,SI,5055852.48,5083624.5,Reporte físico desactualizado
2221039,"MEJORAMIENTO Y AMPLIACIÓN DEL SERVICIO DE AGUA POTABLE Y DISPOSICION SANITARIA DE EXCRETAS  EN LOS SECTORES ALTO, MEDIO Y BAJO DE LA COMUNIDAD CAMPESINA SORAYCHO UMABAMBA, DISTRITO DE COJATA - HUANCANE - PUNO",HUANCANE,COJATA,ACTIVO,VIABLE,100.0,97.99,2022-02-14 10:58:25,1651.0,4.5,SI,SI,2343085.28,2520888.46,Reporte físico desactualizado
2540347,"ADQUISICION DE TERRENO EN EL(LA) SISTEMA DE AGUA POTABLE E INSTALACIÓN DE LETRINAS CON ARRASTRE HIDRÁULICO EN LA PARCIALIDAD DE AYAGACHI DEL  DISTRITO DE CABANA, PROVINCIA SAN ROMAN, DEPARTAMENTO PUNO",SAN ROMAN,CABANA,ACTIVO,APROBADO,100.0,100.0,2022-03-31 13:20:45,1606.0,4.4,SI,SI,9000.0,9000.0,Reporte físico desactualizado
2199142,"INSTALACION DEL SERVICIO DE AGUA POTABLE Y SANEAMIENTO EN EL CENTRO POBLADO  PAJANA SAN AGUSTIN, DISTRITO DE YUNGUYO, PROVINCIA DE YUNGUYO - PUNO",YUNGUYO,YUNGUYO,ACTIVO,VIABLE,100.0,100.0,2022-04-07 16:44:53,1599.0,4.4,SI,SI,7825871.12,7825871.12,Reporte físico desactualizado
2457632,MEJORAMIENTO DE LOS SERVICIOS DE AGUA POTABLE Y BAÑOS DIGNOS EN LA PARCIALIDAD DE CHIASI DEL DISTRITO DE MOHO - PROVINCIA DE MOHO - DEPARTAMENTO DE PUNO,MOHO,MOHO,ACTIVO,VIABLE,100.0,98.35,2022-04-08 16:03:57,1598.0,4.4,SI,SI,254049.76,254743.98,Reporte físico desactualizado
2473668,"ADQUISICION DE BOMBA DE AGUA Y CÉLULAS FOTOVOLTAICAS EN EL(LA) SISTEMA DE AGUA POTABLE DEL CENTRO POBLADO JACHA PARU DEL  DISTRITO DE MOHO, PROVINCIA MOHO, DEPARTAMENTO PUNO",MOHO,MOHO,ACTIVO,APROBADO,100.0,100.0,2022-04-08 16:19:33,1598.0,4.4,SI,SI,96313.0,102383.22,Reporte físico desactualizado
2239798,"MEJORAMIENTO Y AMPLIACION DEL SERVICIO DE AGUA POTABLE Y SANEAMIENTO BASICO INTEGRAL EN LAS PARCIALIDADES DE HUANCACUCHO Y TINTILIZA DEL C.P. OCCOPAMPA, DISTRITO DE MOHO, PROVINCIA DE MOHO - PUNO",MOHO,MOHO,ACTIVO,VIABLE,100.0,100.0,2022-04-08 16:00:40,1598.0,4.4,SI,SI,1045997.59,1058906.43,Reporte físico desactualizado
2461436,"ADQUISICION DE PANEL INFORMATIVO Y GASTOS GENERALES DE RIEGO CONSTRUCCION DE CAPTACIÓN SUPERFICIAL DE AGUA, LÍNEA DE CONDUCCIÓN, KITS DE CÁMARAS, TANQUES DE ALMACENAMIENTO DE AGUA, LÍNEA DE ADUCCIÓN, VÁLVULAS DE CONTROL, TRANSPORTES INTEGRADOS DE CARGA Y KITS DE VÁLVULAS EN EL(LA) PARA EL MEJORAMIENTO Y AMPLIACION DEL SERVICIO DE AGUA POTABLE EN LA LOCALIDAD UNTUCA, DISTRITO DE QUIACA, PROVINCIA SANDIA, DEPARTAMENTO PUNO",SANDIA,QUIACA,ACTIVO,APROBADO,100.0,98.15,2022-04-13 17:12:15,1593.0,4.4,SI,SI,106471.7,107830.66,Reporte físico desactualizado
2504204,"CONSTRUCCION DE RED DE ALCANTARILLADO RENOVACION DE RED SECUNDARIA EN EL(LA) AVENIDA LOS INCAS, JIRÓN COLLANA,  JIRÓN TÚPAC AMARU,  AVENIDA  PUNO Y ZONA CENTRO URBANO  DEL  DISTRITO DE PAUCARCOLLA, PROVINCIA PUNO, DEPARTAMENTO PUNO",PUNO,PAUCARCOLLA,ACTIVO,APROBADO,100.0,98.93,2022-04-19 15:30:40,1587.0,4.3,SI,SI,311180.41,362532.51,Reporte físico desactualizado
2486388,"CONSTRUCCION DE RESERVORIO, LÍNEA DE CONDUCCIÓN, LÍNEA DE ADUCCIÓN Y CERCO PERIMÉTRICO EN EL(LA) LOCALIDAD DE CRUCERO  DISTRITO DE CRUCERO, PROVINCIA CARABAYA, DEPARTAMENTO PUNO",CARABAYA,CRUCERO,ACTIVO,APROBADO,45.68,37.62,2022-04-19 16:18:39,1587.0,4.3,SI,SI,1075105.79,1225560.35,Reporte físico desactualizado
2518954,"CREACION DEL SERVICIO DE ALCANTARILLADO SANITARIO, TRATAMIENTO DE AGUAS RESIDUALES Y UNIDADES BASICAS DE SANEAMIENTO EN LA LOCALIDAD DE TAQUIPALCA DEL DISTRITO DE COASA - PROVINCIA DE CARABAYA - DEPARTAMENTO DE PUNO",CARABAYA,COASA,ACTIVO,VIABLE,85.96,84.02,2022-04-20 10:52:43,1586.0,4.3,SI,SI,540623.4,586747.59,Reporte físico desactualizado
2433475,MEJORAMIENTO DEL SERVICIO HIGIÉNICO DE LA GOBERNACIÓN DE ROSASPATA DEL DISTRITO DE ROSASPATA - PROVINCIA DE HUANCANE - DEPARTAMENTO DE PUNO,HUANCANE,ROSASPATA,ACTIVO,VIABLE,90.0,86.45,2022-04-22 14:49:29,1584.0,4.3,SI,SI,25353.0,27206.79,Reporte físico desactualizado
2535577,"CONSTRUCCION DE SISTEMA DE BOMBEO EN EL(LA) SERVICIO DE ABASTECIMIENTO DE AGUA MEDIANTE SISTEMA DE BOMBEO FOTOVOLTAICO EN LA LOCALIDAD CCORPA, DISTRITO DE PUSI, PROVINCIA HUANCANE, DEPARTAMENTO PUNO",HUANCANE,PUSI,ACTIVO,APROBADO,95.77,91.25,2022-04-22 11:24:09,1584.0,4.3,SI,SI,163330.69,181949.71,Reporte físico desactualizado
2303556,"INSTALACION Y MEJORAMIENTO DEL SISTEMA DE AGUA POTABLE Y UNIDADES BÁSICAS DE SANEAMIENTO RURAL EN PAUCARCOLLA, DISTRITO DE PAUCARCOLLA - PUNO - PUNO",PUNO,PAUCARCOLLA,ACTIVO,VIABLE,7.58,7.17,2022-04-26 15:43:56,1580.0,4.3,SI,SI,482287.4,20434681.47,Reporte físico desactualizado
2521270,"CONSTRUCCION DE INFRAESTRUCTURA DE ALMACENAMIENTO EN EL(LA) TALLER MANTO DE LA EMPRESA MUNICIPAL DE SANEAMIENTO BASICO DE LA CIUDAD DE PUNO,  DISTRITO DE PUNO, PROVINCIA PUNO, DEPARTAMENTO PUNO",PUNO,PUNO,ACTIVO,APROBADO,93.0,93.62,2022-04-26 08:19:48,1580.0,4.3,SI,SI,145558.87,156368.49,Reporte físico desactualizado
2293836,"INSTALACION DEL SISTEMA DE SERVICIOS DE AGUA POTABLE Y LETRINAS SANITARIAS CON ARRASTRE HIDRAULICO Y BIODIGESTOR EN LOS SECTORES DE CCANLLICUNCA Y BUENA VISTA, DISTRITO DE SANTA ROSA - MELGAR - PUNO",MELGAR,SANTA ROSA,ACTIVO,VIABLE,100.0,100.0,2022-05-16 12:08:47,1560.0,4.3,SI,SI,2112098.48,2139491.77,Reporte físico desactualizado
2527434,"CONSTRUCCION DE SISTEMA DE ABASTECIMIENTO DE AGUA POTABLE Y RED DE ALCANTARILLADO EN EL(LA) JIRON PUNO Y JIRON LAS FLORES DEL  DISTRITO DE CABANILLAS, PROVINCIA SAN ROMAN, DEPARTAMENTO PUNO",SAN ROMAN,CABANILLAS,ACTIVO,APROBADO,100.0,90.88,2022-06-08 15:37:28,1537.0,4.2,SI,SI,95666.6,103083.33,Reporte físico desactualizado
2520152,"CONSTRUCCION DE RED DE ALCANTARILLADO EN EL(LA) JIRON HORTENCIA ARANA 2 CUADRA 3 4 Y 5, JIRON UNION, JIRON ARAPA CUADRA 1 Y 2, JIRON SAN ROMAN CUADRA 7 Y 8, JIRON TACNA CUADRA 3 Y 4, JIRON PUNO CUADRA 1 3 Y 4, EN EL BARRIO CONRADO KRETZ LENZ, DISTRITO DE ARAPA, PROVINCIA AZANGARO, DEPARTAMENTO PUNO",AZANGARO,ARAPA,ACTIVO,APROBADO,80.14,77.87,2022-06-29 11:31:55,1516.0,4.2,SI,SI,111057.8,112307.79,Reporte físico desactualizado
2276287,"INSTALACION DEL SISTEMA DE SERVICIOS DE AGUA POTABLE Y LETRINAS SANITARIAS CON ARRASTRE HIDRAULICO Y BIODIGESTOR EN EL SECTOR HUAMACUNCA, DISTRITO DE SANTA ROSA - MELGAR - PUNO",MELGAR,SANTA ROSA,ACTIVO,VIABLE,100.0,100.0,2022-07-25 16:25:09,1490.0,4.1,SI,SI,1382000.98,1401539.13,Reporte físico desactualizado
2445126,"ADQUISICION DE CÉLULAS FOTOVOLTAICAS EN EL(LA) CENTRO POBLADO DE ULLACACHI EN LA LOCALIDAD ULLACACHI, DISTRITO DE ILAVE, PROVINCIA EL COLLAO, DEPARTAMENTO PUNO",EL COLLAO,ILAVE,ACTIVO,APROBADO,100.0,97.05,2022-08-08 12:25:53,1476.0,4.0,SI,SI,181392.87,194782.22,Reporte físico desactualizado
2037260,CREACION DEL SERVICIO DE AGUA POTABLE Y SANEAMIENTO EN LA COMUNIDAD CAMPESINA DE ALFARO PUCARANI - DISTRITO DE ILAVE - PROVINCIA DE EL COLLAO - DEPARTAMENTO DE PUNO,EL COLLAO,ILAVE,ACTIVO,VIABLE,100.0,98.47,2022-08-09 16:44:54,1475.0,4.0,SI,SI,617605.83,718730.33,Reporte físico desactualizado
2300861,"CREACION DEL SERVICIO DE AGUA POTABLE Y SANEAMIENTO BASICO INTEGRAL EN LAS COMUNIDADES CAMPESINAS DEL CENTRO POBLADO DE JACHOCCO HUARACCO  DEL DISTRITO DE ILAVE, PROVINCIA DE EL COLLAO - PUNO",EL COLLAO,ILAVE,ACTIVO,VIABLE,97.05,97.08,2022-08-09 16:58:37,1475.0,4.0,SI,SI,14489195.67,14509670.27,Reporte físico desactualizado
2531195,"RENOVACION DE RESERVORIO Y CÁMARA DE VÁLVULAS EN EL(LA) SISTEMA DE AGUA POTABLE TIQUI PARQUI EN LA LOCALIDAD YOCATA, DISTRITO DE CHUCUITO, PROVINCIA PUNO, DEPARTAMENTO PUNO",PUNO,CHUCUITO,ACTIVO,APROBADO,91.3,91.3,2022-09-18 07:02:33,1435.0,3.9,SI,SI,45120.4,47620.4,Reporte físico desactualizado
2499992,"CONSTRUCCION DE CONEXIONES DOMICILIARIAS DE AGUA POTABLE Y RED DE ALCANTARILLADO EN EL(LA) BARRIO SAN FELIPE DE LA LOCALIDAD DE ANANEA DEL DISTRITO DE ANANEA, PROVINCIA SAN ANTONIO DE PUTINA, DEPARTAMENTO PUNO",SAN ANTONIO DE PUTINA,ANANEA,ACTIVO,APROBADO,100.0,100.0,2022-09-19 17:35:02,1434.0,3.9,SI,SI,557139.1,557195.96,Reporte físico desactualizado
2199131,"INSTALACION DE SISTEMA DE AGUA POTABLE Y LETRINAS EN EL SECTOR PANCCA YANCAÑA , DISTRITO DE SANTA ROSA - MELGAR - PUNO",MELGAR,SANTA ROSA,ACTIVO,VIABLE,100.0,92.82,2022-10-15 17:51:29,1408.0,3.9,SI,SI,692264.3,781864.81,Reporte físico desactualizado
2293521,"MEJORAMIENTO Y AMPLIACION DE LOS SERVICIOS DE AGUA POTABLE Y SANEAMIENTO DEL CENTRO POBLADO DE AMOYO, DISTRITO DE SANDIA , PROVINCIA DE SANDIA - PUNO",SANDIA,SANDIA,ACTIVO,VIABLE,100.0,100.0,2022-11-10 10:06:17,1382.0,3.8,SI,SI,4311480.44,4774561.3,Reporte físico desactualizado
2275299,"MEJORAMIENTO Y AMPLIACIÓN DEL SERVICIO DE AGUA POTABLE E INSTALACIÓN DE SANEAMIENTO BÁSICO EN EL CENTRO POBLADO DE PALCA, DISTRITO DE OLLACHEA, DEPARTAMENTO DE PUNO",CARABAYA,OLLACHEA,ACTIVO,VIABLE,99.85,99.85,2022-11-15 23:10:12,1377.0,3.8,SI,SI,4261123.28,4664751.84,Reporte físico desactualizado
2519992,"CONSTRUCCION DE POZO, LÍNEA DE IMPULSIÓN, RESERVORIO Y LÍNEA DE ADUCCIÓN ADEMÁS DE OTROS ACTIVOS EN EL(LA) SISTEMA DE AGUA POTABLE  DISTRITO DE DESAGUADERO, PROVINCIA CHUCUITO, DEPARTAMENTO PUNO",CHUCUITO,DESAGUADERO,ACTIVO,APROBADO,80.1,80.06,2022-12-17 17:26:53,1345.0,3.7,SI,SI,1030627.57,1042355.06,Reporte físico desactualizado
2301308,"MEJORAMIENTO, AMPLIACION DEL SERVICIO DE AGUA POTABLE Y SANEAMIENTO BASICO EN LOS OCHO SECTORES DEL CENTRO POBLADO DE UMUCHI, DISTRITO DE MOHO, PROVINCIA DE MOHO - PUNO",MOHO,MOHO,ACTIVO,VIABLE,100.0,100.0,2022-12-20 22:06:13,1342.0,3.7,SI,SI,6965363.18,7059979.98,Reporte físico desactualizado
2532239,CREACION DE LOS SERVICIOS DE AGUA POTABLE Y DISPOSICION SANITARIA DE EXCRETAS EN LA PARCIALIDAD DE CACHUATA DEL DISTRITO DE MOHO - PROVINCIA DE MOHO - DEPARTAMENTO DE PUNO,MOHO,MOHO,ACTIVO,VIABLE,100.0,97.94,2022-12-20 14:48:12,1342.0,3.7,SI,SI,372524.85,380321.68,Reporte físico desactualizado
2217406,"AMPLIACION Y MEJORAMIENTO DEL SERVICIO DE AGUA POTABLE Y LETRINAS SANITARIAS EN EL CENTRO POBLADO DE HUARAYA Y SUS PARCIALIDADES, DISTRITO DE MOHO, PROVINCIA DE MOHO - PUNO",MOHO,MOHO,ACTIVO,VIABLE,100.0,100.0,2022-12-20 22:03:07,1342.0,3.7,SI,SI,7093507.57,7168003.62,Reporte físico desactualizado
2505661,CREACION DE LOS SERVICIOS DE AGUA POTABLE Y DISPOSICIÓN SANITARIA DE EXCRETAS EN LA PARCIALIDAD DE PARU JOJORIA DEL DISTRITO DE MOHO - PROVINCIA DE MOHO - DEPARTAMENTO DE PUNO,MOHO,MOHO,ACTIVO,VIABLE,100.0,98.75,2022-12-20 14:49:04,1342.0,3.7,SI,SI,276520.71,279663.4,Reporte físico desactualizado
2236180,"MEJORAMIENTO Y AMPLIACION DEL SERVICIO DE AGUA POTABLE Y SANEAMIENTO BASICO INTEGRAL EN LOS SECTORES DEL CENTRO POBLADO DE JACANTAYA, DISTRITO DE MOHO, PROVINCIA DE MOHO - PUNO",MOHO,MOHO,ACTIVO,VIABLE,100.0,99.02,2022-12-20 21:49:10,1342.0,3.7,SI,SI,1847904.68,1863115.97,Reporte físico desactualizado
2309919,"INSTALACION DEL SISTEMA DE AGUA POTABLE Y DISPOSICIÓN SANITARIA DE EXCRETAS EN LAS COMUNIDADES DE COLLANA, HUAYRAPATA Y SECTOR DE JURUSAN, DISTRITO DE ACHAYA - AZANGARO - PUNO",AZANGARO,ACHAYA,ACTIVO,VIABLE,100.0,100.0,2023-01-17 17:05:26,1314.0,3.6,SI,SI,7420549.59,7420570.0,Reporte físico desactualizado
2283660,"CREACION DEL SERVICIO DE AGUA POTABLE Y SANEAMIENTO BÁSICO EN EL SECTOR SAN BENIGNO, DISTRITO DE SAN PEDRO DE PUTINA PUNCU - SANDIA - PUNO",SANDIA,SAN PEDRO DE PUTINA PUNCO,ACTIVO,VIABLE,99.33,99.1,2023-01-18 11:04:46,1313.0,3.6,SI,SI,2620021.3,2796358.43,Reporte físico desactualizado
2470605,"REPARACION DE UNIDAD DE TRATAMIENTO DE AGUA POTABLE EN EL(LA) LOCALIDAD DE QUIQUIRA, PALMERA Y MASSIAPO DISTRITO DE ALTO INAMBARI, PROVINCIA SANDIA, DEPARTAMENTO PUNO",SANDIA,ALTO INAMBARI,ACTIVO,APROBADO,91.76,91.2,2023-01-19 16:21:51,1312.0,3.6,SI,SI,371141.1,375476.3,Reporte físico desactualizado
2204402,"AMPLIACION Y MEJORAMIENTO DEL SISTEMA DE AGUA Y ALCANTARILLADO DE LA LOCALIDAD DE  CHUCUITO, DISTRITO DE CHUCUITO - PUNO - PUNO",PUNO,CHUCUITO,ACTIVO,VIABLE,100.0,100.0,2023-01-20 13:43:39,1311.0,3.6,SI,SI,8650470.06,8650470.06,Reporte físico desactualizado
2558910,"ADQUISICION DE SISTEMA DE BOMBEO EN EL(LA) SISTEMA DE AGUA POTABLE EN EL CENTRO POBLADO VILLA CCOTA DISTRITO DE PLATERIA, PROVINCIA PUNO, DEPARTAMENTO PUNO",PUNO,PLATERIA,ACTIVO,APROBADO,100.0,95.2,2023-01-20 22:09:31,1311.0,3.6,SI,SI,68800.0,79601.39,Reporte físico desactualizado
2303193,"CREACION DEL SERVICIO AGUA POTABLE Y SANEAMIENTO EN LOS SECTORES DE CHILLIHUA, COMBO, MARIANO MELGAR, CANGALLI PICHACANI, ALIANZA Y ANTACALLA, DISTRITO DE NUNOA - MELGAR - PUNO",MELGAR,NUÑOA,ACTIVO,VIABLE,100.0,100.0,2023-02-08 13:27:05,1292.0,3.5,SI,SI,6514871.38,6790071.23,Reporte físico desactualizado
2299945,"MEJORAMIENTO Y AMPLIACION DEL SERVICIO DE AGUA POTABLE Y CREACION DEL SERVICIO DE DISPOSICION SANITARIA DE EXCRETAS EN LA COMUNIDAD CAMPESINA CHUA CHUA (SECTOR CCACALLINCA), DISTRITO DE ZEPITA, PROVINCIA DE CHUCUITO, DEPARTAMENTO DE PUNO.",CHUCUITO,ZEPITA,ACTIVO,VIABLE,98.28,98.74,2023-03-06 11:52:22,1266.0,3.5,SI,SI,2412768.97,2433980.64,Reporte físico desactualizado
2189454,"MEJORAMIENTO Y AMPLIACION DEL SERVICIO DE AGUA POTABLE Y DISPOSICION SANITARIA DE EXCRETAS EN LA COMUNIDAD CAMPESINA DE TAMBILLO, DISTRITO POMATA - CHUCUITO - PUNO",CHUCUITO,POMATA,ACTIVO,VIABLE,98.91,98.33,2023-03-06 12:06:29,1266.0,3.5,SI,SI,3459809.72,3508788.16,Reporte físico desactualizado
2433576,"ADQUISICIÓN DE KITS SOLARES EN EL(LA) SISTEMA DE AGUA POTABLE Y ALCANTARILLADO DEL  DISTRITO DE ATUNCOLLA, PROVINCIA PUNO, DEPARTAMENTO PUNO",PUNO,ATUNCOLLA,ACTIVO,APROBADO,11.26,15.29,2023-03-14 18:44:53,1258.0,3.4,SI,SI,101505.64,134080.25,Reporte físico desactualizado
2286575,"CREACION DEL SERVICIO DE AGUA POTABLE E INSTALACION DE LETRINAS SANITARIAS EN EL SECTOR HUANCUNI DE LA PARCIALIDAD ANICHO,  DISTRITO DE ILAVE - PROVINCIA DE EL COLLAO - DEPARTAMENTO DE PUNO",EL COLLAO,ILAVE,ACTIVO,VIABLE,100.0,98.71,2023-04-27 10:35:27,1214.0,3.3,SI,SI,642092.77,650496.05,Reporte físico desactualizado
2575531,AMPLIACION DEL SERVICIO DE AGUA POTABLE RURAL Y MEJORAMIENTO DEL SERVICIO DE ALCANTARILLADO U OTRAS FORMAS DE DISPOSICIÓN SANITARIA DE EXCRETAS EN CENTRO POBLADO DE CAPACC ORCCO   DISTRITO DE LIMBANI DE LA PROVINCIA DE SANDIA DEL DEPARTAMENTO DE PUNO,SANDIA,LIMBANI,ACTIVO,VIABLE,2.13,2.13,2023-07-10 22:30:22,1140.0,3.1,SI,SI,474924.99,5309880.6,Reporte físico desactualizado
2346634,"CREACION DEL SISTEMA DE AGUA POTABLE  Y DEL SERVICIO DE DISPOSICION SANITARIA DE EXCRETAS  EN EL CENTRO POBLADO  DE CUPISAYA-KARIFUYO (HITO 9 Y 10),  DISTRITO DE TILALI - PROVINCIA DE MOHO - DEPARTAMENTO DE PUNO",MOHO,TILALI,ACTIVO,VIABLE,100.0,96.76,2023-07-14 23:22:23,1136.0,3.1,SI,SI,3005929.9,3019897.88,Reporte físico desactualizado
2444510,"MEJORAMIENTO DEL SERVICIO DE DRENAJE PLUVIAL EN LOS BARRIOS DE MIRAFLORES, SAN MARTÍN DE PORRES, SAN SEBASTIÁN Y PANAMERICANA NORTE DE LA LOCALIDAD DE ZEPITA DEL DISTRITO DE ZEPITA - PROVINCIA DE CHUCUITO - DEPARTAMENTO DE PUNO",CHUCUITO,ZEPITA,ACTIVO,VIABLE,61.21,61.27,2023-10-25 15:21:41,1033.0,2.8,SI,SI,581608.95,949316.36,Reporte físico desactualizado
2575041,"RENOVACION DE TUBERIA EN EL(LA) CENTRO POBLADO DE UNTUCA,  DISTRITO DE QUIACA, PROVINCIA SANDIA, DEPARTAMENTO PUNO",SANDIA,QUIACA,ACTIVO,APROBADO,100.0,86.69,2023-12-27 18:50:30,970.0,2.7,SI,SI,25800.0,29760.0,Reporte físico desactualizado
2588792,"CREACION DEL SERVICIO DE ALCANTARILLADO U OTRAS FORMAS DE DISPOSICIÓN SANITARIA DE EXCRETAS EN LA  COMUNIDAD CAMPESINA DE CARCARANI  DEL CENTRO POBLADO DE SAN MIGUEL  DE  TIQUI TIQUI,   DISTRITO DE VILQUE CHICO DE LA PROVINCIA DE HUANCANE DEL DEPARTAMENTO DE PUNO",HUANCANE,VILQUE CHICO,ACTIVO,VIABLE,100.0,99.05,2024-01-09 15:21:56,957.0,2.6,SI,SI,263726.74,273938.98,Reporte físico desactualizado
2336609,"MEJORAMIENTO DE LOS SERVICIOS DE AGUA POTABLE Y DISPOSICION SANITARIA DE EXCRETAS EN LAS COMUNIDADES DE TORNO, QUILLO CHICO, QUEALLI Y TUNILA, DISTRITO DE HUATASANI - HUANCANE - PUNO",HUANCANE,HUATASANI,ACTIVO,VIABLE,12.36,13.21,2024-01-12 11:44:09,954.0,2.6,SI,SI,4618053.79,4660006.55,Reporte físico desactualizado
2220466,"INSTALACION DE SISTEMA DE AGUA POTABLE, SANEAMIENTO Y SISTEMA DE GESTION AMBIENTAL EN LA COMUNIDAD CAMPESINA TRAPICHE, DISTRITO DE ANANEA - SAN ANTONIO DE PUTINA - PUNO",SAN ANTONIO DE PUTINA,ANANEA,ACTIVO,VIABLE,100.0,100.0,2024-01-16 22:22:05,950.0,2.6,SI,SI,1400521.23,1435611.82,Reporte físico desactualizado
2225744,"MEJORAMIENTO Y AMPLIACION DE  SISTEMA DE ABASTECIMIENTO DE AGUA POTABLE Y TRATAMIENTO DE EXCRETAS EN LA COMUNIDAD  CAMPESINA DE HUANCASAYANI, DISTRITO DE CUYOCUYO - SANDIA - PUNO",SANDIA,CUYOCUYO,ACTIVO,VIABLE,46.03,48.67,2024-01-18 18:18:09,948.0,2.6,SI,SI,2501683.96,2502231.68,Reporte físico desactualizado
2587323,MEJORAMIENTO Y AMPLIACION DEL SERVICIO DE AGUA POTABLE RURAL EN LA LOCALIDAD DE CANLLACOLLO Y HUALLATANI DISTRITO DE VILQUE CHICO DE LA PROVINCIA DE HUANCANE DEL DEPARTAMENTO DE PUNO,HUANCANE,VILQUE CHICO,ACTIVO,VIABLE,98.25,97.22,2024-01-19 10:53:43,947.0,2.6,SI,SI,401500.3,513140.29,Reporte físico desactualizado
2310519,"MEJORAMIENTO Y AMPLIACION DEL SISTEMA DE AGUA POTABLE Y SANEAMIENTO EN LAS LOCALIDADES DE PARKO HUAYTAHUACHO, HUAYLLANI - CERA CUCHO Y SUCRE CCARAÑAUI, DISTRITO DE LLALLI - MELGAR - PUNO",MELGAR,LLALLI,ACTIVO,VIABLE,96.8,96.91,2024-02-06 11:17:24,929.0,2.5,SI,SI,3784641.75,3903002.7,Reporte físico desactualizado
2225989,"MEJORAMIENTO Y AMPLIACION DEL SISTEMA DE AGUA POTABLE E INSTALACION DE LETRINAS EN COMUNIDAD CAMPESINA CCOÑAPATA, DISTRITO DE CUPI - MELGAR - PUNO",MELGAR,CUPI,ACTIVO,VIABLE,100.0,100.0,2024-02-23 11:16:54,912.0,2.5,SI,SI,990647.92,990647.92,Reporte físico desactualizado
2591959,"RENOVACION DE RED DE ALCANTARILLADO EN EL(LA) BUZONES , COLECTORES  DE ALCANTARILLADO  Y REDES  Y CONEXIONES DOMICILIARIAS DE SISTEMA DE AGUA POTABLE EN EL PERIMETRO DE LA PLAZA SAN MARTIN EN LOS JIRONES CUZCO, PUNO,  AREQUIPA Y  MANUEL NUÑEZ BUTRON  DISTRITO DE CARACOTO, PROVINCIA SAN ROMAN, DEPARTAMENTO PUNO",SAN ROMAN,CARACOTO,ACTIVO,APROBADO,92.0,87.93,2024-04-09 14:18:18,866.0,2.4,SI,SI,55329.0,61000.0,Reporte físico desactualizado
2189458,"MEJORAMIENTO Y AMPLIACION DE LOS SERVICIOS DE AGUA POTABLE Y DISPOSICION SANITARIA DE EXCRETAS EN LOS SECTORES SALLUYO Y SAN FRANCISCO DE LA COMUNIDAD CAMPESINA JAQUEHUAYTAHUI, DISTRITO POMATA- CHUCUITO - PUNO",CHUCUITO,POMATA,ACTIVO,VIABLE,100.0,96.55,2024-07-03 15:08:18,781.0,2.1,SI,SI,3201687.05,3966836.86,Reporte físico desactualizado
2337148,"CREACION DEL SERVICIO DE AGUA POTABLE Y SANEAMIENTO BÁSICO EN EL SECTOR 2 DE CHURICANCHI, DISTRITO DE CARACOTO - SAN ROMAN - PUNO",SAN ROMAN,CARACOTO,ACTIVO,VIABLE,100.0,100.0,2024-07-05 16:04:57,779.0,2.1,SI,SI,4681585.19,4696492.83,Reporte físico desactualizado
2457353,AMPLIACION Y MEJORAMIENTO DEL SERVICIO DE AGUA POTABLE Y DISPOSICION SANITARIA DE EXCRETAS EN LA C.C. DE CAPANO DEL DISTRITO DE CAPACHICA - PROVINCIA DE PUNO - DEPARTAMENTO DE PUNO,PUNO,CAPACHICA,ACTIVO,VIABLE,95.71,95.92,2024-09-02 14:03:35,720.0,2.0,SI,SI,9952964.94,10054766.03,Reporte físico desactualizado
2307947,"INSTALACION DE SISTEMA DE ABASTECIMIENTO DE AGUA POTABLE Y SANEAMIENTO RURAL EN LAS COMUNIDADES DE MACHUKAIRANI, AGUA BUENA, HUANCASAYA, CATACHILLA, POSTA, OLLAGACHI DE COCHAPATA  DEL, DISTRITO DE VILQUE - PUNO - PUNO",PUNO,VILQUE,ACTIVO,VIABLE,90.76,87.91,2024-09-27 10:21:22,695.0,1.9,SI,SI,8757513.66,9250402.64,Reporte físico desactualizado
2221138,"INSTALACION DEL SISTEMA DE AGUA POTABLE Y SERVICIO HIGIENICO CON ARRASTRE HIDRAULICO EN LA COMUNIDAD DE MODELO, DISTRITO DE ASILLO - AZANGARO - PUNO",AZANGARO,ASILLO,ACTIVO,VIABLE,78.0,76.32,2024-11-12 15:43:57,649.0,1.8,SI,SI,543987.3,617688.45,Reporte físico desactualizado
2593967,MEJORAMIENTO Y AMPLIACION DEL SERVICIO DE AGUA POTABLE URBANO Y AMPLIACION DEL SERVICIO DE ALCANTARILLADO EN LA ZONA NOROESTE DE LA CIUDAD DE LAMPA   DISTRITO DE LAMPA DE LA PROVINCIA DE LAMPA DEL DEPARTAMENTO DE PUNO,LAMPA,LAMPA,ACTIVO,VIABLE,63.16,54.11,2024-11-14 22:50:48,647.0,1.8,SI,SI,24000.0,1950819.53,Reporte físico desactualizado
2577727,"CONSTRUCCION DE RESERVORIO, CAPTACION DE AGUA , LÍNEA DE CONDUCCIÓN Y CERCO PERIMETRICO ADEMÁS DE OTROS ACTIVOS EN EL(LA) MUNICIPALIDAD PROVINCIAL DE LAMPA  DISTRITO DE LAMPA, PROVINCIA LAMPA, DEPARTAMENTO PUNO",LAMPA,LAMPA,ACTIVO,APROBADO,97.86,93.31,2024-11-14 22:47:35,647.0,1.8,SI,SI,576588.32,602295.09,Reporte físico desactualizado
2652428,"ADQUISICION DE TERRENO EN EL(LA) MEJORAMIENTO Y AMPLIACION DEL SISTEMA DE AGUA POTABLE Y ALCANTARILLADO DE LA LOCALIDAD DE SAN GABAN, PARA CONSTRUCCION DE PLANTA DE TRATAMIENTO DE AGUA POTABLE EN EL  DISTRITO DE SAN GABAN, PROVINCIA CARABAYA, DEPARTAMENTO PUNO",CARABAYA,SAN GABAN,ACTIVO,APROBADO,100.0,95.42,2024-12-17 23:34:03,614.0,1.7,SI,SI,48000.0,65508.3,Reporte físico desactualizado
2555089,"CONSTRUCCION DE LÍNEA DE CONDUCCIÓN, RESERVORIO, LÍNEA DE ADUCCIÓN Y RED DE DISTRIBUCION ADEMÁS DE OTROS ACTIVOS EN EL(LA) COMUNIDAD CAMPESINA DE MOLINO HUMACATA DEL  DISTRITO DE ZEPITA, PROVINCIA CHUCUITO, DEPARTAMENTO PUNO",CHUCUITO,ZEPITA,ACTIVO,APROBADO,63.16,64.0,2024-12-21 22:59:21,610.0,1.7,SI,SI,836701.1,1298643.19,Reporte físico desactualizado
2564961,CREACION DEL SERVICIO DE AGUA POTABLE Y DISPOSICIÓN DE EXCRETAS EN LA COMUNIDAD DE SAN JUAN DE PALOMANI DEL DISTRITO DE ANANEA - PROVINCIA DE SAN ANTONIO DE PUTINA - DEPARTAMENTO DE PUNO,SAN ANTONIO DE PUTINA,ANANEA,ACTIVO,VIABLE,100.0,100.0,2024-12-27 15:37:42,604.0,1.7,SI,SI,476808.05,480877.93,Reporte físico desactualizado
2645092,"ADQUISICION DE BOMBA DE AGUA EN EL(LA) SECTOR SALLALLIN EN EL CENTRO POBLADO HILATA, DISTRITO DE CAPACHICA, PROVINCIA PUNO, DEPARTAMENTO PUNO",PUNO,CAPACHICA,ACTIVO,APROBADO,100.0,100.0,2025-01-07 16:07:30,593.0,1.6,SI,SI,62620.78,63300.85,Reporte físico desactualizado
2285593,"INSTALACION DEL SISTEMA DE AGUA POTABLE Y DISPOSICION SANITARIA DE EXCRETAS EN LAS COMUNIDADES DE FLORIDA, PILIPILINE, TUTURCUYO, ESQUINAPATA Y YUCAJACHI, DISTRITO DE ACHAYA - AZANGARO - PUNO",AZANGARO,ACHAYA,ACTIVO,VIABLE,100.0,100.0,2025-01-29 13:47:59,571.0,1.6,SI,SI,9476501.55,9476501.55,Reporte físico desactualizado
2625735,"REPARACION DE ESTACION DE BOMBEO DE AGUA EN EL(LA) SISTEMA DE ABASTECIMIENTO DE AGUA DE LA ORGANIZACIÓN COMUNAL JASS SUCAPAYA ¿ LAGUNILLAS CHOCCACHA ¿ CONCHILLA DEL  DISTRITO DE CAMINACA, PROVINCIA AZANGARO, DEPARTAMENTO PUNO",AZANGARO,CAMINACA,ACTIVO,APROBADO,100.0,88.55,2025-02-03 15:29:12,566.0,1.5,SI,SI,23000.0,24019.0,Reporte físico desactualizado
2615437,CREACION DEL SERVICIO DE AGUA POTABLE RURAL EN LA COMUNIDAD DE SAN JERONIMO DE ULLAGACHI DEL   DISTRITO DE VILQUE DE LA PROVINCIA DE PUNO DEL DEPARTAMENTO DE PUNO,PUNO,VILQUE,ACTIVO,VIABLE,25.66,27.53,2025-02-06 14:25:22,563.0,1.5,SI,SI,85507.5,331036.6,Reporte físico desactualizado
2626754,CREACION DEL SERVICIO DE AGUA POTABLE RURAL EN LA COMUNIDAD DE SAN GERONIMO DE ULLAGACHI   DISTRITO DE ATUNCOLLA DE LA PROVINCIA DE PUNO DEL DEPARTAMENTO DE PUNO,PUNO,ATUNCOLLA,ACTIVO,VIABLE,19.24,18.2,2025-02-07 14:08:00,562.0,1.5,SI,SI,57640.0,316645.83,Reporte físico desactualizado
2142933,"MEJORAMIENTO Y AMPLIACION DEL SISTEMA DE AGUA POTABLE DESAGUE- REDES DISTRIBUICION CONEXIONES DOMICILIARIAS  Y PLANTA DE TRATAMIENTO DE AGUAS RESIDUALES  LOCALIDAD CRUCERO, DISTRITO DE CRUCERO - CARABAYA - PUNO",CARABAYA,CRUCERO,ACTIVO,VIABLE,55.0,54.81,2025-02-27 15:10:29,542.0,1.5,SI,SI,8856390.24,11961393.36,Reporte físico desactualizado
2609283,"RENOVACION DE SISTEMA DE ABASTECIMIENTO DE AGUA POTABLE, CONEXIONES DOMICILIARIAS DE AGUA POTABLE, RED DE ALCANTARILLADO Y CONEXION DOMICILIARIA DE ALCANTARILLADO EN EL(LA) JIRÓN ILAVE, PSJE LOS REYES Y PSJE ILAVE DE LA CIUDAD DE ILAVE DEL  DISTRITO DE ILAVE, PROVINCIA EL COLLAO, DEPARTAMENTO PUNO",EL COLLAO,ILAVE,ACTIVO,APROBADO,90.97,90.25,2025-03-14 17:57:45,527.0,1.4,SI,SI,357926.29,563386.25,Reporte físico desactualizado
2608392,"ADQUISICION DE TERRENO EN EL(LA) EN SECTOR COMERCOCHA Y SECTOR CALLPUYO DE LA COMUNIDAD CALLPUYO PARA CAPTACION Y PLANTA DE TRATAMIENTO DE AGUA POTABLE DEL  DISTRITO DE AJOYANI, PROVINCIA CARABAYA, DEPARTAMENTO PUNO",CARABAYA,AJOYANI,ACTIVO,APROBADO,64.6,61.03,2025-03-19 10:22:44,522.0,1.4,SI,SI,111310.0,112500.0,Reporte físico desactualizado
2295143,"INSTALACION DEL SISTEMA DE AGUA POTABLE Y LETRINAS SANITARIAS CON ARRASTRE HIDRAULICO Y BIODIGESTOR EN LA COMUNIDAD DE CAYARANI, DISTRITO DE ORURILLO - MELGAR - PUNO",MELGAR,ORURILLO,ACTIVO,VIABLE,100.0,100.0,2025-03-24 20:34:40,517.0,1.4,SI,SI,1656438.87,1668580.37,Reporte físico desactualizado
2492658,MEJORAMIENTO Y AMPLIACIÓN DEL SERVICIO AGUA POTABLE Y ALCANTARILLADO EN EL CENTRO POBLADO DE CHUQUINE DEL  DISTRITO DE ANANEA - PROVINCIA DE SAN ANTONIO DE PUTINA - DEPARTAMENTO DE PUNO,SAN ANTONIO DE PUTINA,ANANEA,ACTIVO,VIABLE,99.72,99.73,2025-07-17 14:55:41,402.0,1.1,SI,SI,2483937.21,2498491.25,Reporte físico desactualizado
