CODIGO_UNICO,NOMBRE_INVERSION,LOCALIDAD_EXTRAIDA,CONSULTA_NOMINATIM,DISPLAY_NAME_NOMINATIM,LATITUD,LONGITUD,PROVINCIA_ESPERADA,DISTRITO_ESPERADO,COINCIDE_DISTRITO,COINCIDE_PROVINCIA,ESTADO_VALIDACION,MOTIVO_REVISION
2311215,"AMPLIACION Y CREACIÓN DE LOS SERVICIOS DE AGUA POTABLE Y ALCANTARILLADO SANITARIO EN LAS URBANIZACIONES AZIRUNI III ETAPA (CIUDAD JARDÍN) Y SAN SANTIAGO DEL CENTRO POBLADO DE JAYLLIHUAYA, DISTRITO DE PUNO, PROVINCIA DE PUNO - PUNO",JAYLLIHUAYA,"JAYLLIHUAYA, PUNO, PUNO, Puno, Peru","Jayllihuaya, Puno, 05151, Perú",-15.8787471,-69.9751057,PUNO,PUNO,SI,SI,OK,
2153862,"MEJORAMIENTO Y AMPLIACIÓN DEL SISTEMA DE AGUA POTABLE Y SANEAMIENTO BÁSICO DE LA LOCALIDAD DE ISCAYAPI, DISTRITO ARAPA, PROVINCIA AZÁNGARO, DEPARTAMENTO DE PUNO",ISCAYAPI,"ISCAYAPI, ARAPA, AZANGARO, Puno, Peru","Iscayapi, Arapa, Azángaro, Puno, Perú",-15.1306529,-70.0788978,AZANGARO,ARAPA,SI,NO,REVISAR,Provincia no coincide
2150046,"MEJORAMIENTO Y AMPLIACION DE LOS SISTEMAS DE AGUA POTABLE, REDES DE DESAGUE Y TRATAMIENTO DE AGUAS SERVIDAS EN LA LOCALIDAD DE CAPASO, DISTRITO DE CAPAZO - EL COLLAO - PUNO",CAPASO,"CAPASO, CAPAZO, EL COLLAO, Puno, Peru","Capaso, Capazo, El Collao, Puno, Perú",-17.1836657,-69.7446898,EL COLLAO,CAPAZO,SI,SI,OK,
2142933,"MEJORAMIENTO Y AMPLIACION DEL SISTEMA DE AGUA POTABLE DESAGUE- REDES DISTRIBUICION CONEXIONES DOMICILIARIAS  Y PLANTA DE TRATAMIENTO DE AGUAS RESIDUALES  LOCALIDAD CRUCERO, DISTRITO DE CRUCERO - CARABAYA - PUNO",CRUCERO,"CRUCERO, CRUCERO, CARABAYA, Puno, Peru","Crucero, Carabaya, Puno, Perú",-14.3611964,-70.0234904,CARABAYA,CRUCERO,SI,SI,OK,
2311764,"MEJORAMIENTO Y AMPLIACION DEL SISTEMA DE AGUA POTABLE Y DISPOSICION DE EXCRETAS  EN EL SECTOR DE SANTA ANA, DISTRITO DE SAN JUAN DEL ORO - SANDIA - PUNO",SANTA ANA,"SANTA ANA, SAN JUAN DEL ORO, SANDIA, Puno, Peru","Santa Ana, San Juan del Oro, Sandia, Puno, Perú",-14.1594917,-69.0680999,SANDIA,SAN JUAN DEL ORO,SI,SI,OK,
2161282,"INSTALACION DEL SISTEMA DE AGUA POTABLE Y LETRINAS EN LAS COMUNIDADES DE ESQUINAPATA Y TUPAC AMARU, DISTRITO DE ARAPA - AZANGARO - PUNO",ESQUINAPATA,"ESQUINAPATA, ARAPA, AZANGARO, Puno, Peru","Esquinapata, Arapa, Azángaro, Puno, Perú",-15.1703787,-70.1880747,AZANGARO,ARAPA,SI,NO,REVISAR,Provincia no coincide
2221138,"INSTALACION DEL SISTEMA DE AGUA POTABLE Y SERVICIO HIGIENICO CON ARRASTRE HIDRAULICO EN LA COMUNIDAD DE MODELO, DISTRITO DE ASILLO - AZANGARO - PUNO",MODELO,"MODELO, ASILLO, AZANGARO, Puno, Peru","Lacaycunca Modelo, Asillo, Azángaro, Puno, Perú",-14.7192383,-70.2938243,AZANGARO,ASILLO,SI,NO,REVISAR,Provincia no coincide
2133298,"MEJORAMIENTO Y AMPLIACION DEL SISTEMA DE AGUA POTABLE Y ALCANTARILLADO DE LA LOCALIDAD DE ASILLO , DISTRITO DE ASILLO - AZANGARO - PUNO",ASILLO,"ASILLO, ASILLO, AZANGARO, Puno, Peru","Asillo, Azángaro, Puno, Perú",-14.7865915,-70.3540033,AZANGARO,ASILLO,SI,NO,REVISAR,Provincia no coincide
2189348,"MEJORAMIENTO Y AMPLIACION DE LOS  SERVICIOS DE AGUA POTABLE Y DISPOSICIÓN SANITARIA DE EXCRETAS DE LA COMUNIDAD CAMPESINA DE PESQUECUCHO, DISTRITO DE ASILLO, AZANGARO - PUNO.",PESQUECUCHO,"PESQUECUCHO, ASILLO, AZANGARO, Puno, Peru","Pesquecucho, Posoconi, Asillo, Azángaro, Puno, Perú",-14.7932325,-70.4228675,AZANGARO,ASILLO,SI,NO,REVISAR,Provincia no coincide
2101883,"INSTALACION DEL SISTEMA DE AGUA POTABLE EN LA COMUNIDAD HUAPACA SANTIAGO, DISTRITO DE POMATA - CHUCUITO - PUNO",HUAPACA SANTIAGO,"HUAPACA SANTIAGO, POMATA, CHUCUITO, Puno, Peru","Institución Educativa Huapaca Santiago, PU-1284, Pomata, Chucuito, Puno, Perú",-16.4019,-69.2871,CHUCUITO,POMATA,SI,SI,OK,
2183859,"MEJORAMIENTO Y AMPLIACION DE LOS SERVICIOS DE AGUA POTABLE Y DISPOSICION SANITARIA DE EXCRETAS DE LA COMUNIDAD CAMPESINA DE CCAPALLA, CENTRO POBLADO CCAPALLA, DISTRITO DE ACORA, PUNO - PUNO",CCAPALLA,"CCAPALLA, ACORA, PUNO, Puno, Peru","Institución Educativa Ccapalla, Carretera Longitudinal de la Sierra Sur, Capalla, Ácora, Puno, Perú",-16.0494,-69.708,PUNO,ACORA,NO,SI,REVISAR,Distrito no coincide
2153139,"INSTALACION DEL SISTEMA DE AGUA POTABLE Y SANEAMIENTO EN LAS LOCALIDADES DE VILLA HERMOSA Y NUEVA ESPINAR, DISTRITO DE CRUCERO - CARABAYA - PUNO",VILLA HERMOSA,"VILLA HERMOSA, CRUCERO, CARABAYA, Puno, Peru","Villa Hermosa, Crucero, Carabaya, Puno, Perú",-14.3226271,-69.8949818,CARABAYA,CRUCERO,SI,SI,OK,
2225246,"MEJORAMIENTO DEL SISTEMA DE ABASTECIMIENTO DE AGUA POTABLE, ALCANTARILLADO Y PTAR EN LA LOCALIDAD DE LLALLI, DISTRITO DE LLALLI - MELGAR - PUNO",LLALLI,"LLALLI, LLALLI, MELGAR, Puno, Peru","Llalli, 106, PE-3SG, Parco, Llalli, Melgar, Puno, Perú",-14.9510883,-70.8811794,MELGAR,LLALLI,SI,SI,OK,
2183866,"MEJORAMIENTO Y AMPLIACIÓN DE LOS SERVICIOS DE AGUA POTABLE Y DISPOSICIÓN SANITARIA DE EXCRETAS  DE LA COMUNIDAD CAMPESINA DE COLLINI, CENTRO  POBLADO INCASAMAWI, DISTRITO DE ACORA, PUNO - PUNO",COLLINI,"COLLINI, ACORA, PUNO, Puno, Peru","Collini, Ácora, Puno, Perú",-16.0780346,-69.7037581,PUNO,ACORA,NO,SI,REVISAR,Distrito no coincide
2187533,"MEJORAMIENTO Y AMPLIACION DE LOS SERVICIOS DE AGUA POTABLE Y DISPOSICION SANITARIA DE EXCRETAS DE LA COMUNIDAD CAMPESINA DE KAKACHI, DISTRITO DE HUANCANE, HUANCANE, PUNO",KAKACHI,"KAKACHI, HUANCANE, HUANCANE, Puno, Peru","Kakachi, Huancané, Puno, Perú",-15.247435,-69.7916542,HUANCANE,HUANCANE,NO,NO,REVISAR,Distrito no coincide | Provincia no coincide
2189342,"MEJORAMIENTO Y AMPLIACION DE LOS  SERVICIOS DE AGUA POTABLE Y DISPOSICIÓN SANITARIA DE EXCRETAS DE LA COMUNIDAD CAMPESINA DE MACHARIRI CENTRAL, DISTRITO DE ASILLO, AZANGARO - PUNO.",MACHARIRI CENTRAL,"MACHARIRI CENTRAL, ASILLO, AZANGARO, Puno, Peru","Tambo Machariri Central, Carretera Interoceánica Puno - Madre de Dios, Chatraya, Jila, Asillo, Azángaro, Puno, Perú",-14.67899,-70.335496,AZANGARO,ASILLO,SI,NO,REVISAR,Provincia no coincide
2239679,"MEJORAMIENTO Y AMPLIACION DEL SISTEMA DE AGUA POTABLE Y ALCANTARILLADO DEL CENTRO POBLADO DE TRAPICHE, DISTRITO DE ANANEA - SAN ANTONIO DE PUTINA - PUNO",TRAPICHE,"TRAPICHE, ANANEA, SAN ANTONIO DE PUTINA, Puno, Peru","Trapiche, Ananea, San Antonio de Putina, Puno, Perú",-14.7581955,-69.4134687,SAN ANTONIO DE PUTINA,ANANEA,SI,SI,OK,
2309673,"CREACION DEL SERVICIO DE AGUA POTABLE Y SANEAMIENTO BÁSICO EN EL CENTRO POBLADO DE CURVA ALEGRE, DISTRITO DE SAN PEDRO DE PUTINA PUNCU - SANDIA - PUNO",CURVA ALEGRE,"CURVA ALEGRE, SAN PEDRO DE PUTINA PUNCO, SANDIA, Puno, Peru","Curva Alegre, San Pedro de Putina Punco, Sandia, Puno, Perú",-14.0409032,-68.9588955,SANDIA,SAN PEDRO DE PUTINA PUNCO,SI,SI,OK,
2270279,"AMPLIACION Y MEJORAMIENTO DE LOS SERVICIOS DE AGUA POTABLE Y ALCANTARILLADO EN LA LOCALIDAD DE JULI, PROVINCIA DE CHUCUITO - PUNO",JULI,"JULI, JULI, CHUCUITO, Puno, Peru","Juli, Chucuito, Puno, 21530, Perú",-16.2132873,-69.4591568,CHUCUITO,JULI,SI,SI,REVISAR,Nombre muy genérico
2307914,"AMPLIACION Y MEJORAMIENTO DEL SERVICIO DE AGUA POTABLE Y DISPOSICION SANITARIA DE EXCRETAS EN EL CENTRO POBLADO DE PHUSCA , DISTRITO DE USICAYOS - CARABAYA - PUNO",PHUSCA,"PHUSCA, USICAYOS, CARABAYA, Puno, Peru","Institución educativa inicial Phusca, PU-552, Mio, Ccetapalo, Usicayos, Carabaya, Puno, Perú",-14.1077,-69.8749,CARABAYA,USICAYOS,SI,SI,OK,
2182866,"MEJORAMIENTO Y AMPLIAICON DE LOS SISTEMAS DE AGUA POTABLE Y ALCANTARILLADO DE LA LOCALIDAD DE POMATA, DISTRITO DE POMATA - CHUCUITO - PUNO",POMATA,"POMATA, POMATA, CHUCUITO, Puno, Peru","Pomata, Chucuito, Puno, Perú",-16.2731488,-69.2921984,CHUCUITO,POMATA,SI,SI,OK,
2328144,"CREACION DEL SERVICIO DE AGUA POTABLE Y SANEAMIENTO BASICO EN LOS SECTORES CENTRAL, ISLA CANCHI, INCASAYA Y CHALLHUANI DE LA COMUNIDAD CANCHI CHICO, DISTRITO DE CARACOTO - SAN ROMAN - PUNO",CANCHI CHICO,"CANCHI CHICO, CARACOTO, SAN ROMAN, Puno, Peru","Canchi Chico Central, Caracoto, San Román, Puno, Perú",-15.5090311,-70.0695648,SAN ROMAN,CARACOTO,SI,NO,REVISAR,Provincia no coincide
2174797,"INSTALACION DEL SISTEMA DE AGUA POTABLE Y SERVICIO HIGIENICO CON ARRASTRE HIDRAULICO EN LA COMUNIDAD DE HUANCASAYA, DISTRITO DE COJATA - HUANCANE - PUNO",HUANCASAYA,"HUANCASAYA, COJATA, HUANCANE, Puno, Peru","Huancasaya, Cojata, Huancané, Puno, Perú",-15.143454,-69.2158364,HUANCANE,COJATA,SI,NO,REVISAR,Provincia no coincide
2411246,"MEJORAMIENTO Y AMPLIACION DE LOS SERVICIOS DE AGUA POTABLE Y DISPOSICION SANITARIA DE EXCRETAS EN LA COMUNIDAD DE ANANSAYA, DISTRITO DE CRUCERO - CARABAYA - PUNO",ANANSAYA,"ANANSAYA, CRUCERO, CARABAYA, Puno, Peru","Anansaya, Crucero, Carabaya, Puno, Perú",-14.3165504,-70.1721398,CARABAYA,CRUCERO,SI,SI,OK,
2226027,"MEJORAMIENTO Y AMPLIACION DEL SISTEMA DE AGUA POTABLE Y DESAGÜE EN LA LOCALIDAD DE TAMBILLO, DISTRITO DE ITUATA - CARABAYA - PUNO",TAMBILLO,"TAMBILLO, ITUATA, CARABAYA, Puno, Peru","Tambillo, Ituata, Carabaya, Puno, Perú",-13.8762874,-70.2141705,CARABAYA,ITUATA,SI,SI,OK,
2301308,"MEJORAMIENTO, AMPLIACION DEL SERVICIO DE AGUA POTABLE Y SANEAMIENTO BASICO EN LOS OCHO SECTORES DEL CENTRO POBLADO DE UMUCHI, DISTRITO DE MOHO, PROVINCIA DE MOHO - PUNO",UMUCHI,"UMUCHI, MOHO, MOHO, Puno, Peru","Umuchi, Moho, Puno, Perú",-15.3407315,-69.5754772,MOHO,MOHO,SI,SI,OK,
2315216,"INSTALACION DEL SERVICIO DE AGUA POTABLE Y DISPOSICION SANITARIA DE EXCRETAS EN LA COMUNIDAD CAMPESINA DE SANTA ROSA, DISTRITO DE SANTA ROSA - MELGAR - PUNO",SANTA ROSA,"SANTA ROSA, SANTA ROSA, MELGAR, Puno, Peru","Santa Rosa, Melgar, Puno, Perú",-14.6090248,-70.7871904,MELGAR,SANTA ROSA,SI,SI,OK,
2236180,"MEJORAMIENTO Y AMPLIACION DEL SERVICIO DE AGUA POTABLE Y SANEAMIENTO BASICO INTEGRAL EN LOS SECTORES DEL CENTRO POBLADO DE JACANTAYA, DISTRITO DE MOHO, PROVINCIA DE MOHO - PUNO",JACANTAYA,"JACANTAYA, MOHO, MOHO, Puno, Peru","Jacantaya, Moho, Puno, Perú",-15.3117412,-69.6312743,MOHO,MOHO,SI,SI,OK,
2189503,"INSTALACION DEL SERVICIO DE AGUA POTABLE Y DISPOSICIÓN SANITARIA DE EXCRETAS DE LA COMUNIDAD CAMPESINA DE CUSINI, DISTRITO DE ACORA, PROVINCIA DE PUNO, REGIÓN PUNO",CUSINI,"CUSINI, ACORA, PUNO, Puno, Peru","Cusini, Ácora, Puno, Perú",-16.1777105,-69.7349211,PUNO,ACORA,NO,SI,REVISAR,Distrito no coincide
2113918,"INSTALACION DEL SISTEMA DE AGUA POTABLE Y LETRINAS SANITARIAS EN EL CENTRO POBLADO DE CANGALLI DEL DISTRITO DE ILAVE, PROVINCIA DE EL COLLAO - PUNO",CANGALLI,"CANGALLI, ILAVE, EL COLLAO, Puno, Peru","Cangalli, Ilave, El Collao, Puno, Perú",-16.3510022,-69.7387245,EL COLLAO,ILAVE,SI,SI,OK,
2189465,"MEJORAMIENTO Y AMPLIACION DE LOS SERVICIOS DE AGUA POTABLE Y DISPOSICION SANITARIA DE EXCRETAS DEL CENTRO POBLADO THUNCO, DISTRITO DE ACORA, PUNO - PUNO",THUNCO,"THUNCO, ACORA, PUNO, Puno, Peru","Thunco, Carretera Longitudinal de la Sierra Sur, Capalla, Ácora, Puno, Perú",-16.005933,-69.6965444,PUNO,ACORA,NO,SI,REVISAR,Distrito no coincide
2189508,"INSTALACION DEL SERVICIO DE AGUA POTABLE Y DISPOSICION SANITARIA DE EXCRETAS EN LOS SECTORES DE MANUELO Y MAMANI EN LA COMUNIDAD CAMPESINA DE KAPIA PUSUMA, DISTRITO DE KELLUYO - CHUCUITO - PUNO",KAPIA PUSUMA,"KAPIA PUSUMA, KELLUYO, CHUCUITO, Puno, Peru","Tambo Kapia Pusuma, Plaza de Tulacollo, Tulacollo, Kelluyo, Chucuito, Puno, Perú",-16.837151,-69.224645,CHUCUITO,KELLUYO,SI,SI,OK,
2204402,"AMPLIACION Y MEJORAMIENTO DEL SISTEMA DE AGUA Y ALCANTARILLADO DE LA LOCALIDAD DE  CHUCUITO, DISTRITO DE CHUCUITO - PUNO - PUNO",CHUCUITO,"CHUCUITO, CHUCUITO, PUNO, Puno, Peru","Chucuito, Puno, Perú",-15.8944723,-69.8898395,PUNO,CHUCUITO,SI,SI,OK,
2176420,"MEJORAMIENTO Y AMPLIACION DEL SISTEMA DE AGUA POTABLE Y ALCANTARILLADO DE LA LOCALIDAD DE ATUNCOLLA, DISTRITO DE ATUNCOLLA - PUNO - PUNO",ATUNCOLLA,"ATUNCOLLA, ATUNCOLLA, PUNO, Puno, Peru","Atuncolla, Puno, Perú",-15.6884255,-70.1432128,PUNO,ATUNCOLLA,SI,SI,OK,
2155537,"INSTALACION Y MEJORAMIENTO DEL SERVICIO DE SANEAMIENTO BASICO INTEGRAL EN LOS ANEXOS SAN MIGUEL, CANCHARANI Y PURO PURO INCAMAYO DEL SECTOR YAPUSCACHI, DISTRITO DE CABANA - SAN ROMAN - PUNO",YAPUSCACHI,"YAPUSCACHI, CABANA, SAN ROMAN, Puno, Peru","IEP Yapuscachi, Héroes de La Guerra del Pacífico, Cabana, San Román, Puno, Perú",-15.6163605,-70.3155288,SAN ROMAN,CABANA,SI,NO,REVISAR,Provincia no coincide
2245270,"INSTALACION DE LOS SERVICIOS DEL SISTEMA DE AGUA POTABLE Y DISPOSICIÓN SANITARIA DE EXCRETAS EN LAS COMUNIDADES DE VIZCACHANI Y PATABAMBA, DISTRITO DE ORURILLO - MELGAR - PUNO",VIZCACHANI,"VIZCACHANI, ORURILLO, MELGAR, Puno, Peru","Vizcachani, Quishuarani, Orurillo, Melgar, Puno, Perú",-14.6548129,-70.5123758,MELGAR,ORURILLO,SI,SI,OK,
2196970,"INSTALACION DEL SERVICIO DE AGUA POTABLE Y ALCANTARILLADO EN EL ÁREA URBANO DEL CENTRO POBLADO DE SANTIAGO, DEL DISTRITO DE JULI, PROVINCIA DE CHUCUITO - PUNO",SANTIAGO,"SANTIAGO, JULI, CHUCUITO, Puno, Peru","Santiago Mucho Chambilla, Carretera Longitudinal de la Sierra Sur, Mulla Contihueco Hirpani, Pilcuyo, El Collao, Puno, Perú",-16.1613465,-69.5392493,CHUCUITO,JULI,NO,NO,REVISAR,Distrito no coincide | Provincia no coincide
2168883,"CONSTRUCCIÓN DEL SISTEMA DE AGUA POTABLE Y SANEAMIENTO BÁSICO DE LA LOCALIDAD DE COLQUE, DISTRITO DE PUCARA, PROVINCIA DE LAMPA, DEPARTAMENTO DE PUNO",COLQUE,"COLQUE, PUCARA, LAMPA, Puno, Peru","Colque, Pucará, Lampa, Puno, Perú",-15.1492428,-70.4419499,LAMPA,PUCARA,NO,SI,REVISAR,Distrito no coincide
2209686,"INSTALACION DEL SISTEMA DE SANEAMIENTO BASICO DE AGUA POTABLE Y LETRINAS EN LA COMUNIDAD DE ANGARA ALTO DEL DISTRITO DE PUCARA DE LA, PROVINCIA DE LAMPA - PUNO",ANGARA ALTO,"ANGARA ALTO, PUCARA, LAMPA, Puno, Peru","Angara Alto, Carretera Longitudinal de la Sierra Sur, Tuni Grande, Pucará, Lampa, Puno, Perú",-14.9746516,-70.479191,LAMPA,PUCARA,NO,SI,REVISAR,Distrito no coincide
2299942,"CREACION DEL SERVICIO DE AGUA POTABLE Y DISPOSICION SANITARIA DE EXCRETAS EN LOS SECTORES QUIÑONES Y MAMANI DEL CENTRO POBLADO SICUYANI, DISTRITO DE ZEPITA, PROVINCIA DE CHUCUITO, DEPARTAMENTO DE PUNO",SICUYANI,"SICUYANI, ZEPITA, CHUCUITO, Puno, Peru","Sicuyani, Zepita, Chucuito, Puno, Perú",-16.5957032,-69.2041506,CHUCUITO,ZEPITA,SI,SI,OK,
2186037,"MEJORAMIENTO Y AMPLIACION DE LOS SERVICIOS DE AGUA POTABLE Y DISPOSICION SANITARIA DE EXCRETAS DEL CENTRO POBLADO ISCATA, DISTRITO DE ACORA, PUNO - PUNO",ISCATA,"ISCATA, ACORA, PUNO, Puno, Peru","Iscata, Ácora, Puno, Perú",-15.9624969,-69.6290894,PUNO,ACORA,NO,SI,REVISAR,Distrito no coincide
2353170,MEJORAMIENTO Y AMPLIACION DEL SERVICIO DE AGUA POTABLE Y DISPOSICION SANITARIA DE EXCRETAS EN LA COMUNIDAD CAMPESINA DE SILLOTA - DISTRITO DE ASILLO - PROVINCIA DE AZANGARO - DEPARTAMENTO DE PUNO,SILLOTA,"SILLOTA, ASILLO, AZANGARO, Puno, Peru","Sillota, Asillo, Azángaro, Puno, Perú",-14.6740665,-70.3141326,AZANGARO,ASILLO,SI,NO,REVISAR,Provincia no coincide
2288488,"CREACION DEL CANAL DE EVACUACIÓN DE AGUAS PLUVIALES EN  LA COMUNIDAD DE POTOJANI GRANDE, DISTRITO DE CHUCUITO - PUNO - PUNO",POTOJANI GRANDE,"POTOJANI GRANDE, CHUCUITO, PUNO, Puno, Peru","Institución Educativa Potojani Grande, Carretera Longitudinal de la Sierra Sur, Chucuito, Puno, Perú",-15.9296,-69.8789,PUNO,CHUCUITO,SI,SI,OK,
2309853,"CREACION DEL SERVICIO DE AGUA POTABLE Y SANEAMIENTO BÁSICO EN EL SECTOR MIRAFLORES LANZA, DISTRITO DE SAN PEDRO DE PUTINA PUNCU - SANDIA - PUNO",MIRAFLORES LANZA,"MIRAFLORES LANZA, SAN PEDRO DE PUTINA PUNCO, SANDIA, Puno, Peru","Miraflores Lanza, San Pedro de Putina Punco, Sandia, Puno, Perú",-14.0929764,-68.8888961,SANDIA,SAN PEDRO DE PUTINA PUNCO,SI,SI,OK,
2186043,"MEJORAMIENTO Y AMPLIACIÓN DE LOS SERVICIOS DE AGUA POTABLE Y DISPOSICIÓN SANITARIA DE EXCRETAS  DE LA COMUNIDAD CAMPESINA DE CASA BLANCA, DISTRITO DE ASILLO, AZÁNGARO - PUNO.",CASA BLANCA,"CASA BLANCA, ASILLO, AZANGARO, Puno, Peru","Casa Blanca, Asillo, Azángaro, Puno, Perú",-14.6907744,-70.336621,AZANGARO,ASILLO,SI,NO,REVISAR,Provincia no coincide
2153138,"INSTALACION DEL SISTEMA DE AGUA POTABLE EN LA COMUNIDAD DE CUSQUI, DISTRITO DE CRUCERO - CARABAYA - PUNO",CUSQUI,"CUSQUI, CRUCERO, CARABAYA, Puno, Peru","Cusqui, Crucero, Carabaya, Puno, Perú",-14.2713588,-69.8542788,CARABAYA,CRUCERO,SI,SI,OK,
2238917,"MEJORAMIENTO Y AMPLIACION DE SISTEMA DE AGUA POTABLE, ALCANTARILLADO Y PTAR EN LA LOCALIDAD DE PILCUYO DEL DISTRITO DE PILCUYO - PROVINCIA DE EL COLLAO - DEPARTAMENTO DE PUNO",PILCUYO,"PILCUYO, PILCUYO, EL COLLAO, Puno, Peru","Pilcuyo, PU-127, Chipana, Pilcuyo, El Collao, Puno, Perú",-16.105,-69.5559,EL COLLAO,PILCUYO,SI,SI,OK,
2215975,"MEJORAMIENTO Y AMPLIACIÓN DEL SISTEMA DE AGUA POTABLE Y SANEAMIENTO DE LA LOCALIDAD DE TIRAPATA, DISTRITO DE TIRAPATA - AZANGARO - PUNO",TIRAPATA,"TIRAPATA, TIRAPATA, AZANGARO, Puno, Peru","Jatun Tirapata, Tirapata, Azángaro, Puno, Perú",-14.950191,-70.4048052,AZANGARO,TIRAPATA,SI,NO,REVISAR,Provincia no coincide
2168873,"CONSTRUCCION DEL SISTEMA DE AGUA POTABLE Y SANEAMIENTO BASICO DE LA LOCALIDAD DE AJJATIRA, DISTRITO DE PEDRO VILCA APAZA, PROVINCIA DE SAN ANTONIO DE PUTINA, DEPARTAMENTO DE PUNO",AJJATIRA,"AJJATIRA, PEDRO VILCA APAZA, SAN ANTONIO DE PUTINA, Puno, Peru","Ajjatira, Pedro Vilca Apaza, San Antonio de Putina, Puno, Perú",-15.0309343,-69.9216539,SAN ANTONIO DE PUTINA,PEDRO VILCA APAZA,SI,SI,OK,
2248246,"MEJORAMIENTO, AMPLIACION DEL  SISTEMA DE AGUA POTABLE Y ALCANTARILLADO EN LA LOCALIDAD DE SINA, DISTRITO DE SINA - SAN ANTONIO DE PUTINA - PUNO",SINA,"SINA, SINA, SAN ANTONIO DE PUTINA, Puno, Peru","Río Sina, Sina, San Antonio de Putina, Puno, Perú",-14.4928587,-69.2800324,SAN ANTONIO DE PUTINA,SINA,SI,SI,REVISAR,Nombre muy genérico
2307913,"AMPLIACION Y MEJORAMIENTO DEL SERVICIO DE AGUA POTABLE Y DISPOSICION SANITARIA DE EXCRETAS DEL CENTRO POBLADO DE TUTURCUYO , DISTRITO DE SANTIAGO DE PUPUJA - AZANGARO - PUNO",TUTURCUYO,"TUTURCUYO, SANTIAGO DE PUPUJA, AZANGARO, Puno, Peru","Tuturcuyo, Santiago de Pupuja, Azángaro, Puno, Perú",-15.1414387,-70.217664,AZANGARO,SANTIAGO DE PUPUJA,SI,NO,REVISAR,Provincia no coincide
2189488,"MEJORAMIENTO Y AMPLIACION DE LOS SERVICIOS DE AGUA POTABLE Y DISPOSICIÓN SANITARIA DE EXCRETAS DE LA COMUNIDAD CAMPESINA DE POSOCONI, DISTRITO DE ASILL, PROVINCIA DE AZANGARO, DEPARTAMENTO PUNO",POSOCONI,"POSOCONI, ASILLO, AZANGARO, Puno, Peru","Posoconi, Asillo, Azángaro, Puno, Perú",-14.7854978,-70.4239483,AZANGARO,ASILLO,SI,NO,REVISAR,Provincia no coincide
2241826,"MEJORAMIENTO, AMPLIACION DEL SERVICIO DE AGUA POTABLE Y LETRINAS SANITARIAS EN LA PARCIALIDAD DE CAMBRIA, DISTRITO DE CONIMA - MOHO - PUNO",CAMBRIA,"CAMBRIA, CONIMA, MOHO, Puno, Peru","Cambria, Conima, Moho, Puno, Perú",-15.4490153,-69.4555221,MOHO,CONIMA,SI,SI,OK,
2336609,"MEJORAMIENTO DE LOS SERVICIOS DE AGUA POTABLE Y DISPOSICION SANITARIA DE EXCRETAS EN LAS COMUNIDADES DE TORNO, QUILLO CHICO, QUEALLI Y TUNILA, DISTRITO DE HUATASANI - HUANCANE - PUNO",TORNO,"TORNO, HUATASANI, HUANCANE, Puno, Peru","Torno, Huatasani, Huancané, Puno, Perú",-15.018091,-69.8206473,HUANCANE,HUATASANI,SI,NO,REVISAR,Provincia no coincide
2198515,"INSTALACION DEL SISTEMA DE AGUA POTABLE Y EQUIPO SANITARIO EN LA PARCIALIDAD DE TOQUEPANI, DISTRITO DE INCHUPALLA - HUANCANE - PUNO",TOQUEPANI,"TOQUEPANI, INCHUPALLA, HUANCANE, Puno, Peru","Institución educativa inicial Toquepani, PU-849, Inchupalla, Huancané, Puno, Perú",-15.0246,-69.7604,HUANCANE,INCHUPALLA,SI,NO,REVISAR,Provincia no coincide
2278724,CREACION DEL SERVICIO DE AGUA POTABLE Y SANEAMIENTO EN LAS COMUNIDADES Y PARCIALIDADES DEL AREA RURAL DEL CENTRO POBLADO DE CALLACAMI DEL DISTRITO DE JULI - PROVINCIA DE CHUCUITO - DEPARTAMENTO DE PUNO,CALLACAMI,"CALLACAMI, JULI, CHUCUITO, Puno, Peru","Institución Educativa Callacami, PU-1264, Callacami, Conduriri, El Collao, Puno, Perú",-16.4908,-69.5249,CHUCUITO,JULI,NO,NO,REVISAR,Distrito no coincide | Provincia no coincide
2191201,"MEJORAMIENTO Y AMPLIACION DEL SERVICIO DE AGUA POTABLE Y DISPOSICION SANITARIA DE EXCRETAS EN EL SERTOR CENTRAL CHUA CHUA DEL CENTRO POBLADO CHUA CHUA, DISTRITO DE ZEPITA - CHUCUITO - PUNO",CHUA CHUA,"CHUA CHUA, ZEPITA, CHUCUITO, Puno, Peru","Chua Chua, Zepita, Chucuito, Puno, Perú",-16.4576242,-69.1399299,CHUCUITO,ZEPITA,SI,SI,OK,
2322657,"MEJORAMIENTO Y AMPLIACION DE LOS SERVICIOS DE AGUA POTABLE Y ALCANTARILLADO SANITARIO  EN EL CENTRO POBLADO DE PICHACANI , DISTRITO DE PICHACANI - PUNO - PUNO",PICHACANI,"PICHACANI, PICHACANI, PUNO, Puno, Peru","Plaza Mayor de Pichacani, Pichacani, Puno, Perú",-16.1076165,-70.1314352,PUNO,PICHACANI,SI,SI,OK,
2274677,"MEJORAMIENTO Y AMPLIACION DEL SERVICIO DE AGUA POTABLE E INSTALACION DE LETRINAS EN EL  CENTRO POBLADO DE SICARI , DISTRITO DE QUIACA - SANDIA - PUNO",SICARI,"SICARI, QUIACA, SANDIA, Puno, Peru","Sicari, Quiaca, Sandia, Puno, Perú",-14.4075369,-69.3453491,SANDIA,QUIACA,SI,SI,OK,
2197154,"MEJORAMIENTO Y AMPLIACION DEL SERVICIO DE AGUA POTABLE Y SANEAMIENTO BASICO INTEGRAL EN LOS SECTORES DE LA COMUNIDAD DE HUAYLLACUYO, DISTRITO DE ROSASPATA - HUANCANE - PUNO",HUAYLLACUYO,"HUAYLLACUYO, ROSASPATA, HUANCANE, Puno, Peru","Huayllacuyo, PU-859, Umajalso, Rosaspata, Huancané, Puno, Perú",-15.2264017,-69.458195,HUANCANE,ROSASPATA,SI,NO,REVISAR,Provincia no coincide
2313008,"CREACION DEL SERVICIO DE AGUA POTABLE Y SANEAMIENTO BÁSICO, EN EL SECTOR PIRHUANI, DISTRITO DE ANTAUTA - MELGAR - PUNO",PIRHUANI,"PIRHUANI, ANTAUTA, MELGAR, Puno, Peru","Cuenca Pirhuani, Antauta, Melgar, Puno, Perú",-14.448119,-70.3893536,MELGAR,ANTAUTA,SI,SI,OK,
2335302,"MEJORAMIENTO Y AMPLIACIÓN DEL SERVICIO DE AGUA POTABLE Y DESAGÜE EN LA LOCALIDAD DE CONDURIRI, DISTRITO DE CONDURIRI - EL COLLAO - PUNO",CONDURIRI,"CONDURIRI, CONDURIRI, EL COLLAO, Puno, Peru","Conduriri, Jirón Progreso, Conduriri, El Collao, Puno, Perú",-16.6227017,-69.7063433,EL COLLAO,CONDURIRI,SI,SI,OK,
2188775,"MEJORAMIENTO Y AMPLIACION DEL SISTEMA INTEGRAL DE AGUA POTABLE Y SANEAMIENTO EN LAS LOCALIDADES DE COATA, SUCASCO Y ALMOZANCHE, DISTRITO DE COATA - PUNO - PUNO",COATA,"COATA, COATA, PUNO, Puno, Peru","Coata, Jochi San Francisco, Coata, Puno, Perú",-15.5727778,-69.9227778,PUNO,COATA,SI,SI,OK,
2291774,"MEJORAMIENTO Y AMPLIACION DEL SISTEMA DE AGUA POTABLE Y DISPOSICION DE EXCRETAS EN EL CENTRO POBLADO DE ALTO PATACOLLO, DISTRITO DE ZEPITA - CHUCUITO - PUNO",ALTO PATACOLLO,"ALTO PATACOLLO, ZEPITA, CHUCUITO, Puno, Peru","Alto Patacollo, Zepita, Chucuito, Puno, Perú",-16.451031,-69.2466624,CHUCUITO,ZEPITA,SI,SI,OK,
2279319,"MEJORAMIENTO Y AMPLIACION DE LOS SERVICIOS DE AGUA POTABLE Y SANEAMIENTO DEL CENTRO POBLADO DE CAMPAMENTO , DISTRITO DE COASA - CARABAYA - PUNO",CAMPAMENTO,"CAMPAMENTO, COASA, CARABAYA, Puno, Peru","Campamento, Uchuhuma, Coasa, Carabaya, Puno, Perú",-13.9509178,-70.0561697,CARABAYA,COASA,SI,SI,OK,
2343462,"AMPLIACION Y MEJORAMIENTO DE LOS SERVICIOS DE AGUA POTABLE Y DISPOSICIÓN SANITARIA DE EXCRETAS EN LAS COMUNIDADES DE MACAYA PIRIPIRINI, CHIJTANI MARCAPATA, UNIÓN VILLA MERCEDES, ROSARIO HUANCARANI Y ALTO HUANCARANI, DISTRITO DE AZÁNGARO, PROVINCIA DE AZANGARO - PUNO",MACAYA PIRIPIRINI,"MACAYA PIRIPIRINI, AZANGARO, AZANGARO, Puno, Peru","Macaya Piripirini, Azángaro, Puno, Perú",-14.8749503,-70.1511385,AZANGARO,AZANGARO,NO,NO,REVISAR,Distrito no coincide | Provincia no coincide
2300861,"CREACION DEL SERVICIO DE AGUA POTABLE Y SANEAMIENTO BASICO INTEGRAL EN LAS COMUNIDADES CAMPESINAS DEL CENTRO POBLADO DE JACHOCCO HUARACCO  DEL DISTRITO DE ILAVE, PROVINCIA DE EL COLLAO - PUNO",JACHOCCO HUARACCO,"JACHOCCO HUARACCO, ILAVE, EL COLLAO, Puno, Peru","Jachocco Huaracco, Carretera Mazocruz - Ilave, Anchoto, Ilave, El Collao, Puno, Perú",-16.2025551,-69.6609331,EL COLLAO,ILAVE,SI,SI,OK,
2189345,"MEJORAMIENTO Y AMPLIACION DE LOS SERVICIOS DE AGUA POTABLE Y DISPOSICION SANITARIA DE EXCRETAS DE LA COMUNIDAD CAMPESINA DE HUILASIPE, CENTRO POBLADO DE CRUCERO, DISTRITO DE ACORA,  PUNO - PUNO",HUILASIPE,"HUILASIPE, ACORA, PUNO, Puno, Peru","Huilasipe, Ácora, Puno, Perú",-16.0094155,-69.6451552,PUNO,ACORA,NO,SI,REVISAR,Distrito no coincide
2187528,"INSTALACION DE LOS SISTEMAS DE AGUA POTABLE Y DISPOSICION SANITARIA DE EXCRETAS DE LA COMUNIDAD CAMPESINA DE CAPARAYA, DISTRITO DE HUANCANE, HUANCANE - PUNO",CAPARAYA,"CAPARAYA, HUANCANE, HUANCANE, Puno, Peru","Caparaya, Kakachi, Huancané, Puno, Perú",-15.2585457,-69.7905925,HUANCANE,HUANCANE,NO,NO,REVISAR,Distrito no coincide | Provincia no coincide
2302964,"MEJORAMIENTO Y AMPLIACION DEL SERVICIO DE AGUA POTABLE Y DISPOSICION SANITARIA DE EXCRETAS EN LA COMUNIDAD CAMPESINA DE TULACOLLO, DISTRITO DE KELLUYO, PROVINCIA DE CHUCUITO, DEPARTAMENTO DE PUNO",TULACOLLO,"TULACOLLO, KELLUYO, CHUCUITO, Puno, Peru","Tulacollo, Kelluyo, Chucuito, Puno, Perú",-16.8152646,-69.2578742,CHUCUITO,KELLUYO,SI,SI,OK,
2284002,"MEJORAMIENTO Y AMPLIACION DE LOS SERVICIOS DE AGUA POTABLE Y SANEAMIENTO DEL CENTRO POBLADO DE CHALLHUAMAYO , DISTRITO DE SAN GABAN - CARABAYA - PUNO",CHALLHUAMAYO,"CHALLHUAMAYO, SAN GABAN, CARABAYA, Puno, Peru","Institución educativa inicial 604 Challhuamayo, Carretera Interoceánica Puno - Madre de Dios, Challhuamayo, Ayapata, Carabaya, Puno, Perú",-13.3589,-70.3489,CARABAYA,SAN GABAN,NO,SI,REVISAR,Distrito no coincide
2295143,"INSTALACION DEL SISTEMA DE AGUA POTABLE Y LETRINAS SANITARIAS CON ARRASTRE HIDRAULICO Y BIODIGESTOR EN LA COMUNIDAD DE CAYARANI, DISTRITO DE ORURILLO - MELGAR - PUNO",CAYARANI,"CAYARANI, ORURILLO, MELGAR, Puno, Peru","Cayarani, Orurillo, Melgar, Puno, Perú",-14.6470928,-70.5795963,MELGAR,ORURILLO,SI,SI,OK,
2145688,"CONSTRUCCION DEL SISTEMA DE AGUA POTABLE Y SANEAMIENTO BASICO DE LA LOCALIDAD DE TUPALA, DISTRITO DE CAPASO, PROVINCIA DE EL COLLAO, DEPARTAMENTO DE PUNO.",TUPALA,"TUPALA, CAPAZO, EL COLLAO, Puno, Peru","Tupala, Capazo, El Collao, Puno, Perú",-17.0118324,-69.6312047,EL COLLAO,CAPAZO,SI,SI,OK,
2147702,"INSTALACION DEL SISTEMA DE AGUA POTABLE Y LETRINAS EN LA COMUNIDAD DE YANICO CUTURI, DISTRITO DE ARAPA - AZANGARO - PUNO",YANICO CUTURI,"YANICO CUTURI, ARAPA, AZANGARO, Puno, Peru","Yanico Cuturi, Arapa, Azángaro, Puno, Perú",-15.1048238,-70.1596469,AZANGARO,ARAPA,SI,NO,REVISAR,Provincia no coincide
2276287,"INSTALACION DEL SISTEMA DE SERVICIOS DE AGUA POTABLE Y LETRINAS SANITARIAS CON ARRASTRE HIDRAULICO Y BIODIGESTOR EN EL SECTOR HUAMACUNCA, DISTRITO DE SANTA ROSA - MELGAR - PUNO",HUAMACUNCA,"HUAMACUNCA, SANTA ROSA, MELGAR, Puno, Peru","Huamacunca, Santa Rosa, Melgar, Puno, Perú",-14.5769082,-70.9214726,MELGAR,SANTA ROSA,SI,SI,OK,
2195473,"MEJORAMIENTO Y AMPLIACION DEL SISTEMA DE AGUA POTABLE Y SANEAMIENTO DEL CENTRO POBLADO QUELLAHUYO POMAOCA, DISTRITO DE MOHO, PROVINCIA DE MOHO - PUNO",QUELLAHUYO POMAOCA,"QUELLAHUYO POMAOCA, MOHO, MOHO, Puno, Peru","Quellahuyo Pomaoca, PA-688, Pomaoca, Moho, Puno, Perú",-15.27355,-69.4450633,MOHO,MOHO,SI,SI,OK,
2236933,"INSTALACION DE SERVICIO DE AGUA POTABLE Y LETRINAS SANITARIAS COMUNIDAD CRUCERO, DISTRITO DE CRUCERO - CARABAYA - PUNO",CRUCERO,"CRUCERO, CRUCERO, CARABAYA, Puno, Peru","Crucero, Carabaya, Puno, Perú",-14.3611964,-70.0234904,CARABAYA,CRUCERO,SI,SI,OK,
2279322,"CREACION DEL SERVICIO DE AGUA POTABLE Y ALCANTARILLADO EN LA URBANIZACIÓN ROSARIO COÑIRI DEL CENTRO POBLADO JAYLLIHUAYA DEL DISTRITO DE PUNO, PROVINCIA DE PUNO - PUNO",JAYLLIHUAYA,"JAYLLIHUAYA, PUNO, PUNO, Puno, Peru","Jayllihuaya, Puno, 05151, Perú",-15.8787471,-69.9751057,PUNO,PUNO,SI,SI,OK,
2290908,"MEJORAMIENTO Y AMPLIACION DEL SERVICIO DE AGUA POTABLE Y SANEAMIENTO BASICO EN LA COMUNIDAD DE COMBUCO, DISTRITO DE QUILCAPUNCU - SAN ANTONIO DE PUTINA - PUNO",COMBUCO,"COMBUCO, QUILCAPUNCU, SAN ANTONIO DE PUTINA, Puno, Peru","Combuco, Quilcapuncu, San Antonio de Putina, Puno, Perú",-14.9212976,-69.6797765,SAN ANTONIO DE PUTINA,QUILCAPUNCU,SI,SI,OK,
2239707,"MEJORAMIENTO Y AMPLIACION DEL SISTEMA DE AGUA POTABLE E INSTALACION DE LETRINAS SANITARIAS EN LA PARCIALIDAD DE MALLCUSUCA CENTRAL, DISTRITO DE MOHO, PROVINCIA DE MOHO - PUNO",MALLCUSUCA CENTRAL,"MALLCUSUCA CENTRAL, MOHO, MOHO, Puno, Peru","Mallcusuca Central, Moho, Puno, Perú",-15.3145583,-69.4928706,MOHO,MOHO,SI,SI,OK,
2168904,"CONSTRUCCIÓN DEL SISTEMA DE AGUA POTABLE Y SANEAMIENTO BÁSICO DE LA LOCALIDAD DE SANTA ROSA DE HUAYRAPATA, DISTRITO INCHUPALLA, PROVINCIA HUANCANÉ, DEPARTAMENTO DE PUNO",SANTA ROSA DE HUAYRAPATA,"SANTA ROSA DE HUAYRAPATA, INCHUPALLA, HUANCANE, Puno, Peru","Institución educativa inicial Santa Rosa De Huayrapata, PU-115, Chillimuri, Inchupalla, Huancané, Puno, Perú",-14.9737,-69.6772,HUANCANE,INCHUPALLA,SI,NO,REVISAR,Provincia no coincide
2286380,"CREACION DEL SERVICIO DE AGUA POTABLE Y SANEAMIENTO BÁSICO EN EL CENTRO POBLADO DE SAN MIGUEL DE PAMPA GRANDE, DISTRITO DE SAN PEDRO DE PUTINA PUNCU - SANDIA - PUNO",SAN MIGUEL DE PAMPA GRANDE,"SAN MIGUEL DE PAMPA GRANDE, SAN PEDRO DE PUTINA PUNCO, SANDIA, Puno, Peru","Institución Educativa San Miguel, PE-34H, Pauji Playa, Azata, San Pedro de Putina Punco, Sandia, Puno, Perú",-13.9847,-68.9717,SANDIA,SAN PEDRO DE PUTINA PUNCO,SI,SI,OK,
2293521,"MEJORAMIENTO Y AMPLIACION DE LOS SERVICIOS DE AGUA POTABLE Y SANEAMIENTO DEL CENTRO POBLADO DE AMOYO, DISTRITO DE SANDIA , PROVINCIA DE SANDIA - PUNO",AMOYO,"AMOYO, SANDIA, SANDIA, Puno, Peru","Sector Chiriguaya - Amoyo, Sandia, Puno, Perú",-14.3146162,-69.4495868,SANDIA,SANDIA,SI,SI,OK,
2321190,"INSTALACION DE SISTEMA DE AGUA POTABLE Y DISPOSICION SANITARIA DE EXCRETAS EN LAS COMUNIDADES DE APISSI, PESQUERIA Y PUCAMOCCO, DISTRITO DE ARAPA - AZANGARO - PUNO",APISSI,"APISSI, ARAPA, AZANGARO, Puno, Peru","Apissi, Arapa, Azángaro, Puno, Perú",-15.1927363,-70.1231693,AZANGARO,ARAPA,SI,NO,REVISAR,Provincia no coincide
2300989,"MEJORAMIENTO Y AMPLIACIÓN DEL SISTEMA DE AGUA POTABLE Y ALCANTARILLADO DE LA LOCALIDAD DE MACARI, DISTRITO DE MACARI - MELGAR - PUNO",MACARI,"MACARI, MACARI, MELGAR, Puno, Peru","Macari, Arica, Macarí, Melgar, Puno, Perú",-14.7723419,-70.9036724,MELGAR,MACARI,SI,SI,OK,
2355621,CREACION DEL SERVICIOS DE SANEAMIENTO INTEGRAL DE LAS COMUNIDADES DE AJANANI CHICO Y VILLACUCHO DEL DISTRITO DE SAN JOSE - PROVINCIA DE AZANGARO - DEPARTAMENTO DE PUNO,AJANANI CHICO,"AJANANI CHICO, SAN JOSE, AZANGARO, Puno, Peru","Ajanani Chico, San José, Azángaro, Puno, Perú",-14.6759902,-70.2302425,AZANGARO,SAN JOSE,NO,NO,REVISAR,Distrito no coincide | Provincia no coincide
2174566,"INSTALACION DE SISTEMA DE AGUA POTABLE Y LETRINAS SANITARIAS EN LA COMUNIDAD DE CASIMUYO DEL DISTRITO DE ILAVE, PROVINCIA DE EL COLLAO - PUNO",CASIMUYO,"CASIMUYO, ILAVE, EL COLLAO, Puno, Peru","Casimuyo, Carretera Longitudinal de la Sierra Sur, Mulla Contihueco Hirpani, Juli, Chucuito, Puno, Perú",-16.210408,-69.5456886,EL COLLAO,ILAVE,NO,NO,REVISAR,Distrito no coincide | Provincia no coincide
2226012,"MEJORAMIENTO Y AMPLIACION DEL SISTEMA DE AGUA POTABLE EN LOS SECTORES CHIMPA, PALLINO Y CCORPA DE LA COMUNIDAD CAMPESINA DE JATUN AYLLU DEL DISTRITO DE PUSI , PROVINCIA DE HUANCANE - PUNO",JATUN AYLLU,"JATUN AYLLU, PUSI, HUANCANE, Puno, Peru","Jatun Ayllu, Pusi, Huancané, Puno, Perú",-15.4124943,-69.9527346,HUANCANE,PUSI,SI,NO,REVISAR,Provincia no coincide
2173594,"AMPLIACION DEL SERVICIO DE DESAGUE EN LA PROLONGACION NORTE DE LA AV. CATASTRO DE LA LOCALIDAD DE HUANCANE, PROVINCIA DE HUANCANE - PUNO",HUANCANE,"HUANCANE, HUANCANE, HUANCANE, Puno, Peru","Huancane, Jirón Primavera, Huancané, Puno, Perú",-15.1997426,-69.769441,HUANCANE,HUANCANE,SI,SI,OK,
2353535,"CREACION DEL SERVICIO DE AGUA POTABLE Y SANEAMIENTO RURAL EN LA COMUNIDAD DE AJANANI GRANDE, AJANANI GRANDE - DISTRITO DE SAN JOSE - PROVINCIA DE AZANGARO - DEPARTAMENTO DE PUNO",AJANANI GRANDE,"AJANANI GRANDE, SAN JOSE, AZANGARO, Puno, Peru","Ajanani Grande, San José, Azángaro, Puno, Perú",-14.6546114,-70.2001059,AZANGARO,SAN JOSE,NO,NO,REVISAR,Distrito no coincide | Provincia no coincide
2241096,"MEJORAMIENTO Y AMPLIACION DE LOS SERVICIOS DE AGUA POTABLE Y ALCANTARILLADO EN EL CENTRO POBLADO DE TANTAMACO, DISTRITO DE MACUSANI, PROVINCIA DE CARABAYA - PUNO",TANTAMACO,"TANTAMACO, MACUSANI, CARABAYA, Puno, Peru","Tantamaco, Macusani, Carabaya, Puno, Perú",-13.9209738,-70.5149448,CARABAYA,MACUSANI,SI,SI,OK,
2283136,"MEJORAMIENTO Y AMPLIACION DE LOS SERVICIOS DE AGUA POTABLE Y SANEAMIENTO DEL CENTRO POBLADO SUARA, DISTRITO DE SANDIA , PROVINCIA DE SANDIA - PUNO",SUARA,"SUARA, SANDIA, SANDIA, Puno, Peru","Institución educativa inicial 1003 Suara, PU-592, Ccapuna, Sandia, Puno, Perú",-14.3669,-69.455,SANDIA,SANDIA,SI,SI,OK,
2189457,"AMPLIACION Y MEJORAMIENTO SERVICIO DE AGUA POTABLE Y DISPOSICION SANITARIA DE EXCRETAS EN LOS SECTORES CHATUMA CUCHO, CHIARAUYO, HANCCOHUYO, SAN ISIDRO Y CAPUHUI DEL CENTRO POBLADO CHATUMA, DISTRITO POMATA - CHUCUITO - PUNO",CHATUMA,"CHATUMA, POMATA, CHUCUITO, Puno, Peru","Chatuma, Pomata, Chucuito, Puno, Perú",-16.2932991,-69.2331917,CHUCUITO,POMATA,SI,SI,OK,
2148859,"INSTALACION DE SISTEMA DE AGUA POTABLE EN LA COMUNIDAD CAMPESINA DE REQUENA, DISTRITO DE TARACO - HUANCANE - PUNO",REQUENA,"REQUENA, TARACO, HUANCANE, Puno, Peru","Requena, Taraco, Huancané, Puno, Perú",-15.3496909,-69.8975231,HUANCANE,TARACO,SI,NO,REVISAR,Provincia no coincide
2173712,"AMPLIACION Y MEJORAMIENTO INTEGRAL DEL SISTEMA DE AGUA POTABLE Y ALCANTARILLADO DE LA LOCALIDAD DE ZEPITA, DISTRITO DE ZEPITA - CHUCUITO - PUNO",ZEPITA,"ZEPITA, ZEPITA, CHUCUITO, Puno, Peru","Zepita, Chucuito, Puno, Perú",-16.4971752,-69.1032019,CHUCUITO,ZEPITA,SI,SI,OK,
2168927,"CONSTRUCCIÓN DEL SISTEMA DE AGUA POTABLE Y SANEAMIENTO BÁSICO LA LOCALIDAD DE QQUEPA, DISTRITO DE PUCARA, PROVINCIA DE LAMPA, DEPARTAMENTO PUNO",QQUEPA,"QQUEPA, PUCARA, LAMPA, Puno, Peru","Institución Educativa Qquepa, Carretera Longitudinal de la Sierra Sur, Pucará, Lampa, Puno, Perú",-15.1385,-70.4059,LAMPA,PUCARA,NO,SI,REVISAR,Distrito no coincide
2103979,"MEJORAMIENTO DEL SERVICIO DE AGUA POTABLE Y ALCANTARILLADO  EN LA LOCALIDAD DE KELLUYO, DISTRITO DE KELLUYO - CHUCUITO - PUNO",KELLUYO,"KELLUYO, KELLUYO, CHUCUITO, Puno, Peru","Kelluyo, Jirón Titicaca, Kelluyo, Chucuito, Puno, Perú",-16.7277832,-69.2493782,CHUCUITO,KELLUYO,SI,SI,OK,
2287878,"MEJORAMIENTO Y AMPLIACIÓN DEL  SISTEMA   DE  AGUA  POTABLE Y SANEAMIENTO EN LA  ZONA RURAL DE LA LOCALIDAD DE COPANI, DISTRITO DE COPANI - YUNGUYO - PUNO",COPANI,"COPANI, COPANI, YUNGUYO, Puno, Peru","Copani, PU-130, Copani, Yunguyo, Puno, Perú",-16.3974869,-69.0433758,YUNGUYO,COPANI,SI,SI,OK,
2302259,"CREACION DEL SERVICIO DE AGUA POTABLE Y SANEAMIENTO BASICO EN EL CIRCUITO DE ISLAS FLOTANTES DEL CENTRO POBLADO TURISTICO UROS CHULLUNI, DISTRITO DE PUNO, PROVINCIA DE PUNO - PUNO",TURISTICO UROS CHULLUNI,"TURISTICO UROS CHULLUNI, PUNO, PUNO, Puno, Peru","HOTEL TURISTICO HANAN PACHA, 161, Av. Ferrocarril, Puno, 21000, Perú",-15.8256543,-70.0105713,PUNO,PUNO,SI,SI,OK,
2199142,"INSTALACION DEL SERVICIO DE AGUA POTABLE Y SANEAMIENTO EN EL CENTRO POBLADO  PAJANA SAN AGUSTIN, DISTRITO DE YUNGUYO, PROVINCIA DE YUNGUYO - PUNO",PAJANA SAN AGUSTIN,"PAJANA SAN AGUSTIN, YUNGUYO, YUNGUYO, Puno, Peru","Pajana San Agustín, Yunguyo, Puno, Perú",-16.2619707,-69.0349954,YUNGUYO,YUNGUYO,SI,SI,OK,
2276070,"MEJORAMIENTO Y AMPLIACION DE LOS SERVICIOS DE AGUA POTABLE Y SANEAMIENTO DEL CENTRO POBLADO DE APABUCO, DISTRITO DE SANDIA , PROVINCIA DE SANDIA - PUNO",APABUCO,"APABUCO, SANDIA, SANDIA, Puno, Peru","Apabuco, Sandia, Puno, Perú",-14.3466582,-69.4792772,SANDIA,SANDIA,SI,SI,OK,
2189333,"MEJORAMIENTO Y AMPLIACIÓN DE LOS SERVICIOS DE AGUA POTABLE Y DISPOSICIÓN SANITARIA DE EXCRETAS  DE LA COMUNIDAD CAMPESINA DE CCACCA, DISTRITO DE ACORA, PUNO - PUNO",CCACCA,"CCACCA, ACORA, PUNO, Puno, Peru","Ccacca, Ácora, Puno, Perú",-15.9573166,-69.7542334,PUNO,ACORA,NO,SI,REVISAR,Distrito no coincide
2283660,"CREACION DEL SERVICIO DE AGUA POTABLE Y SANEAMIENTO BÁSICO EN EL SECTOR SAN BENIGNO, DISTRITO DE SAN PEDRO DE PUTINA PUNCU - SANDIA - PUNO",SAN BENIGNO,"SAN BENIGNO, SAN PEDRO DE PUTINA PUNCO, SANDIA, Puno, Peru","San Benigno, San Pedro de Putina Punco, Sandia, Puno, Perú",-14.1153454,-69.0085414,SANDIA,SAN PEDRO DE PUTINA PUNCO,SI,SI,OK,
2299423,"CREACION DEL SERVICIO DE AGUA POTABLE Y DISPOSICION SANITARIA DE EXCRETAS EN LOS SECTORES VENTILLA I, VENTILLA II Y CUMO HUACULLANI, CENTRO POBLADO YOROHOCO, DISTRITO DE HUACULLANI, PROVINCIA DE CHUCUITO, DEPARTAMENTO DE PUNO",YOROHOCO,"YOROHOCO, HUACULLANI, CHUCUITO, Puno, Peru","Yorohoco, Huacullani, Chucuito, Puno, Perú",-16.5654607,-69.320839,CHUCUITO,HUACULLANI,SI,SI,OK,
2191199,"MEJORAMIENTO Y AMPLIACION DE LOS SERVICIOS DE AGUA POTABLE Y DISPOSICION SANITARIA DE EXCRETAS DEL CENTRO POBLADO DE CARITAMAYA, DISTRITO DE ACORA, PROVINCIA DE PUNO, DEPARTAMENTO DE PUNO",CARITAMAYA,"CARITAMAYA, ACORA, PUNO, Puno, Peru","Caritamaya, Ácora, Puno, Perú",-16.0086416,-69.7557398,PUNO,ACORA,NO,SI,REVISAR,Distrito no coincide
2330351,"MEJORAMIENTO Y AMPLIACIÓN DEL SERVICIO DE AGUA POTABLE Y SANEAMIENTO BÁSICO EN LA PARCIALIDAD  DE COTOHOCO, DISTRITO DE KELLUYO - CHUCUITO - PUNO",DE COTOHOCO,"DE COTOHOCO, KELLUYO, CHUCUITO, Puno, Peru","Cotohoco, Kelluyo, Chucuito, Puno, Perú",-16.6999873,-69.3219007,CHUCUITO,KELLUYO,SI,SI,OK,
2281956,CREACION DEL  SISTEMA DE AGUA POTABLE Y SANEAMIENTO BASICO INTEGRAL EN LA COMUNIDAD CAMPESINA DE PATACOLLANA - DISTRITO DE ASILLO - PROVINCIA DE AZANGARO - DEPARTAMENTO DE PUNO,PATACOLLANA,"PATACOLLANA, ASILLO, AZANGARO, Puno, Peru","Patacollana, Asillo, Azángaro, Puno, Perú",-14.8144157,-70.3398808,AZANGARO,ASILLO,SI,NO,REVISAR,Provincia no coincide
2244930,"INSTALACION DEL SERVICIO DE AGUA POTABLE Y DISPOSICION DE EXCRETAS EN EL CENTRO POBLADO DE LLACHON, DISTRITO DE CAPACHICA - PUNO - PUNO",LLACHON,"LLACHON, CAPACHICA, PUNO, Puno, Peru","Llachon, Capachica, Puno, 21125, Perú",-15.7229167,-69.783934,PUNO,CAPACHICA,SI,SI,OK,
2225512,"MEJORAMIENTO DEL SISTEMA DEL SISTEMA DE AGUA POTABLE Y SANEAMIENTO BASICO EN EL CENTRO POBLADO POTONI, DISTRITO DE SINA - SAN ANTONIO DE PUTINA - PUNO",POTONI,"POTONI, SINA, SAN ANTONIO DE PUTINA, Puno, Peru","Potoni, Sina, San Antonio de Putina, Puno, Perú",-14.5344764,-69.2835194,SAN ANTONIO DE PUTINA,SINA,SI,SI,OK,
2151063,"AMPLIACION, MEJORAMIENTO DE SERVICIO DE SANEAMIENTO BASICO INTEGRAL EN LA COMUNIDAD CAMPESINA DE BUENOS AIRES, DISTRITO DE QUILCAPUNCU - SAN ANTONIO DE PUTINA - PUNO",BUENOS AIRES,"BUENOS AIRES, QUILCAPUNCU, SAN ANTONIO DE PUTINA, Puno, Peru","Buenos Aires, Quilcapuncu, San Antonio de Putina, Puno, Perú",-14.8819919,-69.6955272,SAN ANTONIO DE PUTINA,QUILCAPUNCU,SI,SI,OK,
2168919,"CONSTRUCCION DEL SISTEMA DE AGUA POTABLE Y SANEAMIENTO BASICO DEL CENTRO POBLADO SAN JUAN DE YARIHUANI, DISTRITO CONDURIRI,  PROVINCIA EL COLLAO, DEPARTAMENTO DE PUNO",SAN JUAN DE YARIHUANI,"SAN JUAN DE YARIHUANI, CONDURIRI, EL COLLAO, Puno, Peru","San Juan de Yariahuani, PE-38A, Yarihuani, Conduriri, El Collao, Puno, Perú",-16.4416539,-69.6477302,EL COLLAO,CONDURIRI,SI,SI,OK,
2191605,"MEJORAMIENTO Y AMPLIACION DEL SERVICIO DE AGUA POTABLE Y DISPOSICION SANITARIA DE EXCRETAS EN LOS SECTORES IZCUCHACA Y PAMPA CHUA CHUA DEL CENTRO POBLADO CHUA CHUA, DISTRITO ZEPITA - CHUCUITO - PUNO",CHUA CHUA,"CHUA CHUA, ZEPITA, CHUCUITO, Puno, Peru","Chua Chua, Zepita, Chucuito, Puno, Perú",-16.4576242,-69.1399299,CHUCUITO,ZEPITA,SI,SI,OK,
2183865,"MEJORAMIENTO Y AMPLIACIÓN DE LOS SERVICIOS DE AGUA POTABLE Y DISPOSICIÓN SANITARIA DE EXCRETAS  DE LA COMUNIDAD CAMPESINA DE JACHACACHI, CENTRO  POBLADO TOTORANI, DISTRITO DE ACORA, PUNO - PUNO",JACHACACHI,"JACHACACHI, ACORA, PUNO, Puno, Peru","Jachacachi, Ácora, Puno, Perú",-16.2175584,-69.7747669,PUNO,ACORA,NO,SI,REVISAR,Distrito no coincide
2189454,"MEJORAMIENTO Y AMPLIACION DEL SERVICIO DE AGUA POTABLE Y DISPOSICION SANITARIA DE EXCRETAS EN LA COMUNIDAD CAMPESINA DE TAMBILLO, DISTRITO POMATA - CHUCUITO - PUNO",TAMBILLO,"TAMBILLO, POMATA, CHUCUITO, Puno, Peru","Tambillo, Pomata, Chucuito, Puno, Perú",-16.3891858,-69.2127455,CHUCUITO,POMATA,SI,SI,OK,
2301262,"MEJORAMIENTO DEL SISTEMA DE AGUA POTABLE Y SANEAMIENTO BASICO RURAL EN LOS SECTORES DE MACHAHUYO, CENTRAL, NUEVA BELLAVISTA, BOLOGNESI Y UJANAPA PATACAMAYA DEL CENTRO POBLADO DE  SANQUIRA, DISTRITO DE YUNGUYO, PROVINCIA DE YUNGUYO - PUNO",SANQUIRA,"SANQUIRA, YUNGUYO, YUNGUYO, Puno, Peru","Sanquira, Yunguyo, Puno, Perú",-16.3239023,-69.0531051,YUNGUYO,YUNGUYO,SI,SI,OK,
2189346,"MEJORAMIENTO Y AMPLIACION DE LOS SERVICIOS DE AGUA POTABLE Y DISPOSICIÓN SANITARIA DE EXCRETAS DE LA COMUNIDAD CAMPESINA DE CUYURAYA, DISTRITO DE HUANCANÉ, HUANCANÉ - PUNO",CUYURAYA,"CUYURAYA, HUANCANE, HUANCANE, Puno, Peru","Cuyuraya, PU-116, Carlos Condorena, Huancané, Puno, Perú",-15.1384917,-69.7735417,HUANCANE,HUANCANE,NO,NO,REVISAR,Distrito no coincide | Provincia no coincide
2215707,"MEJORAMIENTO Y AMPLIACION DEL SERVICIO DE AGUA POTABLE Y SANEAMIENTO EN EL CENTRO POBLADO DE HUAPACA SAN MIGUEL, DISTRITO DE POMATA - CHUCUITO - PUNO",HUAPACA SAN MIGUEL,"HUAPACA SAN MIGUEL, POMATA, CHUCUITO, Puno, Peru","Huapaca San Miguel, PU-150, Huacapa San Miguel, Pomata, Chucuito, Puno, Perú",-16.4322725,-69.2697705,CHUCUITO,POMATA,SI,SI,OK,
2158238,"INSTALACION DE  SISTEMA DE ABASTECIMIENTO DE AGUA POTABLE Y LETRINAS   EN LAS  COMUNIDADES  DE  CHOQUESANI, COLQUEMARCA, CACHUYO SOLLOCOTAÑA Y  SECTORES ALEDAÑAS DEL  DISTRITO DE ORURILLO ,, PROVINCIA DE MELGAR - PUNO",DE  CHOQUESANI,"DE  CHOQUESANI, ORURILLO, MELGAR, Puno, Peru","Choquesani, Orurillo, Melgar, Puno, Perú",-14.6636363,-70.4268663,MELGAR,ORURILLO,SI,SI,OK,
2260811,"AMPLIACION Y MEJORAMIENTO DEL SERVICIO DE AGUA POTABLE Y DISPOSICION SANITARIA DE EXCRETAS EN EL CENTRO POBLADO DE SAN SALVADOR , DISTRITO DE HUATASANI - HUANCANE - PUNO",SAN SALVADOR,"SAN SALVADOR, HUATASANI, HUANCANE, Puno, Peru","Institución educativa inicial San Salvador, PU-849, Huatasani, Huancané, Puno, Perú",-14.9823,-69.7663,HUANCANE,HUATASANI,SI,NO,REVISAR,Provincia no coincide
2273938,"INSTALACION SERVICIO DE AGUA POTABLE , LETRINAS EN LOS  SECTORES DE SURPUTIRA,CENTRAL, HUERTUYO, ANCCOCCOTA, CHOQUERUYO Y CRUZ CUNCA  DE  LA COMUNIDAD  DE CUCHUPUJIO, DISTRITO DE ORURILLO - MELGAR - PUNO",DE CUCHUPUJIO,"DE CUCHUPUJIO, ORURILLO, MELGAR, Puno, Peru","Cuchupujio Central, Orurillo, Melgar, Puno, Perú",-14.6883132,-70.4767927,MELGAR,ORURILLO,SI,SI,OK,
2312182,"CREACION, MEJORAMIENTO DEL SERVICIO DE AGUA POTABLE Y SANEAMIENTO BÁSICO EN LOS SECTORES MOLLEBAMBA , SAN LUIS Y CENTRAL DE LA PARCIALIDAD DE CONDORMILLA ALTO, PROVINCIA DE MELGAR - PUNO",CONDORMILLA ALTO,"CONDORMILLA ALTO, AYAVIRI, MELGAR, Puno, Peru","Condormilla Alto, Ayaviri, Melgar, Puno, Perú",-14.9506494,-70.6542265,MELGAR,AYAVIRI,SI,SI,OK,
2189499,"MEJORAMIENTO Y AMPLIACION DEL SERVICIO DE AGUA POTABLE Y DISPOSICION SANITARIA DE EXCRETAS EN LAS PARCIALIDADES SAN FRANCISCO Y COLLINE DEL CENTRO POBLADO ARCONUMA, DISTRITO KELLUYO - CHUCUITO - PUNO",ARCONUMA,"ARCONUMA, KELLUYO, CHUCUITO, Puno, Peru","Arconuma, Kelluyo, Chucuito, Puno, Perú",-16.752933,-69.2802246,CHUCUITO,KELLUYO,SI,SI,OK,
2189506,"INSTALACION DEL SERVICIO DE AGUA POTABLE Y DISPOSICION SANITARIA DE EXCRETAS EN LA CAPITAL DEL CENTRO POBLADO TUQUINA, DISTRITO POMATA- CHUCUITO - PUNO",TUQUINA,"TUQUINA, POMATA, CHUCUITO, Puno, Peru","Tuquina, Pomata, Chucuito, Puno, Perú",-16.3660329,-69.2544552,CHUCUITO,POMATA,SI,SI,OK,
2194518,"INSTALACION DEL SISTEMA DE AGUA POTABLE Y ALCANTARILLADO  DEL CENTRO POBLADO DE PROGRESO, DISTRITO DE ASILLO - AZANGARO - PUNO",PROGRESO,"PROGRESO, ASILLO, AZANGARO, Puno, Peru","Progreso, Asillo, Azángaro, Puno, Perú",-14.6867932,-70.358652,AZANGARO,ASILLO,SI,NO,REVISAR,Provincia no coincide
2160552,"INSTALACION SISTEMA DE AGUA POTABLE Y LETRINAS SANITARIAS CON ARRASTRE HIDRAULICO EN EL CENTRO POBLADO DE OSCOROQUE, DISTRITO DE CRUCERO - CARABAYA - PUNO",OSCOROQUE,"OSCOROQUE, CRUCERO, CARABAYA, Puno, Peru","Oscoroque, Crucero, Carabaya, Puno, Perú",-14.2794114,-69.9203311,CARABAYA,CRUCERO,SI,SI,OK,
