CODIGO_UNICO,NOMBRE_INVERSION,COSTO_ACTUALIZADO,MONTO_VIABLE,PRESUPUESTO_EJECUTADO,ESTADO,PROGRAMACION_EJECUCION_0,PROGRAMACION_EJECUCION_1,PROGRAMACION_EJECUCION_2,PROGRAMACION_EJECUCION_3,INICIO_EJECUCION_STR,FIN_EJECUCION_STR,UBIGEO,AVANCE_FISICO,AVANCE_EJECUCION,ESTADO_ACTUALIZACION_FISICA,ULT_FEC_DECLA_ESTIM,ADVERTENCIA_AVANCE_FISICO,TIENE_EPS_PRESTACION,EPS_PRESTACION,TIPO_COORDENADA,TIPO_INVERSION,LATITUD,LONGITUD,UBIGEO_NORMALIZADO
2236164,"AMPLIACION Y MEJORAMIENTO DEL SISTEMA DE AGUA POTABLE Y ALCANTARILLADO  DE CORIRE, DISTRITO DE URACA - CASTILLA - AREQUIPA",19419250,,19412067,,7184.0,0.0,0.0,0.0,01/04/2019,01/03/2026,040413,89.13,85.53,VIGENTE_CON_RETRASO,2026-02-17 15:30:27,Reporte físico con > 6 meses,NO,,APROXIMADA_DISTRITO,PIP MAYOR (SNIP),-16.2012575,-72.4757474,040413
2166795,"AMPLIACION, RENOVACION Y MEJORAMIENTO DEL SISTEMA DE AGUA POTABLE Y ALCANTARILLADO DE CHIVAY,PROVINCIA DE CAYLLOMA, AREQUIPA",25636378,,18655109,,0.0,6981269.0,0.0,0.0,01/05/2013,31/12/2027,040501,72.36,73.16,ACTUALIZADO,2026-06-01 11:39:17,,NO,,APROXIMADA_DISTRITO,PIP MAYOR (SNIP),-15.6416788,-71.5730626,040501
2107751,"AMPLIACION, RENOVACION Y MEJORAMIENTO DEL SISTEMA DE AGUA POTABLE Y ALCANTARILLADO DE LA LOCALIDAD DE CARAVELI",43577621,,32653066,,0.0,10000000.0,924554.42,0.0,01/12/2015,03/04/2028,040301,86.11,84.46,ACTUALIZADO,2026-08-17 16:06:39,,NO,,APROXIMADA_DISTRITO,PIP MAYOR (SNIP),-15.8644318,-73.3274948,040301
2331579,"AMPLIACION Y MEJORAMIENTO DE LOS SERVICIOS DE AGUA POTABLE Y SANEAMIENTO DEL DISTRITO DE CHALA, PROVINCIA DE CARAVELI, DEPARTAMENTO DE AREQUIPA",203026140,,127961312,,50554524.0,12612287.0,1837465.95,0.0,01/09/2018,31/03/2028,040307,78.66,76.3,ACTUALIZADO,2026-08-17 15:37:07,,NO,,APROXIMADA_DISTRITO,PIP MAYOR (SNIP),-15.7757024,-74.1911892,040307
2161852,"AMPLIACION, RENOVACION Y MEJORAMIENTO DEL SISTEMA DE AGUA POTABLE Y ALCANTARILLADO DE COCACHACRA",93338749,,4428703,,708000.0,5412535.0,5850236.0,5962586.0,01/04/2016,30/11/2036,040702,,2.32,SIN_AVANCE_FISICO,2026-07-02 15:35:31,Sin avance físico registrado,SI,SEDAPAR S.A.,APROXIMADA_DISTRITO,PIP MAYOR (SNIP),-17.0894045,-71.7592172,040702
2337784,"INSTALACION DEL SISTEMA DE AGUA POTABLE Y SANEAMIENTO EN EL CENTRO POBLADO SAN JOSE , DISTRITO DE MARIANO NICOLAS VALCARCEL - CAMANA - AREQUIPA",28482206,,11350,,800004.0,16941125.0,11294083.05,220648.0,01/07/2017,22/02/2029,040203,0.0,0.04,ACTUALIZADO,2026-08-13 14:28:59,,NO,,APROXIMADA_DISTRITO,PIP MAYOR (SNIP),-16.0555745,-73.1172142,040203
2516067,CREACION DEL SISTEMA SCADA  PARA EL SISTEMA DE DISTRIBUCION DEL SERVICIO DE AGUA POTABLE  DE SEDAPAR S.A. EN 18 DISTRITOS DE LA PROVINCIA DE AREQUIPA - DEPARTAMENTO DE AREQUIPA,42532164,,3664932,,378363.0,100000.0,15355547.0,23033321.0,01/04/2022,28/02/2029,,,0.0,SIN_AVANCE_FISICO,,Sin avance físico registrado,NO,,OFICIAL_ORIGINAL,PROYECTO DE INVERSION,-16.25278364999997,-71.67961295999999,
2159794,AMPLIACIÓN Y MEJORAMIENTO DEL SISTEMA DE AGUA POTABLE Y ALCANTARILLADO EN LOS DISTRITOS DE APLAO Y HUANCARQUI DE LA PROVINCIA DE CASTILLA - AREQUIPA,78074388,,68982706,,9115864.0,100000.0,0.0,0.0,01/03/2013,24/09/2027,,89.02,88.77,ACTUALIZADO,2026-07-17 17:29:46,,NO,,APROXIMADA_DISTRITO,PIP MAYOR (SNIP),-16.0170279,-72.5307193,
2480998,"MEJORAMIENTO DEL SISTEMA DE AGUA POTABLE, Y CREACION DEL SISTEMA DE DISPOSICION DE EXCRETAS EN LOS CENTROS POBLADOS Y ANEXOS DE 13 LOCALIDADES DEL DISTRITO DE SANTA ISABEL DE SIGUAS - PROVINCIA DE AREQUIPA - DEPARTAMENTO DE AREQUIPA",13000298,,10725181,,1000000.0,75920.99,0.0,0.0,01/10/2023,31/12/2027,040120,92.14,91.89,ACTUALIZADO,2026-07-17 15:43:11,,NO,,OFICIAL_ORIGINAL,PROYECTO DE INVERSION,-16.19509064609195,-72.04477953348042,040120
2078454,"MEJORAMIENTO DEL SISTEMA DE AGUA POTABLE Y ALCANTARILLADO DE LAS PARTES ALTAS DE PAUCARPATA, DISTRITO DE PAUCARPATA, AREQUIPA, AREQUIPA",82218798,,71990439,,6500000.0,5228359.22,0.0,0.0,01/02/2010,31/12/2027,040112,94.84,93.92,ACTUALIZADO,2026-07-30 18:15:40,,NO,,APROXIMADA_DISTRITO,PIP MAYOR (SNIP),-16.4210931,-71.474928,040112
2402879,MEJORAMIENTO Y AMPLIACION SERVICIOS DE AGUA POTABLE Y SERVICIO DE DISPOSICION SANITARIA DE EXCRETAS EN LAS ZONAS RURALES DEL DISTRITO DE CAYARANI  DISTRITO DE CAYARANI - PROVINCIA DE CONDESUYOS - DEPARTAMENTO DE AREQUIPA,16893717,,11232574,,5000000.0,600000.0,61143.2,0.0,01/09/2020,31/12/2028,040603,67.74,66.83,ACTUALIZADO,2026-08-10 10:31:11,,NO,,OFICIAL_ORIGINAL,PROYECTO DE INVERSION,-14.67357839999994,-72.02309543999996,040603
2173290,"INSTALACION DE LA PLANTA DE TRATAMIENTO Y MEJORAMIENTO DEL SISTEMA DE ABASTECIMIENTO DE AGUA POTABLE Y DESAGUE EN LA LOCALIDAD DE LA JOYA NUEVA, DISTRITO DE LA JOYA, PROVINCIA Y REGION AREQUIPA",95428199,,83666344,,4000000.0,207460.84,4487010.0,0.0,01/07/2013,31/12/2028,040108,91.73,89.82,ACTUALIZADO,2026-07-21 09:55:50,,NO,,APROXIMADA_DISTRITO,PIP MAYOR (SNIP),-16.725199,-71.8611638,040108
2371698,"CREACION DE PLANTA DE TRATAMIENTO DE AGUAS RESIDUALES DOMESTICAS Y OBRAS COMPLEMENTARIAS PARA ASENTAMIENTO URBANO MUNICIPAL HORACIO ZEBALLOS GAMEZ Y LOCALIDADES DE ZONA SUR DE DISTRITO DE CHARACATO, DISTRITO DE SOCABAYA - PROVINCIA DE AREQUIPA - REGIÓN AREQUIPA",20155153,,17678697,,100000.0,300000.0,74500.41,0.0,01/04/2018,31/12/2028,040122,85.62,78.12,ACTUALIZADO,2026-08-21 09:40:37,,NO,,OFICIAL_ORIGINAL,PROYECTO DE INVERSION,-16.4689236,-71.52806,040122
2419585,"MEJORAMIENTO DEL SERVICIO DE EVACUACIÓN DE LAS AGUAS PLUVIALES EN LOS DISTRITOS DE YANAHUARA, SACHACA Y TIABAYA DE LA  PROVINCIA DE AREQUIPA - DEPARTAMENTO DE AREQUIPA",59708763,,311307,,200000.0,500000.0,250000.0,0.0,01/11/2018,14/05/2029,,,,SIN_AVANCE_FISICO,,,NO,,,,,,
2480858,MEJORAMIENTO Y AMPLIACION DEL SERVICIO INTEGAL DE AGUA POTABLE Y ALCANTARILLADO SANITARIO DE LOS SECTORES URBANOS Y RURALES DEL CENTRO POBLADO BELLO HORIZONTE B1 DEL DISTRITO DE MAJES - PROVINCIA DE CAYLLOMA - DEPARTAMENTO DE AREQUIPA,109963043,,789546,,300000.0,5000000.0,13000000.0,500000.0,01/05/2024,30/06/2029,040520,,0.0,SIN_AVANCE_FISICO,,Sin avance físico registrado,SI,SEDAPAR S.A.,OFICIAL_ORIGINAL,PROYECTO DE INVERSION,-16.362775218999957,-72.19135041499999,040520
2558288,"MEJORAMIENTO Y AMPLIACION DEL SERVICIO DE AGUA POTABLE Y DISPOSICION SANITARIA DE EXCRETAS  EN LOS ANEXOS DE SIRINGAY, PAMPACOCHA, JAJAHUACHO Y SIPIA DEL  DISTRITO DE TORO - PROVINCIA DE LA UNION - DEPARTAMENTO DE AREQUIPA",3029499,,191720,,0.0,500000.0,500000.0,1837778.0,01/06/2025,28/12/2029,040811,,0.0,SIN_AVANCE_FISICO,,Sin avance físico registrado,NO,,OFICIAL_ORIGINAL,PROYECTO DE INVERSION,-15.264169861296054,-72.92653788667906,040811
2422343,"MEJORAMIENTO Y AMPLIACIÓN DEL SISTEMA DE AGUA POTABLE Y ALCANTARILLADO DEL CENTRO POBLADO DE PESCADORES Y LA  PLANCHADA, DISTRITO DE OCOÑA, PROVINCIA DE CAMANA - AREQUIPA",22866478,,606419,,400000.0,7420020.0,7420020.0,7020020.0,01/09/2018,27/12/2029,040206,,0.0,SIN_AVANCE_FISICO,,Sin avance físico registrado,NO,,APROXIMADA_DISTRITO,PIP MAYOR (SNIP),-16.4314792,-73.1049285,040206
2240073,CREACION DEL SERVICIO DE ALCANTARILLADO  Y MEJORAMIENTO DEL SERVICIO DE AGUA  EN LA LOCALIDAD DE AYAHUASI DEL DISTRITO DE ALCA - PROVINCIA DE LA UNION - DEPARTAMENTO DE AREQUIPA,10353755,,9192570,,36732.0,1017261.0,0.0,0.0,01/11/2019,31/12/2027,040802,100.0,99.16,ACTUALIZADO,2026-06-22 19:26:00,,NO,,APROXIMADA_LOCALIDAD,PROYECTO DE INVERSION,-15.1450132,-72.7445853,040802
2617131,"CONSTRUCCION DE PTAR; EN EL(LA) HOSPITAL CENTRAL DE MAJES ING. ANGEL CHURA GALLEGOS, ASENTAMIENTO B-1 DISTRITO DE MAJES, PROVINCIA CAYLLOMA, DEPARTAMENTO AREQUIPA",1701766,,77607,,3940.0,1620219.0,0.0,0.0,01/08/2024,29/12/2028,040520,,2.35,SIN_AVANCE_FISICO,2026-06-12 17:33:41,Sin avance físico registrado,NO,,OFICIAL_ORIGINAL,INVERSIONES IOARR,-16.32062585540548,-72.22182030940881,040520
2673036,"MEJORAMIENTO DEL SERVICIO DE DRENAJE PLUVIAL EN MACROMANZANA SAN CAMILO EN EL CENTRO HISTORICO DE AREQUIPA,   DISTRITO DE AREQUIPA DE LA PROVINCIA DE AREQUIPA DEL DEPARTAMENTO DE AREQUIPA",2139368,,0,,1039592.0,450000.0,450000.0,94000.0,,01/09/2030,040101,,0.0,SIN_AVANCE_FISICO,,Sin avance físico registrado,NO,,OFICIAL_ORIGINAL,PROYECTO DE INVERSION,-16.403334452936267,-71.53571425529363,040101
2196551,"INSTALACION DEL SERVICIO DE DRENAJE  Y ALCANTARILLADO PLUVIAL   EN EL SECTOR DE PAMPAS DE POLANCO  Y AREAS ALEDAÑAS , DISTRITO DE ALTO SELVA ALEGRE - AREQUIPA - AREQUIPA",7498707,,6814850,,0.0,683857.08,0.0,0.0,01/12/2014,30/11/2027,040102,95.0,94.73,VIGENTE_CON_RETRASO,2026-02-16 14:04:03,Reporte físico con > 6 meses,NO,,APROXIMADA_DISTRITO,PIP MAYOR (SNIP),-16.3376419,-71.4968918,040102
2524867,"CREACION DEL SERVICIO DE DRENAJE PLUVIAL EN EL A.H. ASOC. PROVIVIENDA LOS BALCONES DE CHILINA, ASOC. PROVIVIENDA SAN LAZARO Y LA ASOC. DE VIVIENDA LOS ANDENES DE ALTO SELVA ALEGRE,  DISTRITO DE ALTO SELVA ALEGRE - PROVINCIA DE AREQUIPA - DEPARTAMENTO DE AREQUIPA",3468991,,0,,0.0,0.0,0.0,0.0,,31/12/2031,040102,100.0,94.93,ACTUALIZADO,2026-07-31 12:33:08,,NO,,OFICIAL_ORIGINAL,PROYECTO DE INVERSION,-16.362245290327454,-71.52720335150565,040102
2638268,"CONSTRUCCION DE CONEXION DOMICILIARIA DE ALCANTARILLADO Y ; EN EL(LA) INSTITUCIÓN EDUCATIVA PINTO TALAVERA  DISTRITO DE ALTO SELVA ALEGRE, PROVINCIA AREQUIPA, DEPARTAMENTO AREQUIPA",484625,,17150,,467475.0,28916.93,0.0,0.0,01/09/2024,30/06/2027,040102,0.0,6.69,ACTUALIZADO,2026-08-21 12:54:36,,NO,,OFICIAL_ORIGINAL,INVERSIONES IOARR,-16.35293818326533,-71.52439671624886,040102
2576522,"CREACION DEL SERVICIO DE AGUA POTABLE URBANO Y CREACION DEL SERVICIO DE ALCANTARILLADO EN EL ASENTAMIENTO HUMANO VILLA CONFRATERNIDAD ZONA D, MANZANAS A, R Y S   DISTRITO DE ALTO SELVA ALEGRE DE LA PROVINCIA DE AREQUIPA DEL DEPARTAMENTO DE AREQUIPA",1349940,,51900,,480000.0,8400.0,0.0,0.0,01/03/2025,31/01/2027,040102,0.0,3.84,ACTUALIZADO,2026-07-21 21:22:34,,NO,,OFICIAL_ORIGINAL,PROYECTO DE INVERSION,-16.35156600238345,-71.52948897181803,040102
2572244,"CREACION DEL SERVICIO  DE AGUA Y DESAGUE EN LA ASOC. PRO VIVIENDA Y GRANJEROS AVICOLAS LAS MALVINAS,  DISTRITO DE ALTO SELVA ALEGRE - PROVINCIA DE AREQUIPA - DEPARTAMENTO DE AREQUIPA",3338841,,28826,,2279030.0,0.0,27005.0,0.0,01/11/2025,01/05/2028,040102,,,SIN_AVANCE_FISICO,,,NO,,,,,,040102
2506655,"RENOVACION DE CONEXIONES DOMICILIARIAS DE AGUA POTABLE Y CONEXION DOMICILIARIA DE ALCANTARILLADO; EN EL(LA) AVENIDA BRASIL DEL P.J. ALTO SELVA ALEGRE ZONA A Y B DISTRITO DE ALTO SELVA ALEGRE, PROVINCIA AREQUIPA, DEPARTAMENTO AREQUIPA",3018586,,2837079,,181507.0,0.0,0.0,0.0,01/11/2022,30/04/2026,040102,100.0,99.67,ACTUALIZADO,2026-07-21 23:55:31,,NO,,OFICIAL_ORIGINAL,INVERSIONES IOARR,-16.379787481672345,-71.51792305614325,040102
2646341,"CONSTRUCCION DE BUZON, TUBERIA, CONEXIONES DOMICILIARIAS Y PASE AEREO; EN EL(LA) ASOCIACIÓN DE VIVIENDA Y MICRO EMPRESARIOS ONCE DE MAYO DEL  DISTRITO DE CAYMA, PROVINCIA AREQUIPA, DEPARTAMENTO AREQUIPA",1987469,,12300,,53700.0,1921469.0,0.0,0.0,01/12/2025,30/04/2027,040103,,3.32,SIN_AVANCE_FISICO,2026-04-01 11:05:27,Sin avance físico registrado,NO,,OFICIAL_ORIGINAL,INVERSIONES IOARR,-16.312323538203657,-71.53544498931784,040103
2679367,"CONSTRUCCION DE BUZON, TUBERIA Y CONEXION DOMICILIARIA DE ALCANTARILLADO; EN EL(LA) PASAJE CAHUIDE DEL PUEBLO TRADICIONAL DE ACEQUIA ALTA DEL  DISTRITO DE CAYMA, PROVINCIA AREQUIPA, DEPARTAMENTO AREQUIPA",352317,,11600,,5100.0,0.0,0.0,0.0,01/11/2025,30/12/2026,040103,,4.71,SIN_AVANCE_FISICO,2026-07-22 12:09:01,Sin avance físico registrado,NO,,OFICIAL_ORIGINAL,INVERSIONES IOARR,-16.361500716027503,-71.54196812164193,040103
2501967,"MEJORAMIENTO Y AMPLIACION DEL SERVICIO DE AGUA POTABLE Y ALCANTARILLADO SANITARIO DEL MERCADO MAYORISTA METROPOLITANO RÍO SECO,  DISTRITO DE CERRO COLORADO - PROVINCIA DE AREQUIPA - DEPARTAMENTO DE AREQUIPA",833678,,807545,,26133.0,0.0,0.0,0.0,01/12/2020,30/01/2027,040104,100.0,98.31,ACTUALIZADO,2026-08-13 13:39:38,,NO,,OFICIAL_ORIGINAL,PROYECTO DE INVERSION,-16.344614222652364,-71.57801167060848,040104
2551781,"MEJORAMIENTO DE LOS SERVICIOS DE AGUA POTABLE Y ALCANTARILLADO SANITARIO EN LA AA. HH. ASOCIACIÓN DE VIVIENDA SANTA ISABEL II,  DISTRITO DE CERRO COLORADO - PROVINCIA DE AREQUIPA - DEPARTAMENTO DE AREQUIPA",688312,,554556,,19317.0,114439.0,0.0,0.0,01/06/2024,31/12/2027,040104,100.0,97.19,ACTUALIZADO,2026-08-13 15:18:56,,NO,,OFICIAL_ORIGINAL,PROYECTO DE INVERSION,-16.33397040339064,-71.57875893161788,040104
2659843,"CONSTRUCCION DE LÍNEA DE CONDUCCIÓN, RED DE DISTRIBUCION Y PILETA PUBLICA; EN EL(LA) ASOC. DE VIV. GRANJA HUERTA SAN PEDRO Y SAN PABLO  Y ASOC. DE VIV. ARTESANIA E INDUSTRIA DEL SILLAR DE LAS CANTERAS DE AÑASHUAICO DE LA UP SEDAPAR QUE PASA POR LA CALLE NRO 3 ENTRE LAS MZ  ""I"" Y  ""J""  DEL PARQUE INDUSTRIAL DE RIO SECO  DISTRITO DE CERRO COLORADO, PROVINCIA AREQUIPA, DEPARTAMENTO AREQUIPA",2360520,,2263916,,23140.0,308.15,0.0,0.0,01/12/2024,30/12/2027,040104,100.0,99.36,ACTUALIZADO,2026-08-13 13:37:13,,NO,,OFICIAL_ORIGINAL,INVERSIONES IOARR,-16.37614885207579,-71.6327993939817,040104
2660852,"CREACION DEL SERVICIO DE AGUA POTABLE URBANO EN LAS ASOCIACIONES DE VIVIENDA LAS LOMAS, VIRGEN DE COPACABANA, BOSQUES DE AREQUIPA, NUEVA JUVENTUD, TALLER HOREB Y TALLER INDUSTRIA CONSORCIO PRIMAVERA LOS ÁNGELES A TRAVEZ DE PILETAS PUBLICAS EN EL   DISTRITO DE CERRO COLORADO DE LA PROVINCIA DE AREQUIPA DEL DEPARTAMENTO DE AREQUIPA",2389527,,2287818,,40154.0,14000.0,0.0,0.0,01/10/2024,30/12/2027,040104,100.0,99.38,ACTUALIZADO,2026-08-13 13:41:39,,NO,,OFICIAL_ORIGINAL,PROYECTO DE INVERSION,-16.36276955975709,-71.62753963335588,040104
2534341,MEJORAMIENTO DEL SERVICIO DE AGUA POTABLE Y ALCANTARILLADO DE LA ASOCIACIÓN CASA GRANJA VILLA ARAPA Asociación Casa Granja Villa Arapa DEL DISTRITO DE CERRO COLORADO - PROVINCIA DE AREQUIPA - DEPARTAMENTO DE AREQUIPA,5047995,,3897744,,224212.0,926040.0,0.0,0.0,01/10/2023,31/12/2027,040104,100.0,99.2,ACTUALIZADO,2026-08-10 15:17:48,,NO,,OFICIAL_ORIGINAL,PROYECTO DE INVERSION,-16.35454525099287,-71.60751349704601,040104
2544239,"CREACION DEL SERVICIO DE DRENAJE PLUVIAL EN LA ASOCIACIÓN URBANIZADORA JOSE LUIS BUSTAMANTE Y RIVERO SECTOR II, III Y VI DEL DISTRITO DE CERRO COLORADO - PROVINCIA DE AREQUIPA - DEPARTAMENTO DE AREQUIPA",14432367,,7560250,,3000000.0,1123373.15,0.0,0.0,01/11/2024,31/12/2027,040104,96.35,96.16,ACTUALIZADO,2026-08-12 15:01:11,,NO,,OFICIAL_ORIGINAL,PROYECTO DE INVERSION,-16.335357810029862,-71.59786688707709,040104
2664142,"CONSTRUCCION DE CONEXIONES DOMICILIARIAS DE AGUA POTABLE Y CONEXION DOMICILIARIA DE ALCANTARILLADO; EN EL(LA) MANZANA L DE LA ASOC. DE VIVIENDA GUARDIA REPUBLICANA,  DISTRITO DE CERRO COLORADO, PROVINCIA AREQUIPA, DEPARTAMENTO AREQUIPA",512185,,0,,512185.0,6000.0,7249.49,0.0,01/02/2026,31/12/2028,040104,82.95,81.07,ACTUALIZADO,2026-08-11 15:48:43,,NO,,OFICIAL_ORIGINAL,INVERSIONES IOARR,-16.318815186866225,-71.59422999147834,040104
2683886,"CONSTRUCCION DE RED DE ALCANTARILLADO, BUZON Y CONEXION DOMICILIARIA DE ALCANTARILLADO; EN EL(LA) LA AV. CRISTOBAL COLON EN EL CENTRO POBLADO SEMIRURAL PACHACUTEC  DISTRITO DE CERRO COLORADO, PROVINCIA AREQUIPA, DEPARTAMENTO AREQUIPA",139382,,13820,,125563.0,4500.0,0.0,0.0,01/12/2025,31/12/2027,040104,100.0,96.77,ACTUALIZADO,2026-08-12 12:09:43,,NO,,OFICIAL_ORIGINAL,INVERSIONES IOARR,-16.392554630513157,-71.57161983573323,040104
2513545,"CREACION DE LOS SERVICIOS DE AGUA POTABLE Y ALCANTARILLADO SANITARIO EN LA ASOCIACIÓN PARQUE INDUSTRIAL PORVENIR AREQUIPA ¿ APIPA, SECTORES I, V Y VI,  DISTRITO DE CERRO COLORADO - PROVINCIA DE AREQUIPA - DEPARTAMENTO DE AREQUIPA",6468148,,126826,,6162000.0,500000.0,500000.0,1000000.0,01/10/2023,31/12/2032,040104,,0.0,SIN_AVANCE_FISICO,,Sin avance físico registrado,NO,,OFICIAL_ORIGINAL,PROYECTO DE INVERSION,-16.323041584878172,-71.61531310940452,040104
2624554,"CREACION DEL SERVICIO DE AGUA POTABLE URBANO EN Y ALCANTARILLADO EN EL ASENTAMIENTO HUMANO ASOCIACION DE VIVIENDA EL AZUFRAL Y JUAN MANUEL GUILLEN,   DISTRITO DE CERRO COLORADO DE LA PROVINCIA DE AREQUIPA DEL DEPARTAMENTO DE AREQUIPA",2231263,,48676,,1500000.0,670135.63,30622.36,0.0,01/09/2025,30/12/2028,040104,54.87,54.93,ACTUALIZADO,2026-08-12 10:06:18,,NO,,OFICIAL_ORIGINAL,PROYECTO DE INVERSION,-16.350265771932953,-71.55638810861427,040104
2664964,"CONSTRUCCION DE RED DE DISTRIBUCION, CONEXIONES DOMICILIARIAS DE AGUA POTABLE, RED DE ALCANTARILLADO Y CONEXIONES DOMICILIARIAS; EN EL(LA) AV. RAMON CASTILLA MZ 11 DEL GRUPO ZONAL 7 DEL CENTRO POBLADO SEMI RURAL PACHACUTEC  DISTRITO DE CERRO COLORADO, PROVINCIA AREQUIPA, DEPARTAMENTO AREQUIPA",425462,,0,,425462.0,5000.0,5100.37,0.0,01/03/2026,31/12/2028,040104,100.0,97.63,ACTUALIZADO,2026-08-12 12:40:57,,NO,,OFICIAL_ORIGINAL,INVERSIONES IOARR,-16.39152038932706,-71.57052315252174,040104
2695684,"CONSTRUCCION DE SISTEMA DE ABASTECIMIENTO DE AGUA POTABLE Y CONEXION DOMICILIARIA DE ALCANTARILLADO; EN EL(LA) ASOCIACIÓN AGRUPACION DE VIVIENDA SAN PEDRO DEL CONO NORTE  DISTRITO DE CERRO COLORADO, PROVINCIA AREQUIPA, DEPARTAMENTO AREQUIPA",745278,,0,,4500.0,300000.0,69645.0,0.0,01/06/2026,31/12/2029,040104,,2.21,SIN_AVANCE_FISICO,2026-08-07 10:56:57,Sin avance físico registrado,NO,,OFICIAL_ORIGINAL,INVERSIONES IOARR,-16.327855387690093,-71.58764262069698,040104
2483297,"CREACION DEL SERVICIO DE DRENAJE PLUVIAL EN LA AV. LAS TORRES,  DESDE LA ASOCIACIÓN ASENTAMIENTO HUMANO CENTRO URBANO DE PEQUEÑOS ARTESANOS JOSE MARÍA ARGUEDAS HASTA LA ASOCIACIÓN LAS GARDENIAS,  DISTRITO DE CERRO COLORADO - PROVINCIA DE AREQUIPA - DEPARTAMENTO DE AREQUIPA",4709849,,34000,,20000.0,300000.0,500000.0,3855849.47,01/07/2021,31/12/2029,040104,,0.7,SIN_AVANCE_FISICO,2026-08-13 11:54:28,Sin avance físico registrado,NO,,OFICIAL_ORIGINAL,PROYECTO DE INVERSION,-16.320734344767818,-71.55732399574751,040104
2716515,"CONSTRUCCION DE CONEXION DOMICILIARIA DE ALCANTARILLADO, COLECTOR SECUNDARIO Y MURO DE CONTENCION; EN EL(LA) SISTEMA DE ALCANTARILLADO ASOCIACIÓN URBANIZADORA JOSE LUIS BUSTAMANTE Y RIVERO SECTOR VI  DISTRITO DE CERRO COLORADO, PROVINCIA AREQUIPA, DEPARTAMENTO AREQUIPA",684941,,0,,20000.0,664941.0,20000.0,0.0,,31/12/2028,040104,,0.0,SIN_AVANCE_FISICO,,Sin avance físico registrado,NO,,OFICIAL_ORIGINAL,INVERSIONES IOARR,-16.34243,-71.607313,040104
2713743,"CONSTRUCCION DE LINEA DE ADUCCION, CONEXIONES DOMICILIARIAS DE AGUA POTABLE, COLECTOR PRIMARIO Y CONEXION DOMICILIARIA DE ALCANTARILLADO; EN EL(LA) ASOCIACIÓN BOSQUES DE CHACHANI  DISTRITO DE CERRO COLORADO, PROVINCIA AREQUIPA, DEPARTAMENTO AREQUIPA",406782,,0,,12000.0,350000.0,56782.0,0.0,,31/12/2028,040104,,0.0,SIN_AVANCE_FISICO,,Sin avance físico registrado,NO,,OFICIAL_ORIGINAL,INVERSIONES IOARR,-16.376145071465814,-71.56089059032277,040104
2712107,"REMODELACION DE PILETA PUBLICA; CONSTRUCCION DE RED DE DISTRIBUCION Y LINEA DE ADUCCION; EN EL(LA) SISTEMA DE AGUA POTABLE ASOCIACIÓN CASA HUERTA LA PLANICIE ALTO CURAL - CASA HUERTA LAS LOMAS DEL CURAL A Y B  DISTRITO DE CERRO COLORADO, PROVINCIA AREQUIPA, DEPARTAMENTO AREQUIPA",803953,,0,,30000.0,773953.0,30000.0,0.0,,31/12/2028,040104,,0.0,SIN_AVANCE_FISICO,,Sin avance físico registrado,NO,,OFICIAL_ORIGINAL,INVERSIONES IOARR,-16.351832,-71.606605,040104
2628882,"MEJORAMIENTO Y AMPLIACION DE LOS SERVICIOS DE AGUA POTABLE Y ALCANTARILLADO SANITARIO EN LA ASOCIACIÓN DE VIVIENDA TALLER CANTERAS II, ASOCIACIÓN AGRUPACIÓN VECINAL EL CRUCERO,  ASOCIACIÓN AGRUPACIÓN VECINAL EL CRUCERO II  DISTRITO DE CERRO COLORADO - PROVINCIA DE AREQUIPA - DEPARTAMENTO DE AREQUIPA",550730,,0,,4500.0,130000.0,130000.0,130000.0,,01/12/2031,040104,,0.0,SIN_AVANCE_FISICO,,Sin avance físico registrado,NO,,OFICIAL_ORIGINAL,PROYECTO DE INVERSION,-16.33293543362061,-71.579200098685,040104
2553710,"CREACION DEL  SERVICIO DE AGUA POTABLE Y ALCANTARILLADO EN LA ASOCIACION  PARQUE INDUSTRIAL PORVENIR AREQUIPA- APIPA, SECTOR II Y IV DEL  DISTRITO DE CERRO COLORADO - PROVINCIA DE AREQUIPA - DEPARTAMENTO DE AREQUIPA",4774697,,0,,0.0,500000.0,1500000.0,1500000.0,,01/01/2030,040104,,0.0,SIN_AVANCE_FISICO,,Sin avance físico registrado,NO,,OFICIAL_ORIGINAL,PROYECTO DE INVERSION,-16.325347676972694,-71.59763896345326,040104
2668749,MEJORAMIENTO DEL SERVICIO DE AGUA POTABLE URBANO Y MEJORAMIENTO DEL SERVICIO DE ALCANTARILLADO EN LA URBANIZACION TUPAC AMARU   DISTRITO DE CERRO COLORADO DE LA PROVINCIA DE AREQUIPA DEL DEPARTAMENTO DE AREQUIPA,7066839,,0,,56893.0,500000.0,500000.0,1500000.0,,31/12/2031,040104,,0.0,SIN_AVANCE_FISICO,,Sin avance físico registrado,NO,,OFICIAL_ORIGINAL,PROYECTO DE INVERSION,-16.39020974188498,-71.56701865922722,040104
2613670,"CREACION DEL SERVICIO DE DRENAJE PLUVIAL EN LA ASOCIACION URBANIZADORA PERUARBO SECTOR PERU, ARGENTINA Y BOLIVIA   DISTRITO DE CERRO COLORADO DE LA PROVINCIA DE AREQUIPA DEL DEPARTAMENTO DE AREQUIPA",11003857,,0,,0.0,250000.0,500000.0,500000.0,,31/12/2032,040104,,0.0,SIN_AVANCE_FISICO,,Sin avance físico registrado,NO,,OFICIAL_ORIGINAL,PROYECTO DE INVERSION,-16.346272940003157,-71.59847271802177,040104
2553904,"CREACION DEL SERVICIO DE DRENAJE PLUVIAL DEL SISTEMA DE DRENAJE EN LOS SECTORES DEL A.H. SANTA MARIA, A.H. APTASA, ASOC. DE MECANICOS Y ARTESANOS LA CUARENTENARIA, APVIS VILLALOBOS AMPUERO, MERCADO MAYORISTA RIO SECO, P.J. RIO SECO, Y ASOC. GRAN TERMINAL DE PRODUCTORES MAYORISTAS EL ALTIPLANO DE CONO NORTE,  DISTRITO DE CERRO COLORADO - PROVINCIA DE AREQUIPA - DEPARTAMENTO DE AREQUIPA",9351925,,0,,65000.0,0.0,500000.0,1000000.0,,31/12/2033,040104,,0.0,SIN_AVANCE_FISICO,,Sin avance físico registrado,NO,,OFICIAL_ORIGINAL,PROYECTO DE INVERSION,-16.346462859312716,-71.58070227263546,040104
2712893,"CREACION DEL SERVICIO DE DRENAJE PLUVIAL EN LA ASOCIACIÓN HABITACIONAL CHACHANI I, CHACHANI I SUB LOTE 2   DISTRITO DE CERRO COLORADO DE LA PROVINCIA DE AREQUIPA DEL DEPARTAMENTO DE AREQUIPA",3096402,,0,,36700.0,300000.0,300000.0,500000.0,,31/12/2032,040104,,0.0,SIN_AVANCE_FISICO,,Sin avance físico registrado,NO,,OFICIAL_ORIGINAL,PROYECTO DE INVERSION,-16.32040238696918,-71.54635953876279,040104
2529890,"CREACION DEL SERVICIO DE AGUA POTABLE Y ALCANTARILLADO EN LA ASOC. URBANIZADORA JOSÉ LUIS BUSTAMANTE Y RIVERO SECTOR X - XII  Y ASOC. DE VIVIENDA TALLER GRANJA LA CABAÑA DE PERUARBO SECTOR ARGENTINA,  DISTRITO DE CERRO COLORADO - PROVINCIA DE AREQUIPA - DEPARTAMENTO DE AREQUIPA",41891232,,14926216,,3409786.0,500000.0,500000.0,500000.0,01/12/2024,31/12/2035,040104,31.91,33.9,ACTUALIZADO,2026-08-13 09:54:42,,NO,,OFICIAL_ORIGINAL,PROYECTO DE INVERSION,-16.350938323741175,-71.61094940155546,040104
2720082,"CONSTRUCCION DE RED DE ALCANTARILLADO, RED DE DISTRIBUCION Y BUZON; EN EL(LA) SISTEMA DE AGUA POTABLE Y ALCANTARILLADO DE LA PRIMERA CUADRA DE LA AVENIDA SANTA ROSA DEL CENTRO POBLADO SEMI RURAL PACHACUTEC  DISTRITO DE CERRO COLORADO, PROVINCIA AREQUIPA, DEPARTAMENTO AREQUIPA",62896,,0,,62896.0,0.0,0.0,0.0,,31/12/2026,040104,,0.0,SIN_AVANCE_FISICO,,Sin avance físico registrado,NO,,OFICIAL_ORIGINAL,INVERSIONES IOARR,-16.385971,-71.57061,040104
2473793,"CREACION DEL SISTEMA DE DRENAJE PLUVIAL EN LOS SECTORES URB. LOS ALAMOS, URB. FUNDO LA TEJADA, FRANK MICHEL, URB. QUINTA EL SOL, EL ROSARIO I, Y OTROS, COMPRENDIDOS DENTRO DE LA CUENCA Y AFLUENTES DE LA QUEBRADA DE CHULLO.  DISTRITO DE CERRO COLORADO - PROVINCIA DE AREQUIPA - DEPARTAMENTO DE AREQUIPA",1802336,,1665184,,67837.0,69315.0,0.0,0.0,01/09/2021,31/12/2027,040104,96.13,95.62,ACTUALIZADO,2026-08-10 15:14:47,,NO,,OFICIAL_ORIGINAL,PROYECTO DE INVERSION,-16.372508714686305,-71.55578977840298,040104
2723436,CREACION DEL SERVICIO DE DRENAJE PLUVIAL EN LA ASOCIACIÓN DE VIVIENDA PENIEL   DISTRITO DE CERRO COLORADO DE LA PROVINCIA DE AREQUIPA DEL DEPARTAMENTO DE AREQUIPA,1044683,,0,,1050431.0,0.0,0.0,0.0,,01/09/2026,040104,8.88,10.56,ACTUALIZADO,2026-08-14 14:22:58,,NO,,OFICIAL_ORIGINAL,PROYECTO DE INVERSION,-16.348450472062368,-71.57996342541247,040104
2462949,"CONSTRUCCION DE CONEXIONES DOMICILIARIAS DE AGUA POTABLE Y CONEXIÓN DOMICILIARIA DE ALCANTARILLADO; EN EL(LA) SISTEMA DE AGUA POTABLE Y ALCANTARILLADO SANITARIO EN EL PUEBLO TRADICIONAL DE ZAMÁCOLA - AMPLIACIÓN ZAMACOLA DISTRITO DE CERRO COLORADO, PROVINCIA AREQUIPA, DEPARTAMENTO AREQUIPA",209108,,199799,,9308.0,0.0,0.0,0.0,01/10/2020,31/12/2026,040104,100.0,97.56,ACTUALIZADO,2026-08-05 12:01:44,,NO,,OFICIAL_ORIGINAL,INVERSIONES IOARR,-16.3772335,-71.56043,040104
2620321,"CONSTRUCCION DE RED DE ALCANTARILLADO Y CONEXION DOMICILIARIA DE ALCANTARILLADO; ADQUISICION DE BUZON; EN EL(LA) ASOCIACIÓN VILLA CERRILLOS ALBERTO FUJIMORI, CALLE 1 CON CALLE B  DISTRITO DE CERRO COLORADO, PROVINCIA AREQUIPA, DEPARTAMENTO AREQUIPA",171648,,138694,,32954.0,0.0,0.0,0.0,01/10/2024,31/12/2026,040104,100.0,94.76,ACTUALIZADO,2026-08-13 13:56:36,,NO,,OFICIAL_ORIGINAL,INVERSIONES IOARR,-16.32000855295804,-71.55310220497057,040104
2689258,"CONSTRUCCION DE RED DE ALCANTARILLADO Y CONEXION DOMICILIARIA DE ALCANTARILLADO; EN EL(LA) ASENTAMIENTO POBLACIONAL ASOCIACIÓN CENTRO INDUSTRIAL LAS CA NTERAS  DISTRITO DE CERRO COLORADO, PROVINCIA AREQUIPA, DEPARTAMENTO AREQUIPA",188050,,0,,200726.0,0.0,0.0,0.0,,31/12/2026,040104,,4.24,SIN_AVANCE_FISICO,2026-08-18 14:23:27,Sin avance físico registrado,NO,,OFICIAL_ORIGINAL,INVERSIONES IOARR,-16.331332463176064,-71.5923662434905,040104
2707811,"ADQUISICION DE BOMBA DE AGUA; REPARACION DE POZO; EN EL(LA) RESERVORIO R-38 ASOVICH EN LA ASOCIACION DE VIVIENDA VIRGEN DE LA CANDELARIA - ASOVICH DISTRITO DE CHARACATO, PROVINCIA AREQUIPA, DEPARTAMENTO AREQUIPA",45440,,42800,,2640.0,0.0,0.0,0.0,01/12/2025,14/02/2026,040105,100.0,94.19,ACTUALIZADO,2026-05-27 11:14:41,,NO,,OFICIAL_ORIGINAL,INVERSIONES IOARR,-16.46483772715201,-71.49566257138324,040105
2514089,MEJORAMIENTO DE LOS SERVICIOS DE AGUA PARA CONSUMO HUMANO EN EL ANEXO DE MOSOPUQUIO DEL DISTRITO DE CHARACATO - PROVINCIA DE AREQUIPA - DEPARTAMENTO DE AREQUIPA,2321690,,1482587,,287037.0,0.0,0.0,0.0,01/02/2022,04/11/2026,040105,83.9,81.76,ACTUALIZADO,2026-07-06 09:10:52,,NO,,OFICIAL_ORIGINAL,PROYECTO DE INVERSION,-16.44916878637006,-71.35515782731653,040105
2554667,"AMPLIACION DEL SERVICIO DE AGUA POTABLE Y ALCANTARILLADO SANITARIO, EN LA CALLE SAN RAMÓN ENTRE MZ. N Y MZ. J DEL P.J. SAN JUAN DE DIOS,  DISTRITO DE JACOBO HUNTER - PROVINCIA DE AREQUIPA - DEPARTAMENTO DE AREQUIPA",233423,,190549,,42874.0,0.0,0.0,0.0,01/12/2022,31/12/2026,040107,81.6,78.1,ACTUALIZADO,2026-06-16 08:31:38,,NO,,OFICIAL_ORIGINAL,PROYECTO DE INVERSION,-16.45466393241646,-71.55553460311438,040107
2682608,CREACION DEL SERVICIO DE DRENAJE PLUVIAL EN SISTEMA DE DRENAJE EN URB. BARTOLOME HERRERA  DE CENTRO POBLADO CIUDAD SATELITE DISTRITO DE JOSE LUIS BUSTAMANTE Y RIVERO DE LA PROVINCIA DE AREQUIPA DEL DEPARTAMENTO DE AREQUIPA,0,,0,,0.0,50000.0,497000.0,0.0,,31/12/2028,,,,SIN_AVANCE_FISICO,,,NO,,,,,,
2535979,"CONSTRUCCION DE SISTEMA DE DRENAJE; EN EL(LA) AV. LAS CONVENCIONES DEL SECTOR CERRO JULI , PARA SU EVACUACION DE AGUAS PLUVIALES,  DISTRITO DE JOSE LUIS BUSTAMANTE Y RIVERO, PROVINCIA AREQUIPA, DEPARTAMENTO AREQUIPA",180611,,176627,,3985.0,0.0,0.0,0.0,01/04/2022,31/12/2026,040129,100.0,96.95,ACTUALIZADO,2026-05-18 17:40:17,,NO,,OFICIAL_ORIGINAL,INVERSIONES IOARR,-16.41797358628679,-71.53507410085324,040129
2618321,AMPLIACION DEL SERVICIO DE DRENAJE PLUVIAL EN LA CALLE 14 DE URB. SANTA CATALINA Y CALLE 11 DE COOP. DANIEL ALCIDES CARRION HASTA LA AV. ANDRES AVELINO CACERES   DISTRITO DE JOSE LUIS BUSTAMANTE Y RIVERO DE LA PROVINCIA DE AREQUIPA DEL DEPARTAMENTO DE AREQUIPA,1088590,,1072038,,16552.0,0.0,0.0,0.0,01/08/2024,31/12/2026,040129,100.0,98.39,ACTUALIZADO,2026-05-19 12:08:47,,NO,,OFICIAL_ORIGINAL,PROYECTO DE INVERSION,-16.425226309065362,-71.51897149870311,040129
2334812,"MEJORAMIENTO DE LOS SERVICIOS DE AGUA POTABLE Y DESAGUE EN LA ASOCIACION DE VIVIENDA LA VICTORIA II, DISTRITO DE LA JOYA - AREQUIPA - AREQUIPA",20507543,,10036260,,10424096.0,9868621.0,0.0,0.0,01/10/2017,31/12/2027,040108,78.74,78.59,ACTUALIZADO,2026-07-08 17:52:42,,NO,,APROXIMADA_DISTRITO,PIP MAYOR (SNIP),-16.725199,-71.8611638,040108
2671268,"CONSTRUCCION DE RED DE DISTRIBUCION, CONEXIONES DOMICILIARIAS DE AGUA POTABLE, COLECTOR SECUNDARIO Y CONEXION DOMICILIARIA DE ALCANTARILLADO; EN EL(LA) MZ G, MZ. U, MZ. I, MZ. T, MZ Q, MZ. S, MZ. N, MZ. O, MZ. R Y MZ. A DEL ASENTAMIENTO HUMANO VILLA HERMOSA DE SAN ISIDRO,  DISTRITO DE LA JOYA, PROVINCIA AREQUIPA, DEPARTAMENTO AREQUIPA",2087652,,222916,,1846088.0,1280945.0,0.0,0.0,01/10/2025,30/12/2027,040108,,,SIN_AVANCE_FISICO,,Sin avance físico registrado,NO,,OFICIAL_ORIGINAL,INVERSIONES IOARR,-16.57526004749022,-71.89106606623058,040108
2698147,"CONSTRUCCION DE RED DE DISTRIBUCION, CONEXIONES DOMICILIARIAS DE AGUA POTABLE, RED DE ALCANTARILLADO Y CONEXION DOMICILIARIA DE ALCANTARILLADO; EN EL(LA) PROGRAMA MUNICIPAL UPIS CRISTO REY  DISTRITO DE LA JOYA, PROVINCIA AREQUIPA, DEPARTAMENTO AREQUIPA",10309171,,0,,10309171.0,4000000.0,5000000.0,1309171.0,,31/10/2029,040108,,,SIN_AVANCE_FISICO,,,NO,,,,,,040108
2653922," CREACION DEL SERVICIO DE AGUA POTABLE URBANO Y CREACION DEL SERVICIO DE ALCANTARILLADO EN LA ASOC. PRODUCTIVA VIVIENDA E INDUSTRIA SEÑALES DE ESPERANZA,   DISTRITO DE LA JOYA DE LA PROVINCIA DE AREQUIPA DEL DEPARTAMENTO DE AREQUIPA",41004406,,249520,,40754886.0,0.0,0.0,0.0,01/04/2025,24/12/2026,040108,,,SIN_AVANCE_FISICO,,Sin avance físico registrado,NO,,OFICIAL_ORIGINAL,PROYECTO DE INVERSION,-16.549361305319184,-71.81670466731907,040108
2470130,MEJORAMIENTO DE LA LINEA DE ADUCCIÓN PARA EL RESERVORIO DE LA ASOCIACIÓN DE VIVIENDA HÉROES ANÓNIMOS DEL DISTRITO DE LA JOYA - PROVINCIA DE AREQUIPA - DEPARTAMENTO DE AREQUIPA,1491247,,1410420,,80827.0,0.0,0.0,0.0,01/02/2021,31/03/2026,040108,,0.0,SIN_AVANCE_FISICO,2026-03-10 17:02:11,Sin avance físico registrado,NO,,OFICIAL_ORIGINAL,PROYECTO DE INVERSION,-16.69666999999993,-71.87251999999995,040108
2653286,"CREACION DEL SERVICIO DE AGUA POTABLE URBANO Y CREACION DEL SERVICIO DE ALCANTARILLADO EN LA ASOC. GRANJEROS CASA HUERTA VILLA ESPERANZA SAN JOSE II,   DISTRITO DE LA JOYA DE LA PROVINCIA DE AREQUIPA DEL DEPARTAMENTO DE AREQUIPA",25401053,,156904,,25244149.0,0.0,0.0,0.0,01/04/2025,22/12/2026,040108,,,SIN_AVANCE_FISICO,,Sin avance físico registrado,NO,,OFICIAL_ORIGINAL,PROYECTO DE INVERSION,-16.56461245343815,-71.82824092983641,040108
2562364,CREACION DEL SISTEMA DE AGUA Y DESAGUE DE LA ASOCIACION DE VIVIENDA LAS ESMERALDAS - EL TRIUNFO DEL DISTRITO DE LA JOYA - PROVINCIA DE AREQUIPA - DEPARTAMENTO DE AREQUIPA,1382765,,1363472,,19294.0,0.0,0.0,0.0,01/07/2023,30/06/2026,040108,100.0,100.0,DESACTUALIZADO,2024-04-03 09:18:52,Reporte físico desactualizado,SI,SEDAPAR S.A.,OFICIAL_ORIGINAL,PROYECTO DE INVERSION,-16.42296597377958,-71.81838373016235,040108
2677609,CREACION DEL SERVICIO DE AGUA POTABLE URBANO Y CREACION DEL SERVICIO DE ALCANTARILLADO EN LA ASOCIACION NUEVA SANTA ROSA SAN CAMILO DEL   DISTRITO DE LA JOYA DE LA PROVINCIA DE AREQUIPA DEL DEPARTAMENTO DE AREQUIPA,640003,,0,,640003.0,0.0,0.0,0.0,01/04/2026,12/12/2026,040108,,,SIN_AVANCE_FISICO,,Sin avance físico registrado,NO,,OFICIAL_ORIGINAL,PROYECTO DE INVERSION,-16.682510626994457,-71.86830312361279,040108
2644641,"CONSTRUCCION DE SISTEMA DE ABASTECIMIENTO DE AGUA POTABLE Y RED DE ALCANTARILLADO; EN EL(LA) MZ. E, MZ. G Y MZ. H DE LA ZONA A, MZ. G Y MZ. I DE LA ZONA B DEL A.H. LA FLORIDA,  DISTRITO DE LA JOYA, PROVINCIA AREQUIPA, DEPARTAMENTO AREQUIPA",1108279,,699778,,275131.0,0.0,0.0,0.0,01/05/2025,31/12/2026,040108,,0.0,SIN_AVANCE_FISICO,,Sin avance físico registrado,NO,,OFICIAL_ORIGINAL,INVERSIONES IOARR,-16.50594276032782,-71.81910187183524,040108
2658552,"CONSTRUCCION DE RED DE ALCANTARILLADO; EN EL(LA) ASOCIACION GRANJA TALLER Y VIVIENDA SAN FRANCISCO DE ASIS EN EL CENTRO POBLADO MARIANO MELGAR, DISTRITO DE MARIANO MELGAR, PROVINCIA AREQUIPA, DEPARTAMENTO AREQUIPA",2978689,,75024,,800000.0,205162.28,0.0,0.0,01/12/2024,30/10/2028,040109,26.2,26.97,ACTUALIZADO,2026-06-12 17:31:35,,NO,,OFICIAL_ORIGINAL,INVERSIONES IOARR,-16.38450726971218,-71.48808921035501,040109
2659163,"CONSTRUCCION DE SISTEMA DE ABASTECIMIENTO DE AGUA POTABLE Y RED DE ALCANTARILLADO; EN EL(LA) EL ASENTAMIENTO HUMANO HEROES DEL CENEPA ZONA A Y ZONA B DEL DISTRITO DE MARIANO MELGAR, PROVINCIA DE AREQUIPA, DEPARTAMENTO DE AREQUIPA EN EL CENTRO POBLADO MARIANO MELGAR, DISTRITO DE MARIANO MELGAR, PROVINCIA AREQUIPA, DEPARTAMENTO AREQUIPA",1368369,,58953,,947630.0,0.0,0.0,0.0,01/08/2025,17/03/2026,040109,13.96,16.36,ACTUALIZADO,2026-04-08 15:39:34,,NO,,OFICIAL_ORIGINAL,INVERSIONES IOARR,-16.39595362867316,-71.48236724371208,040109
2673110,MEJORAMIENTO DEL SERVICIO DE DRENAJE PLUVIAL EN LAS CALLES SAN MIGUEL Y ATENAS DEL PUEBLO JOVEN SANTA ROSA DEL   DISTRITO DE MARIANO MELGAR DE LA PROVINCIA DE AREQUIPA DEL DEPARTAMENTO DE AREQUIPA,1492002,,0,,1492002.0,1454002.0,0.0,0.0,01/07/2026,19/08/2027,040109,,0.02,SIN_AVANCE_FISICO,2026-02-26 12:35:09,Sin avance físico registrado,NO,,OFICIAL_ORIGINAL,PROYECTO DE INVERSION,-16.40717706888166,-71.50571374862555,040109
2711417,"CONSTRUCCION DE ALCANTARILLADO PLUVIAL Y BERMA; EN EL(LA) AV JUAN VELAZCO ALVARADO EN LA ASOCIACION DE MICROEMPRESARIOS DE GRANJAS Y TALLERES EL GRAN CHAPARRAL DEL  DISTRITO DE MARIANO MELGAR, PROVINCIA AREQUIPA, DEPARTAMENTO AREQUIPA",1478697,,0,,619622.0,0.0,0.0,0.0,01/04/2026,16/04/2026,040109,,0.0,SIN_AVANCE_FISICO,,Sin avance físico registrado,NO,,OFICIAL_ORIGINAL,INVERSIONES IOARR,-16.387582545155958,-71.48045188551002,040109
2658669,"CONSTRUCCION DE SISTEMA DE ABASTECIMIENTO DE AGUA POTABLE Y RED DE ALCANTARILLADO; EN EL(LA) ASOCIACION MICRO EMPRESARIOS EL GRAN CHAPARRAL EN EL CENTRO POBLADO MARIANO MELGAR, DISTRITO DE MARIANO MELGAR, PROVINCIA AREQUIPA, DEPARTAMENTO AREQUIPA",5122873,,10500,,562195.0,1187121.84,2993148.34,0.0,01/12/2024,01/11/2028,040109,,,SIN_AVANCE_FISICO,,,NO,,,,,,040109
2664881,CREACION DEL SERVICIO DE AGUA POTABLE URBANO EN LA ASOCIACION DE VIVIENDA SAN JERONIMO Y SERVICIO DE ALCANTARILLADO EN LA ASOCIACION DE VIVIENDA SAN JERONIMO DEL   DISTRITO DE MARIANO MELGAR DE LA PROVINCIA DE AREQUIPA DEL DEPARTAMENTO DE AREQUIPA,23281788,,52391,,22577240.0,2154236.0,1265148.0,2358457.0,01/12/2025,15/01/2032,040109,,0.0,SIN_AVANCE_FISICO,,Sin avance físico registrado,NO,,OFICIAL_ORIGINAL,PROYECTO DE INVERSION,-16.392621697637654,-71.48087649314763,040109
2078291,INSTALACIÓN DE REDES PRIMARIAS Y SECUNDARIAS DEL SISTEMA AGUA POTABLE Y ALCANTARILLADO DE LAS PARTES ALTAS DEL DISTRITO DE MARIANO MELGAR -PROVINCIA DE AREQUIPA,56453631,,55978213,,33851.0,441567.0,0.0,0.0,01/11/2010,15/04/2027,040109,99.2,99.2,ACTUALIZADO,2026-05-11 14:08:12,,NO,,APROXIMADA_DISTRITO,PIP MAYOR (SNIP),-16.3659477,-71.453062,040109
2661796,CREACION DEL SERVICIO DE DRENAJE PLUVIAL EN COOPERATIVA DE VIVIENDA SAENZ PEÑA   DISTRITO DE MIRAFLORES DE LA PROVINCIA DE AREQUIPA DEL DEPARTAMENTO DE AREQUIPA,340155,,40000,,5000.0,0.0,0.0,0.0,01/09/2025,30/10/2026,,0.0,11.76,ACTUALIZADO,2026-08-10 14:22:27,,NO,,OFICIAL_ORIGINAL,PROYECTO DE INVERSION,-16.392621833902055,-71.52744479823146,
2675350,"MEJORAMIENTO DEL SERVICIO  DE AGUA POTABLE URBANO Y MEJORAMIENTO DEL SERVICIO DE ALCANTARILLADO EN EL ASENTAMIENTO HUMANO ASOCIACION DE VIVIENDA CORAZON DE JESUS - MIRAFLORES,  DISTRITO DE MIRAFLORES - PROVINCIA DE AREQUIPA - DEPARTAMENTO DE AREQUIPA",2509761,,35875,,178970.0,1200000.0,294262.0,2500.0,01/10/2025,31/01/2029,040110,,5.28,SIN_AVANCE_FISICO,2026-08-10 14:26:49,Sin avance físico registrado,NO,,OFICIAL_ORIGINAL,PROYECTO DE INVERSION,-16.3735908068211,-71.49534704831524,040110
2675351,MEJORAMIENTO DEL SERVICIO DE AGUA POTABLE URBANO Y MEJORAMIENTO DEL SERVICIO DE ALCANTARILLADO EN AA.HH. ASOCIACION  DE VIVIENDA SEÑOR DE LOS MILAGROS DE MIRAFLORES   DISTRITO DE MIRAFLORES DE LA PROVINCIA DE AREQUIPA DEL DEPARTAMENTO DE AREQUIPA,1845890,,0,,5000.0,1671501.8,0.0,0.0,01/05/2026,24/12/2027,040110,,0.0,SIN_AVANCE_FISICO,,Sin avance físico registrado,NO,,OFICIAL_ORIGINAL,PROYECTO DE INVERSION,-16.373380542770786,-71.49502843684971,040110
2550580,"CONSTRUCCION DE RED DE ALCANTARILLADO; EN EL(LA) CALLE: FRANCISCO ZELA, 28 DE JULIO, MICAELA BASTIDAS, TUPAC AMARU Y DEAN VALDIVIA UPIS EL SALVADOR DISTRITO DE MIRAFLORES, PROVINCIA AREQUIPA, DEPARTAMENTO AREQUIPA",1925067,,1296826,,462463.0,165777.0,0.0,0.0,01/10/2022,04/02/2027,040110,78.48,70.0,ACTUALIZADO,2026-08-10 11:28:34,,NO,,OFICIAL_ORIGINAL,INVERSIONES IOARR,-16.37041025016802,-71.49553111096779,040110
2050040,"CONSTRUCCION DEL DRENAJE PLUVIAL EN EL P.J. MIGUEL, DISTRITO DE PAUCARPATA - AREQUIPA - AREQUIPA",16229361,,445892,,850000.0,100000.0,100000.0,100000.0,01/05/2010,30/06/2030,040112,,0.18,SIN_AVANCE_FISICO,2026-04-10 11:26:03,Sin avance físico registrado,NO,,APROXIMADA_DISTRITO,PIP MAYOR (SNIP),-16.4210931,-71.474928,040112
2650892,"CREACION DEL SERVICIO DE DRENAJE PLUVIAL EN CALLE Nº 2, CALLE Nº 8 Y JIRÓN PAUCARPATA, URBANIZACIÓN POPULAR DE INTERES SOCIAL NUEVO PERÚ DEL   DISTRITO DE PAUCARPATA DE LA PROVINCIA DE AREQUIPA DEL DEPARTAMENTO DE AREQUIPA",3910552,,0,,750000.0,250000.0,1000000.0,2152782.0,,28/02/2030,040112,,0.0,SIN_AVANCE_FISICO,,Sin avance físico registrado,NO,,OFICIAL_ORIGINAL,PROYECTO DE INVERSION,-16.42655418112438,-71.49894590339547,040112
2571383,CREACION DEL SISTEMA DE AGUA Y DESAGUE EN EL ASENTAMIENTO HUMANO LAS LOMAS DE OYON PAUCARPATA DEL DISTRITO DE PAUCARPATA - PROVINCIA DE AREQUIPA - DEPARTAMENTO DE AREQUIPA,792802,,0,,72000.0,720802.0,0.0,0.0,01/05/2026,30/04/2027,040112,,0.0,SIN_AVANCE_FISICO,,Sin avance físico registrado,NO,,OFICIAL_ORIGINAL,PROYECTO DE INVERSION,-16.424327319813585,-71.48943713716221,040112
2308333,"CREACION DEL SISTEMA DE DRENAJE PLUVIAL  EN EL  A.H. LA POSADA DE CRISTO, DISTRITO DE PAUCARPATA - AREQUIPA - AREQUIPA",1167183,,1142894,,13000.0,11289.0,0.0,0.0,01/09/2016,30/06/2027,040112,100.0,99.89,ACTUALIZADO,2026-06-24 13:24:11,,NO,,APROXIMADA_DISTRITO,PIP MAYOR (SNIP),-16.4210931,-71.474928,040112
2548215,CREACION DEL SERVICIO DE DRENAJE PLUVIAL EN 05 ASENTAMIENTOS HUMANOS DEL SECTOR DE UMAPALCA DEL  DISTRITO DE SABANDIA - PROVINCIA DE AREQUIPA - DEPARTAMENTO DE AREQUIPA,5219004,,4638367,,155360.0,212638.0,212639.0,0.0,01/12/2022,19/01/2028,040116,92.82,93.15,ACTUALIZADO,2026-07-07 09:28:06,,NO,,OFICIAL_ORIGINAL,PROYECTO DE INVERSION,-16.44386239793403,-71.4841269140159,040116
2516804,MEJORAMIENTO SISTEMA DE CONDUCCIÓN  Y DISTRIBUCIÓN DE LA RED AGUA POTABLE DEL PUEBLO TRADICIONAL DE YUMINA DEL DISTRITO DE SABANDIA - PROVINCIA DE AREQUIPA - DEPARTAMENTO DE AREQUIPA,2928176,,2730984,,197192.0,0.0,0.0,0.0,01/03/2022,31/12/2026,040116,100.0,100.0,ACTUALIZADO,2026-02-27 17:07:39,,NO,,OFICIAL_ORIGINAL,PROYECTO DE INVERSION,-16.445473810806547,-71.49538362630447,040116
2732287,"CONSTRUCCION DE RED DE DISTRIBUCION, CONEXIONES DOMICILIARIAS DE AGUA POTABLE, COLECTOR SECUNDARIO Y CONEXION DOMICILIARIA DE ALCANTARILLADO; EN EL(LA) URBANIZACION PRO VIVIENDA SANTA ANITA I UMAPALCA  DISTRITO DE SABANDIA, PROVINCIA AREQUIPA, DEPARTAMENTO AREQUIPA",369500,,0,,369500.0,0.0,0.0,0.0,,28/12/2026,040116,,0.0,SIN_AVANCE_FISICO,,Sin avance físico registrado,NO,,OFICIAL_ORIGINAL,INVERSIONES IOARR,-16.453107747557446,-71.49559364417892,040116
2703222,"AMPLIACION DEL SERVICIO DE AGUA POTABLE URBANO Y AMPLIACION DEL SERVICIO DE ALCANTARILLADO EN LA URBANIZACION PRO VIVIENDA SANTA ANITA II, UMAPALCA DEL   DISTRITO DE SABANDIA DE LA PROVINCIA DE AREQUIPA DEL DEPARTAMENTO DE AREQUIPA",384144,,0,,384144.0,0.0,0.0,0.0,,01/02/2027,040116,,0.0,SIN_AVANCE_FISICO,,Sin avance físico registrado,NO,,OFICIAL_ORIGINAL,PROYECTO DE INVERSION,-16.460642629126234,-71.50756250297431,040116
2707971,"REMODELACION DE SISTEMA DE CONDUCCION; REPARACION DE RESERVORIO; EN EL(LA) ANEXO DE BUENA VISTA Y CHACO  DISTRITO DE SABANDIA, PROVINCIA AREQUIPA, DEPARTAMENTO AREQUIPA",258863,,186993,,258863.0,0.0,0.0,0.0,01/12/2025,28/02/2026,040116,100.0,100.0,ACTUALIZADO,2026-04-08 15:51:53,,NO,,OFICIAL_ORIGINAL,INVERSIONES IOARR,-16.44739511038285,-71.49184868843251,040116
2557176,"RENOVACION DE RED DE ALCANTARILLADO; EN EL(LA) CALLES MAGNOLIAS, FLORAL Y AZUCENAS - P.T. PAMPA DE CAMARONES -  DISTRITO DE SACHACA, PROVINCIA AREQUIPA, DEPARTAMENTO AREQUIPA",713020,,574589,,0.0,22432.0,116000.0,0.0,01/12/2022,31/12/2030,040117,84.0,83.56,DESACTUALIZADO,2023-12-06 12:04:29,Reporte físico desactualizado,NO,,OFICIAL_ORIGINAL,INVERSIONES IOARR,-16.412463617084377,-71.56923437301634,040117
2660671,"RENOVACION DE SISTEMA DE ABASTECIMIENTO DE AGUA POTABLE Y RED DE ALCANTARILLADO; EN EL(LA) PUEBLO TRADICIONAL DE HUARANGUILLO  DISTRITO DE SACHACA, PROVINCIA AREQUIPA, DEPARTAMENTO AREQUIPA",2124535,,25265,,2099270.0,0.0,0.0,0.0,01/10/2025,31/12/2026,040117,,0.0,SIN_AVANCE_FISICO,,Sin avance físico registrado,NO,,OFICIAL_ORIGINAL,INVERSIONES IOARR,-16.413247207249015,-71.57627099806635,040117
2682921, CREACION DEL SERVICIO DE AGUA POTABLE RURAL Y CREACION DEL SERVICIO DE ALCANTARILLADO U OTRAS FORMAS DE DISPOSICIÓN SANITARIA DE EXCRETAS EN EL CENTRO POBLADO YURAMAYO PRIMERA PAMPA DEL   DISTRITO DE SAN JUAN DE SIGUAS DE LA PROVINCIA DE AREQUIPA DEL DEPARTAMENTO DE AREQUIPA,3165261,,42550,,0.0,30000.0,30000.0,30000.0,01/06/2025,13/11/2031,040118,,0.0,SIN_AVANCE_FISICO,,Sin avance físico registrado,NO,,OFICIAL_ORIGINAL,PROYECTO DE INVERSION,-16.4086698302474,-72.17009427780029,040118
2682927,CREACION DEL SERVICIO DE AGUA POTABLE RURAL Y CREACION DEL SERVICIO DE ALCANTARILLADO U OTRAS FORMAS DE DISPOSICIÓN SANITARIA DE EXCRETAS EN EL CENTRO POBLADO YURAMAYO SEGUNDA PAMPA DEL   DISTRITO DE SAN JUAN DE SIGUAS DE LA PROVINCIA DE AREQUIPA DEL DEPARTAMENTO DE AREQUIPA,2547963,,42500,,0.0,50000.0,50000.0,50000.0,01/06/2025,21/12/2030,040118,,0.0,SIN_AVANCE_FISICO,,Sin avance físico registrado,NO,,OFICIAL_ORIGINAL,PROYECTO DE INVERSION,-16.36366991074153,-72.15469371747773,040118
2689916,"REPARACION DE SISTEMA DE ABASTECIMIENTO DE AGUA POTABLE; EN EL(LA) LAS ESTANCIAS DE LA COMUNIDAD CAMPESINA DE HUAYLLACUCHO EN EL CENTRO POBLADO HUAYLLACUCHO, DISTRITO DE SAN JUAN DE TARUCANI, PROVINCIA AREQUIPA, DEPARTAMENTO AREQUIPA",315002,,232565,,77603.0,0.0,0.0,0.0,01/05/2025,30/04/2026,040119,75.47,74.15,ACTUALIZADO,2026-07-09 10:41:37,,NO,,OFICIAL_ORIGINAL,INVERSIONES IOARR,-16.05617056592887,-71.25645053829746,040119
2649795,"CONSTRUCCION DE RESERVORIO Y CERCO PERIMETRICO; REMODELACION DE CAPTACION DE AGUA ; EN EL(LA) SISTEMA DE AGUA POTABLE EN EL CENTRO POBLADO LA YUNTA, DISTRITO DE SAN JUAN DE TARUCANI, PROVINCIA AREQUIPA, DEPARTAMENTO AREQUIPA",85135,,71062,,11073.0,0.0,0.0,0.0,01/08/2024,31/10/2026,040119,88.74,85.82,ACTUALIZADO,2026-05-29 10:25:19,,NO,,OFICIAL_ORIGINAL,INVERSIONES IOARR,-16.140336849470643,-70.98233540778773,040119
2624421,CREACION DEL SERVICIO DE ALCANTARILLADO U OTRAS FORMAS DE DISPOSICIÓN SANITARIA DE EXCRETAS EN DISPOSICIÓN SANITARIA DE EXCRETAS  DE CENTRO POBLADO PATI DISTRITO DE SAN JUAN DE TARUCANI DE LA PROVINCIA DE AREQUIPA DEL DEPARTAMENTO DE AREQUIPA,586346,,539947,,46399.0,0.0,0.0,0.0,01/12/2023,17/08/2026,040119,93.88,92.09,ACTUALIZADO,2026-07-09 10:13:00,,NO,,OFICIAL_ORIGINAL,PROYECTO DE INVERSION,-16.18275271053644,-71.06265697616456,040119
2665508,"CONSTRUCCION DE CAMARA DE TRATAMIENTO; EN EL(LA) PTAP DE SANTA ISABEL DE SIGUAS DEL  DISTRITO DE SANTA ISABEL DE SIGUAS, PROVINCIA AREQUIPA, DEPARTAMENTO AREQUIPA",144266,,114013,,30254.0,0.0,0.0,0.0,01/06/2025,16/11/2026,040120,78.57,79.03,ACTUALIZADO,2026-04-10 19:40:46,,NO,,OFICIAL_ORIGINAL,INVERSIONES IOARR,-16.31987703353407,-72.09868712627652,040120
2727565,"RENOVACION DE RED DE DISTRIBUCION; EN EL(LA) LA LOCALIDAD DE SANTA RITA DE SIGUAS DEL  DISTRITO DE SANTA RITA DE SIGUAS, PROVINCIA AREQUIPA, DEPARTAMENTO AREQUIPA",459292,,0,,193205.0,0.0,0.0,0.0,,30/06/2026,040121,,5.44,SIN_AVANCE_FISICO,2026-07-13 10:00:45,Sin avance físico registrado,NO,,OFICIAL_ORIGINAL,INVERSIONES IOARR,-16.495179473425754,-72.08633798141359,040121
2499210,"CONSTRUCCION DE RESERVORIO; EN EL(LA) PLANTA DE AGUA POTABLE,  DISTRITO DE SANTA RITA DE SIGUAS, PROVINCIA AREQUIPA, DEPARTAMENTO AREQUIPA",750948,,702724,,48224.0,0.0,0.0,0.0,01/12/2020,29/10/2026,040121,100.0,93.58,ACTUALIZADO,2026-08-17 10:20:54,,NO,,OFICIAL_ORIGINAL,INVERSIONES IOARR,-16.44871656196401,-72.1309511639578,040121
2699216,"REPARACION DE SISTEMA DE ABASTECIMIENTO DE AGUA POTABLE; EN EL(LA) MUNICIPALIDAD DISTRITAL DE SANTA RITA DE SIGUAS  DISTRITO DE SANTA RITA DE SIGUAS, PROVINCIA AREQUIPA, DEPARTAMENTO AREQUIPA",473970,,449408,,24562.0,0.0,0.0,0.0,01/10/2025,08/12/2026,040121,100.0,96.27,ACTUALIZADO,2026-06-24 20:50:29,,NO,,OFICIAL_ORIGINAL,INVERSIONES IOARR,-16.492216715233,-72.09412711639284,040121
2533755,"RENOVACION DE SISTEMA DE DRENAJE; EN EL(LA) CALLE PUCALLPA/CALLE CARAVELI EN LA URBANIZACION SAN MARTIN DE SOCABAYA  DISTRITO DE SOCABAYA, PROVINCIA AREQUIPA, DEPARTAMENTO AREQUIPA",336298,,296682,,0.0,39615.37,0.0,0.0,01/11/2022,16/03/2028,040122,81.0,80.02,VIGENTE_CON_RETRASO,2025-11-30 21:40:28,Reporte físico con > 6 meses,NO,,OFICIAL_ORIGINAL,INVERSIONES IOARR,-16.445470182168084,-71.53463718651254,040122
2461557,"AMPLIACION DEL SISTEMA DE DRENAJE PLUVIAL DE LARA (TRAMO CALLE GODOFREDO MANRIQUE - AV. SALAVERRY) EN EL P.J. 4 DE OCTUBRE, FUNDO EDEN DE LARA, Y URB. LARA DEL DISTRITO DE SOCABAYA - PROVINCIA DE AREQUIPA - DEPARTAMENTO DE AREQUIPA",3497351,,2790247,,0.0,207104.53,500000.0,0.0,01/03/2021,29/12/2028,040122,41.98,40.64,DESACTUALIZADO,2022-04-04 10:20:13,Reporte físico desactualizado,NO,,OFICIAL_ORIGINAL,PROYECTO DE INVERSION,-16.4689236,-71.52806,040122
2307759,"CREACION DE LOS SERVICIOS DE AGUA Y DESAGUE  EN EL ASENTAMIENTO HUMANO PRIMERO DE MAYO, DISTRITO DE SOCABAYA - AREQUIPA - AREQUIPA",4520392,,3671049,,0.0,840000.0,9343.1,0.0,01/04/2017,24/11/2028,040122,80.0,79.12,VIGENTE_CON_RETRASO,2025-11-07 13:32:01,Reporte físico con > 6 meses,NO,,APROXIMADA_DISTRITO,PIP MAYOR (SNIP),-16.4689321,-71.5380727,040122
2328188,"CREACION DE LOS SERVICIOS DE AGUA Y DESAGÜE EN ASOCIACIONES DE VIVIENDAS, PEQUEÑOS ARTESANOS Y COMERCIANTES DE VILLA SOCABAYA, GRANJA VILLA DEL SUR Y PEQUEÑOS PRODUCTORES LA PAMPA EN EL PUEBLO TRADICIONAL LA PAMPA, DISTRITO DE SOCABAYA - AREQUIPA - AREQUIPA",9530605,,4404478,,0.0,5000000.0,126126.61,0.0,01/04/2018,25/02/2028,040122,37.13,36.01,DESACTUALIZADO,2024-08-07 10:06:35,Reporte físico desactualizado,NO,,APROXIMADA_DISTRITO,PIP MAYOR (SNIP),-16.4689321,-71.5380727,040122
2670642,"CONSTRUCCION DE ALCANTARILLADO PLUVIAL; EN EL(LA) PASAJE 8 DEL ASENTAMIENTO HUMANO SANTA CRUZ DE LARA  DISTRITO DE SOCABAYA, PROVINCIA AREQUIPA, DEPARTAMENTO AREQUIPA",659440,,12900,,577552.0,0.0,0.0,0.0,01/06/2025,29/06/2026,040122,8.0,9.94,ACTUALIZADO,2026-07-13 10:41:17,,NO,,OFICIAL_ORIGINAL,INVERSIONES IOARR,-16.462072829470245,-71.5236525860521,040122
2655429,"MEJORAMIENTO DEL SERVICIO DE DRENAJE PLUVIAL EN LA AV. SOCABAYA DE LA URB. SAN MARTIN DE SOCABAYA ,    DISTRITO DE SOCABAYA DE LA PROVINCIA DE AREQUIPA DEL DEPARTAMENTO DE AREQUIPA",2188659,,42700,,1797391.0,0.0,0.0,0.0,01/09/2025,31/12/2027,,,0.0,SIN_AVANCE_FISICO,,Sin avance físico registrado,NO,,OFICIAL_ORIGINAL,PROYECTO DE INVERSION,-16.440335271438013,-71.529459225932,
2527028,"CONSTRUCCION DE LÍNEA DE CONDUCCIÓN; EN EL(LA) ABASTECIMIENTO DE AGUA POTABLE A LOS PUEBLOS TRADICIONALES DE SOCABAYA DISTRITO DE SOCABAYA, PROVINCIA AREQUIPA, DEPARTAMENTO AREQUIPA",1705171,,13600,,0.0,20000.0,800000.0,860000.0,01/12/2021,31/10/2030,040122,,,SIN_AVANCE_FISICO,,,NO,,,,,,040122
2649512,CREACION DEL SERVICIO DE DRENAJE PLUVIAL EN LOS PUEBLOS DE LA PARTE BAJA DEL ANILLO VIAL DEL   DISTRITO DE TIABAYA DE LA PROVINCIA DE AREQUIPA DEL DEPARTAMENTO DE AREQUIPA,7754068,,0,,0.0,0.0,2009391.0,2009391.0,,30/09/2031,,,0.0,SIN_AVANCE_FISICO,,Sin avance físico registrado,NO,,OFICIAL_ORIGINAL,PROYECTO DE INVERSION,-16.443136240347464,-71.60057712413933,
2718915,"REPARACION DE SISTEMA DE ABASTECIMIENTO DE AGUA POTABLE; EN EL(LA) LOCALIDAD DE TIABAYA (PUEBLOS ADMINISTRADOS) DEL  DISTRITO DE TIABAYA, PROVINCIA AREQUIPA, DEPARTAMENTO AREQUIPA",785565,,0,,785565.0,0.0,0.0,0.0,,31/12/2026,040123,,0.0,SIN_AVANCE_FISICO,2026-03-17 13:59:40,Sin avance físico registrado,NO,,OFICIAL_ORIGINAL,INVERSIONES IOARR,-16.440740488876873,-71.59719231934149,040123
2596574,"MEJORAMIENTO Y AMPLIACION DEL SERVICIO DE DRENAJE PLUVIAL EN EL AMBITO URBANO DE LOS PUEBLOS PATASAGUA ALTO, SANTA TERESA, ALTO SAN JOSE Y SANTA RITA,   DISTRITO DE TIABAYA DE LA PROVINCIA DE AREQUIPA DEL DEPARTAMENTO DE AREQUIPA",2238237,,2235237,,3000.0,0.0,0.0,0.0,01/11/2023,29/05/2026,040123,99.98,99.98,ACTUALIZADO,2026-07-18 23:12:34,,NO,,OFICIAL_ORIGINAL,PROYECTO DE INVERSION,-16.440893085348552,-71.59941190320006,040123
2686625,CREACION DEL SERVICIO DE DRENAJE PLUVIAL EN LA URBANIZACIÓN POPULAR DE INTERÉS SOCIAL CARMEN II CONGATA DEL   DISTRITO DE UCHUMAYO DE LA PROVINCIA DE AREQUIPA DEL DEPARTAMENTO DE AREQUIPA,1248030,,0,,,1248030.0,0.0,0.0,,01/10/2027,,,0.0,SIN_AVANCE_FISICO,,Sin avance físico registrado,NO,,OFICIAL_ORIGINAL,PROYECTO DE INVERSION,-16.441066194031265,-71.62455705982077,
2631010,"MEJORAMIENTO DEL SERVICIO DE AGUA POTABLE URBANO Y CREACION DEL SERVICIO DE ALCANTARILLADO Y CREACION DEL SERVICIO DE TRATAMIENTO DE AGUAS RESIDUALES PARA DISPOSICIÓN FINAL EN EL ASENTAMIENTO HUMANO ASOCIACIÓN VIRGEN DEL ROSARIO DE UCHUMAYO,   DISTRITO DE UCHUMAYO DE LA PROVINCIA DE AREQUIPA DEL DEPARTAMENTO DE AREQUIPA",28136551,,0,,265000.0,0.0,0.0,0.0,01/03/2026,01/04/2029,,,0.0,SIN_AVANCE_FISICO,,Sin avance físico registrado,NO,,OFICIAL_ORIGINAL,PROYECTO DE INVERSION,-16.43336386507638,-71.6671022592151,
2565231,"MEJORAMIENTO DEL SERVICIO DE DISPOSICIÓN SANITARIA DE EXCRETAS EN EL LATERAL 5, 6, 7 Y 8 DEL CURAL DEL DISTRITO DE UCHUMAYO - PROVINCIA DE AREQUIPA - DEPARTAMENTO DE AREQUIPA",8434528,,5387635,,2109034.0,0.0,0.0,0.0,01/05/2024,30/12/2027,040124,89.97,89.51,ACTUALIZADO,2026-08-03 16:56:35,,NO,,OFICIAL_ORIGINAL,PROYECTO DE INVERSION,-16.414716481728064,-71.64066640716435,040124
2691390,"CONSTRUCCION DE MURO DE CONTENCION; EN EL(LA) RESERVORIO DEL SISTEMA DE AGUA POTABLE EN EL PUEBLO TRADICIONAL PUEBLO LIBRE,  DISTRITO DE UCHUMAYO, PROVINCIA AREQUIPA, DEPARTAMENTO AREQUIPA",343989,,0,,30000.0,313989.0,0.0,0.0,01/07/2026,30/12/2027,040124,,,SIN_AVANCE_FISICO,,Sin avance físico registrado,NO,,OFICIAL_ORIGINAL,INVERSIONES IOARR,-16.423841007816932,-71.66163725834738,040124
2535685,MEJORAMIENTO DEL SERVICIO DE LA LINEA DE CONDUCCIÓN DE LA RED PRIMARIA Y CONSTRUCCIÓN DE PTAP PERTENECIENTE A LA JASS DE LETICIA DEL PUEBLO TRADICONAL DE LETICIA DEL DISTRITO DE UCHUMAYO - PROVINCIA DE AREQUIPA - DEPARTAMENTO DE AREQUIPA,3874950,,3321570,,306178.0,0.0,0.0,0.0,01/10/2022,30/12/2026,040124,91.78,91.33,ACTUALIZADO,2026-08-05 12:56:59,,NO,,APROXIMADA_DISTRITO,PROYECTO DE INVERSION,-16.4251651,-71.6727116,040124
2381037,CREACION DE MODULOS BASICOS DE SANEAMIENTO PARA LA POBLACION DE LAS LOCALIDADES DE HUACHIPA A BOYADERO EN EL DISTRITO DE VITOR PROVINCIA Y REGION DE AREQUIPA,1858146,,1823846,,13709.0,4992.0,0.0,0.0,01/12/2017,31/12/2027,040125,99.45,98.42,VIGENTE_CON_RETRASO,2026-01-27 10:15:03,Reporte físico con > 6 meses,NO,,APROXIMADA_DISTRITO,PROYECTO DE INVERSION,-16.4714183,-71.9630459,040125
2710737,CREACION DEL SERVICIO DE ALCANTARILLADO U OTRAS FORMAS DE DISPOSICIÓN SANITARIA DE EXCRETAS EN MODULOS BASICOS DE SANEAMIENTO EN EL ANEXO DE SAN JOSE DEL SECTOR PAMPA DESAMPARADOS   DISTRITO DE VITOR DE LA PROVINCIA DE AREQUIPA DEL DEPARTAMENTO DE AREQUIPA,1462392,,0,,1462392.0,0.0,0.0,0.0,,31/12/2026,040125,,0.0,SIN_AVANCE_FISICO,,Sin avance físico registrado,NO,,OFICIAL_ORIGINAL,PROYECTO DE INVERSION,-16.505982760642407,-71.9508546576877,040125
2381031,CREACION DE MODULOS BASICOS DE SANEAMIENTO PARA LA POBLACION DE LA LOCALIDAD DE TACAR DISTRITO DE VITOR PROVINCIA Y REGION DE AREQUIPA,1868551,,1019388,,752621.0,0.0,0.0,0.0,01/12/2017,30/06/2026,040125,97.37,93.68,ACTUALIZADO,2026-07-20 14:31:26,,NO,,APROXIMADA_DISTRITO,PROYECTO DE INVERSION,-16.4714183,-71.9630459,040125
2651842,"CONSTRUCCION DE SISTEMA DE PRETRATAMIENTO Y LINEA DE CONDUCCION; EN EL(LA) DEL SISTEMA DE AGUA POTABLE DEL SECTOR DE PALCA QUE ABASTECE A LOS CENTROS POBLADOS DEL DISTRITO DE VITOR, PROVINCIA AREQUIPA, DEPARTAMENTO AREQUIPA",938580,,902982,,35598.0,0.0,0.0,0.0,01/09/2024,31/12/2026,040125,100.0,98.65,ACTUALIZADO,2026-07-14 14:58:31,,NO,,OFICIAL_ORIGINAL,INVERSIONES IOARR,-16.465542465983766,-71.93445813491701,040125
2671235,"CONSTRUCCION DE CONEXIONES DOMICILIARIAS DE AGUA POTABLE; ADQUISICION DE MICRO MEDIDORES; EN EL(LA) SISTEMA DE MICROMEDICION  EN CONEXIONES DOMICILIARIAS DE AGUA POTABLE DE LOS USUARIOS DEL  DISTRITO DE YARABAMBA, PROVINCIA AREQUIPA, DEPARTAMENTO AREQUIPA",1326205,,38000,,1288205.0,0.0,0.0,0.0,01/10/2025,02/01/2027,040127,,2.87,SIN_AVANCE_FISICO,2026-08-14 16:43:03,Sin avance físico registrado,NO,,OFICIAL_ORIGINAL,INVERSIONES IOARR,-16.5475437064471,-71.47504042779475,040127
2645624,"REMODELACION DE PTAP; CONSTRUCCION DE RESERVORIO Y ALMACEN; EN EL(LA) SISTEMA DE AGUA PARA CONSUMO HUMANO DE LOS POZOS MELLIZOS,  DISTRITO DE YARABAMBA, PROVINCIA AREQUIPA, DEPARTAMENTO AREQUIPA",1275672,,949562,,326110.0,0.0,0.0,0.0,01/10/2024,13/12/2026,040127,74.2,74.42,ACTUALIZADO,2026-08-14 16:21:29,,NO,,OFICIAL_ORIGINAL,INVERSIONES IOARR,-16.57427781425854,-71.44287216204263,040127
2609596,CREACION DEL SERVICIO DE AGUA POTABLE URBANO Y CREACION DEL SERVICIO DE ALCANTARILLADO EN EL ASENTAMIENTO HUMANO SAN ANTONIO DEL   DISTRITO DE YARABAMBA DE LA PROVINCIA DE AREQUIPA DEL DEPARTAMENTO DE AREQUIPA,19663006,,6686424,,6488291.0,6477889.76,0.0,0.0,01/08/2024,31/03/2027,040127,38.38,38.03,ACTUALIZADO,2026-07-31 09:29:16,,NO,,OFICIAL_ORIGINAL,PROYECTO DE INVERSION,-16.570663908568125,-71.45530614851833,040127
2479645,MEJORAMIENTO DEL SERVICIO DE DRENAJE PLUVIAL EN EL PUEBLO TRADICIONAL DE YARABAMBA DEL DISTRITO DE YARABAMBA - PROVINCIA DE AREQUIPA - DEPARTAMENTO DE AREQUIPA,6409860,,5689740,,15000.0,705119.0,0.0,0.0,01/04/2022,30/11/2027,040127,97.55,95.93,ACTUALIZADO,2026-05-14 09:29:49,,NO,,OFICIAL_ORIGINAL,PROYECTO DE INVERSION,-16.54908568054556,-71.47199269577013,040127
2617836,CREACION DEL SERVICIO DE AGUA POTABLE URBANO Y CREACION DEL SERVICIO DE ALCANTARILLADO EN LA ASOCIACIÓN DE PEQUEÑOS GRANJEROS SEÑOR DE LOS DESAMPARADOS   DISTRITO DE YARABAMBA DE LA PROVINCIA DE AREQUIPA DEL DEPARTAMENTO DE AREQUIPA,6730171,,136149,,3000000.0,3533070.0,60952.0,0.0,01/12/2025,01/02/2028,040127,,0.0,SIN_AVANCE_FISICO,,Sin avance físico registrado,NO,,OFICIAL_ORIGINAL,PROYECTO DE INVERSION,-16.5412946441337,-71.47767114180175,040127
2611171,MEJORAMIENTO Y AMPLIACION DEL SERVICIO DE AGUA POTABLE URBANO Y MEJORAMIENTO Y AMPLIACION DEL SERVICIO DE ALCANTARILLADO EN EL ANEXO LINARES MOSCOSO   DISTRITO DE YARABAMBA DE LA PROVINCIA DE AREQUIPA DEL DEPARTAMENTO DE AREQUIPA,2062939,,39400,,0.0,1100000.0,450000.0,0.0,01/08/2024,31/05/2028,040127,,,SIN_AVANCE_FISICO,,,NO,,,,,,040127
2657901,"ADQUISICION DE EQUIPO PARA FUENTES DE ENERGIA SOLAR; CONSTRUCCION DE SISTEMA DE DESHIDRATACION DE LODOS Y CERCO PERIMETRICO; EN EL(LA) PLANTA DE TRATAMIENTO DE AGUAS RESIDUALES DEL PUEBLO TRADICIONAL YARABAMBA,  DISTRITO DE YARABAMBA, PROVINCIA AREQUIPA, DEPARTAMENTO AREQUIPA",981770,,52800,,0.0,908969.9,0.0,0.0,01/05/2025,14/01/2027,040127,,,SIN_AVANCE_FISICO,,,NO,,,,,,040127
2615866,MEJORAMIENTO Y AMPLIACION DEL SERVICIO DE AGUA POTABLE URBANO Y MEJORAMIENTO Y AMPLIACION DEL SERVICIO DE ALCANTARILLADO EN EL CENTRO POBLADO DE SANTA CECILIA AMPLIACION EL CERRO Y EL SECTOR EL CERRO DEL DISTRITO DE YARABAMBA DE LA PROVINCIA DE AREQUIPA DEL DEPARTAMENTO DE AREQUIPA  DISTRITO DE YARABAMBA - PROVINCIA DE AREQUIPA - DEPARTAMENTO DE AREQUIPA,3172211,,57300,,1950000.0,0.0,0.0,0.0,01/12/2025,29/11/2027,040127,,0.0,SIN_AVANCE_FISICO,,Sin avance físico registrado,NO,,OFICIAL_ORIGINAL,PROYECTO DE INVERSION,-16.543351597348494,-71.47726344603149,040127
2656041,MEJORAMIENTO Y AMPLIACION DEL SERVICIO DE AGUA POTABLE URBANO Y MEJORAMIENTO Y AMPLIACION DEL SERVICIO DE ALCANTARILLADO EN EL PUEBLO TRADICIONAL SOGAY DEL   DISTRITO DE YARABAMBA DE LA PROVINCIA DE AREQUIPA DEL DEPARTAMENTO DE AREQUIPA,1979771,,0,,0.0,726590.0,1000000.0,0.0,,28/04/2028,,,0.0,SIN_AVANCE_FISICO,,Sin avance físico registrado,NO,,OFICIAL_ORIGINAL,PROYECTO DE INVERSION,-16.569111021223073,-71.43841433262367,
2664627,AMPLIACION DEL SERVICIO DE AGUA POTABLE URBANO Y AMPLIACION DEL SERVICIO DE ALCANTARILLADO EN EL PUEBLO TRADICIONAL PEÑAS NEGRAS DEL   DISTRITO DE YARABAMBA DE LA PROVINCIA DE AREQUIPA DEL DEPARTAMENTO DE AREQUIPA,635515,,0,,0.0,450000.0,150000.0,0.0,,31/03/2028,040127,,0.0,SIN_AVANCE_FISICO,,Sin avance físico registrado,NO,,OFICIAL_ORIGINAL,PROYECTO DE INVERSION,-16.551796264267406,-71.479876686458,040127
2610492,MEJORAMIENTO DEL SERVICIO DE AGUA POTABLE URBANO Y MEJORAMIENTO DEL SERVICIO DE ALCANTARILLADO EN EL ANEXO DE QUICHINIHUAYA DEL   DISTRITO DE YARABAMBA DE LA PROVINCIA DE AREQUIPA DEL DEPARTAMENTO DE AREQUIPA,1278155,,0,,0.0,650000.0,0.0,0.0,,01/05/2027,,,0.0,SIN_AVANCE_FISICO,,Sin avance físico registrado,NO,,OFICIAL_ORIGINAL,PROYECTO DE INVERSION,-16.56424803135221,-71.45726062152741,
2612121,MEJORAMIENTO DEL SERVICIO DE AGUA POTABLE URBANO EN EL PUEBLO TRADICIONAL DE YARABAMBA DEL   DISTRITO DE YARABAMBA DE LA PROVINCIA DE AREQUIPA DEL DEPARTAMENTO DE AREQUIPA,1168203,,0,,0.0,100068.0,1000000.0,0.0,,01/09/2028,040127,,0.0,SIN_AVANCE_FISICO,,Sin avance físico registrado,NO,,OFICIAL_ORIGINAL,PROYECTO DE INVERSION,-16.54403352349724,-71.47519121520362,040127
2634066,CREACION DEL SERVICIO DE AGUA POTABLE URBANO EN LA INFRAESTRUCTURA DE ALMACENAMIENTO DE AGUA PARA CONSUMO HUMANO EN EL SECTOR CHIHUI DEL ANEXO LINARES DE MOSCOSO DEL   DISTRITO DE YARABAMBA DE LA PROVINCIA DE AREQUIPA DEL DEPARTAMENTO DE AREQUIPA,8461562,,0,,0.0,800000.0,7200000.0,0.0,,01/12/2028,,,0.0,SIN_AVANCE_FISICO,,Sin avance físico registrado,NO,,OFICIAL_ORIGINAL,PROYECTO DE INVERSION,-16.54715645486521,-71.47633415988862,
2606568,CREACION DEL SERVICIO DE AGUA POTABLE RURAL Y CREACION DEL SERVICIO DE ALCANTARILLADO U OTRAS FORMAS DE DISPOSICIÓN SANITARIA DE EXCRETAS EN LA ASOCIACIÓN SEÑOR DE LOS MILAGROS DEL   DISTRITO DE YARABAMBA DE LA PROVINCIA DE AREQUIPA DEL DEPARTAMENTO DE AREQUIPA,2785396,,0,,0.0,805008.0,1500000.0,0.0,,30/06/2028,040127,,0.0,SIN_AVANCE_FISICO,2026-08-11 10:58:54,Sin avance físico registrado,NO,,OFICIAL_ORIGINAL,PROYECTO DE INVERSION,-16.571259179541364,-71.45947331350747,040127
2662809,CREACION DEL SERVICIO DE DRENAJE PLUVIAL EN EL ASENTAMIENTO HUMANO SANTA CECILIA DEL   DISTRITO DE YARABAMBA DE LA PROVINCIA DE AREQUIPA DEL DEPARTAMENTO DE AREQUIPA,2224997,,0,,0.0,718754.0,718754.0,0.0,,28/07/2028,,,0.0,SIN_AVANCE_FISICO,,Sin avance físico registrado,NO,,OFICIAL_ORIGINAL,PROYECTO DE INVERSION,-16.561313087754648,-71.4705730690475,
2339109,"MEJORAMIENTO Y AMPLIACION DE LOS SISTEMAS DE AGUA POTABLE Y ALCANTARILLADO, DISTRITO DE YARABAMBA - AREQUIPA - AREQUIPA",34960507,,34729128,,231379.0,0.0,0.0,0.0,01/05/2017,30/12/2026,040127,94.03,82.24,ACTUALIZADO,2026-08-12 09:32:02,,NO,,APROXIMADA_DISTRITO,PIP MAYOR (SNIP),-16.5469355,-71.4752051,040127
2189060,"INSTALACION DEL SERVICIO DEL SISTEMA DE AGUA POTABLE Y ALCANTARILLADO DEL CIRCUITO DEL RESERVORIO N-38, DEL CONO NORTE, DISTRITO DE YURA - AREQUIPA - AREQUIPA",18438707,,8829838,,2800.0,355000.0,250000.0,250000.0,01/03/2014,04/02/2031,040128,48.41,47.39,ACTUALIZADO,2026-08-14 10:38:50,,NO,,APROXIMADA_DISTRITO,PIP MAYOR (SNIP),-16.1602144,-71.614073,040128
2489467,"CREACION DEL SISTEMA DE AGUA POTABLE Y DESAGUE EN EL ASENTAMIENTO HUMANO ASOCIACION DE VIVIENDA PROPIEDAD FAMILIAR ELMER FAUCETT PROFAM SECTOR 1, 2 Y 3,  DISTRITO DE YURA - PROVINCIA DE AREQUIPA - DEPARTAMENTO DE AREQUIPA",29744854,,132650,,29000.0,90000.0,90000.0,5000000.0,01/02/2021,31/12/2032,040128,,0.45,SIN_AVANCE_FISICO,2026-07-08 21:10:12,Sin avance físico registrado,NO,,OFICIAL_ORIGINAL,PROYECTO DE INVERSION,-16.312431750787805,-71.63554667030247,040128
2508678,"CREACION DEL SERVICIO DE AGUA POTABLE Y ALCANTARILLADO EN LA ASOCIACIÓN DE VIVIENDA CAPITAN FAP JOSE ABELARDO QUIÑONES II ETAPA, DEL  DISTRITO DE YURA - PROVINCIA DE AREQUIPA - DEPARTAMENTO DE AREQUIPA",17524826,,369700,,0.0,2400000.0,645000.0,723000.0,01/12/2021,28/06/2030,040128,,1.24,SIN_AVANCE_FISICO,2026-07-09 10:14:13,Sin avance físico registrado,NO,,OFICIAL_ORIGINAL,PROYECTO DE INVERSION,-16.32411215448784,-71.622789581313,040128
2635992,CREACION DEL SERVICIO DE AGUA POTABLE URBANO Y CREACION DEL SERVICIO DE ALCANTARILLADO EN LA ASOC. GRANJEROS INDUSTRIA SANTUSA   DISTRITO DE YURA DE LA PROVINCIA DE AREQUIPA DEL DEPARTAMENTO DE AREQUIPA,1166762,,47240,,2300000.0,22072.0,0.0,0.0,01/03/2025,01/03/2027,040128,28.2,29.32,ACTUALIZADO,2026-08-09 23:22:38,,NO,,OFICIAL_ORIGINAL,PROYECTO DE INVERSION,-16.286981210258926,-71.63105665241132,040128
2725267,"ADQUISICION DE TERRENO; CONSTRUCCION DE CERCO PERIMETRICO; EN EL(LA) COSTADO DEL RESERVORIO N° 38, PARA LA INSTALACIÓN DE SURTIDORES EN EL CENTRO POBLADO CIUDAD DE DIOS, DISTRITO DE YURA, PROVINCIA AREQUIPA, DEPARTAMENTO AREQUIPA",489440,,0,,380087.0,0.0,0.0,0.0,,30/12/2026,040128,,0.0,SIN_AVANCE_FISICO,,Sin avance físico registrado,NO,,OFICIAL_ORIGINAL,INVERSIONES IOARR,-16.306672588831724,-71.62463039711217,040128
2403922,"MEJORAMIENTO Y AMPLIACION DEL SISTEMA DE TRATAMIENTO DE AGUAS RESIDUALES EN LOS DISTRITOS DE CAMANA, SAMUEL PASTOR Y NICOLAS DE PIEROLA DE LA  PROVINCIA DE CAMANA - DEPARTAMENTO DE AREQUIPA",101850309,,1737337,,593942.0,1000000.0,1611058.0,70129994.0,01/10/2020,30/01/2030,040201,,1.71,SIN_AVANCE_FISICO,2026-05-22 10:27:13,Sin avance físico registrado,SI,SEDAPAR S.A.,APROXIMADA_DISTRITO,PROYECTO DE INVERSION,-16.6248458,-72.7114514,040201
2700654,"ADQUISICION DE SISTEMA DE BOMBEO; EN EL(LA) MUNICIPALIDAD DISTRITAL DE JOSE MARIA QUIMPER  DISTRITO DE JOSE MARIA QUIMPER, PROVINCIA CAMANA, DEPARTAMENTO AREQUIPA",101589,,78938,,22651.0,650.0,0.0,0.0,01/08/2025,15/07/2026,040202,100.0,100.0,ACTUALIZADO,2026-06-22 11:10:52,,NO,,OFICIAL_ORIGINAL,INVERSIONES IOARR,-16.604728392949315,-72.72478569045897,040202
2718912,"RENOVACION DE POZO; EN EL(LA) INTEGRAL DE TRATAMIENTO DE AGUA RESIDUAL DE LA MUNICIPALIDAD DISTRITAL DE MARIANO NICOLAS VALCARCEL  DISTRITO DE MARIANO NICOLAS VALCARCEL, PROVINCIA CAMANA, DEPARTAMENTO AREQUIPA",750915,,0,,50000.0,0.0,0.0,0.0,,22/05/2029,040203,,0.0,SIN_AVANCE_FISICO,,Sin avance físico registrado,NO,,OFICIAL_ORIGINAL,INVERSIONES IOARR,-16.030979200509837,-73.17373052974584,040203
2644737,MEJORAMIENTO DEL SERVICIO DE AGUA POTABLE RURAL EN LA CAPITAL DEL DISTRITO Y ANEXO SECOCHA DEL   DISTRITO DE MARIANO NICOLAS VALCARCEL DE LA PROVINCIA DE CAMANA DEL DEPARTAMENTO DE AREQUIPA,1898328,,0,,12000.0,1524870.0,361458.0,0.0,,21/09/2028,040203,,0.0,SIN_AVANCE_FISICO,,Sin avance físico registrado,NO,,OFICIAL_ORIGINAL,PROYECTO DE INVERSION,-16.003826861115623,-73.17965821166868,040203
2720255,MEJORAMIENTO DEL SERVICIO DE ALCANTARILLADO EN SANITARIO EN EL CENTRO POBLADO DE SECOCHA   DISTRITO DE MARIANO NICOLAS VALCARCEL DE LA PROVINCIA DE CAMANA DEL DEPARTAMENTO DE AREQUIPA,7909479,,0,,35000.0,7874479.0,0.0,0.0,,01/03/2027,040203,,0.0,SIN_AVANCE_FISICO,,Sin avance físico registrado,NO,,OFICIAL_ORIGINAL,PROYECTO DE INVERSION,-15.982467452041927,-73.17072109123121,040203
2720265,"CONSTRUCCION DE RED DE ALCANTARILLADO; EN EL(LA) AVENIDA 4, AVENIDA 6 Y CALLE 27 EN EL CENTRO POBLADO PUCCHUN, DISTRITO DE MARISCAL CACERES, PROVINCIA CAMANA, DEPARTAMENTO AREQUIPA",92676,,0,,92676.0,0.0,0.0,0.0,,31/03/2026,040204,,0.0,SIN_AVANCE_FISICO,,Sin avance físico registrado,NO,,OFICIAL_ORIGINAL,INVERSIONES IOARR,-16.595325490957816,-72.77297208914746,040204
2727008,"CONSTRUCCION DE RED DE ALCANTARILLADO; EN EL(LA) AVENIDA PERIMETRAL SUR EN EL CENTRO POBLADO ROLF LAUMER, DISTRITO DE MARISCAL CACERES, PROVINCIA CAMANA, DEPARTAMENTO AREQUIPA",143915,,0,,143692.0,0.0,0.0,0.0,,02/06/2026,040204,0.0,3.47,ACTUALIZADO,2026-05-11 14:18:17,,NO,,OFICIAL_ORIGINAL,INVERSIONES IOARR,-16.592837997178652,-72.78197242249048,040204
2706321,"CONSTRUCCION DE LINEA DE IMPULSION; REMODELACION DE ESTACION DE BOMBEO DE AGUA; EN EL(LA) SISTEMA DE AGUA POTABLE SAN JOSE EN EL CENTRO POBLADO SAN JOSE, DISTRITO DE MARISCAL CACERES, PROVINCIA CAMANA, DEPARTAMENTO AREQUIPA",66066,,64092,,1974.0,0.0,0.0,0.0,01/10/2025,28/04/2026,040204,100.0,98.49,ACTUALIZADO,2026-03-24 09:57:54,,NO,,OFICIAL_ORIGINAL,INVERSIONES IOARR,-16.618547826624084,-72.73611943802499,040204
2291257,"AMPLIACION DE LAS REDES DE AGUA POTABLE Y DESAGUE EN LOS ANEXOS DE SAN JACINTO - SAN GREGORIO Y HACIENDA EL MEDIO EN EL DISTRITO DE NICOLAS DE PIEROLA, PROVINCIA DE CAMANA - AREQUIPA",8670099,,7765244,,2515.0,0.0,0.0,0.0,01/07/2016,20/08/2026,040205,92.48,89.56,VIGENTE_CON_RETRASO,2026-02-20 01:29:37,Reporte físico con > 6 meses,NO,,APROXIMADA_DISTRITO,PIP MAYOR (SNIP),-16.4736023,-72.6243389,040205
2341134,"CREACION E INSTALACION DEL SERVICIO DE AGUA POTABLE Y SANEAMIENTO BASICO RURAL EN EL ANEXO DE SOCSO Y LOS SECTORES DE SONAY, PISQUES Y CHARACTA, EN EL DISTRITO DE NICOLAS DE PIEROLA, PROVINCIA DE CAMANA - AREQUIPA",3570112,,64900,,13997.0,500000.0,500000.0,500000.0,01/03/2019,15/08/2029,040205,,,SIN_AVANCE_FISICO,,,NO,,,,,,040205
2628439,MEJORAMIENTO DEL SERVICIO DE AGUA POTABLE RURAL Y MEJORAMIENTO DEL SERVICIO DE ALCANTARILLADO U OTRAS FORMAS DE DISPOSICIÓN SANITARIA DE EXCRETAS EN EL ASENTAMIENTO HUMANO SAN GREGORIO C Y EL ANEXO SAN GREGORIO DEL   DISTRITO DE NICOLAS DE PIEROLA DE LA PROVINCIA DE CAMANA DEL DEPARTAMENTO DE AREQUIPA,3770800,,41000,,3729800.0,0.0,0.0,0.0,01/05/2024,19/11/2026,040205,,1.09,SIN_AVANCE_FISICO,2026-06-26 17:13:12,Sin avance físico registrado,NO,,OFICIAL_ORIGINAL,PROYECTO DE INVERSION,-16.57344157010967,-72.71244248358724,040205
2309952,"MEJORAMIENTO Y AMPLIACION DEL SISTEMA DE AGUA POTABLE Y ALCANTARILLADO DE LAS LOCALIDADES DE OCOÑA Y LOS ANEXOS DE PUMACOTO, EL PUENTE Y CHULI DEL DISTRITO DE OCOÑA, PROVINCIA DE CAMANA - AREQUIPA",23170624,,19777203,,3611205.0,0.0,0.0,0.0,01/02/2017,31/12/2026,,90.58,90.64,ACTUALIZADO,2026-06-04 10:42:20,,NO,,APROXIMADA_DISTRITO,PIP MAYOR (SNIP),-16.4314792,-73.1049285,
2657818,"ADQUISICION DE TERRENO; EN EL(LA) LA LOCALIDAD DE CHULE PARA EL MEJORAMIENTO Y AMPLIACION DEL SISTEMA DE AGUA POTABLE Y ALCANTARILLADO DE LAS LOCALIDADES DE OCOÑA Y LOS ANEXOS DE PUMACOTO, EL PUENTE Y CHULI DEL DISTRITO DE OCOÑA, PROVINCIA DE CAMANA ¿ AREQUIPA EN EL CENTRO POBLADO CHULE, DISTRITO DE OCOÑA, PROVINCIA CAMANA, DEPARTAMENTO AREQUIPA",196665,,105107,,91558.0,0.0,0.0,0.0,01/03/2025,30/04/2026,040206,93.98,94.38,ACTUALIZADO,2026-04-15 16:45:35,,NO,,OFICIAL_ORIGINAL,INVERSIONES IOARR,-16.450654889461937,-73.10677234060869,040206
2681205,"RENOVACION DE EQUIPO DE BOMBEO; EN EL(LA) POZO TUBULAR DE LA LOCALIDAD DE QUILCA DEL  DISTRITO DE QUILCA, PROVINCIA CAMANA, DEPARTAMENTO AREQUIPA",76274,,73300,,1858.0,0.0,0.0,0.0,01/12/2025,24/12/2026,040207,,,SIN_AVANCE_FISICO,,,NO,,,,,,040207
2589546,"MEJORAMIENTO Y AMPLIACION DEL SERVICIO DE AGUA POTABLE RURAL Y MEJORAMIENTO Y AMPLIACION DEL SERVICIO DE ALCANTARILLADO U OTRAS FORMAS DE DISPOSICIÓN SANITARIA DE EXCRETAS EN AA HH PUEBLO DE QUILCA, CENTRO POBLADO LA CANDELARIA, AA HH LA CALETA DE QUILCA, AMPLIACIÓN LA CALETA, AMPLIACIÓN LA CALETA II, ASC. PERLA ESCONDIDA Y ASC. VILLA EL PESCADOR DEL   DISTRITO DE QUILCA DE LA PROVINCIA DE CAMANA DEL DEPARTAMENTO DE AREQUIPA",21548218,,217776,,200000.0,0.0,0.0,0.0,01/06/2024,26/11/2026,040207,,1.63,SIN_AVANCE_FISICO,2026-08-05 09:40:51,Sin avance físico registrado,NO,,OFICIAL_ORIGINAL,PROYECTO DE INVERSION,-16.71406951688235,-72.42439251661573,040207
2339478,"MEJORAMIENTO Y AMPLIACION DEL SERVICIO DE AGUA POTABLE Y DESAGUE DE LOS PUEBLOS DE QUILCA, VIRGEN DE LA CANDELARIA Y LA CALETA DEL  DISTRITO DE QUILCA - PROVINCIA DE CAMANA - DEPARTAMENTO DE AREQUIPA",5959042,,30000,,10000.0,0.0,0.0,0.0,01/02/2019,23/09/2027,040207,,,SIN_AVANCE_FISICO,,,NO,,,,,,040207
2607720,MEJORAMIENTO DEL SERVICIO DE AGUA POTABLE URBANO Y CREACION DEL SERVICIO DE ALCANTARILLADO EN SISTEMA DE AGUA POTABLE Y SANEAMIENTO DEL AAHH ALMIRANTE GRAU   DISTRITO DE SAMUEL PASTOR DE LA PROVINCIA DE CAMANA DEL DEPARTAMENTO DE AREQUIPA,2525512,,28000,,2000000.0,0.0,0.0,0.0,01/04/2024,31/12/2026,040208,,0.0,SIN_AVANCE_FISICO,,Sin avance físico registrado,NO,,OFICIAL_ORIGINAL,PROYECTO DE INVERSION,-16.628214308921724,-72.68266975240641,040208
2665958,AMPLIACION DEL SERVICIO DE AGUA POTABLE URBANO Y AMPLIACION DEL SERVICIO DE ALCANTARILLADO EN LA ASOCIACIÓN DE VIVIENDA LOS OLIVOS   DISTRITO DE SAMUEL PASTOR DE LA PROVINCIA DE CAMANA DEL DEPARTAMENTO DE AREQUIPA,829642,,25000,,804642.0,0.0,0.0,0.0,01/07/2025,31/12/2026,040208,46.41,44.21,ACTUALIZADO,2026-08-20 04:52:18,,NO,,OFICIAL_ORIGINAL,PROYECTO DE INVERSION,-16.618731800356297,-72.68611167609029,040208
2713996,"REMODELACION DE LINEA DE IMPULSION; EN EL(LA) SERVICIO DE AGUA POTABLE RURAL BELLA UNION DISTRITO DE SAMUEL PASTOR, PROVINCIA CAMANA, DEPARTAMENTO AREQUIPA",210197,,0,,210197.0,0.0,0.0,0.0,,31/12/2026,040208,,0.0,SIN_AVANCE_FISICO,,Sin avance físico registrado,NO,,OFICIAL_ORIGINAL,INVERSIONES IOARR,-16.637345898399836,-72.67919908649321,040208
2715626,"CONSTRUCCION DE LINEA DE CONDUCCION; EN EL(LA) ¿OPTIMIZACIÓN DE LA RED DE DISTRIBUCIÓN DE AGUA POTABLE Y CONEXIONES DOMICILIARIAS EN EL AAHH BELLA UNIÓN  DISTRITO DE SAMUEL PASTOR, PROVINCIA CAMANA, DEPARTAMENTO AREQUIPA",123023,,0,,5000.0,118023.0,0.0,0.0,,31/12/2027,040208,,0.0,SIN_AVANCE_FISICO,,Sin avance físico registrado,NO,,OFICIAL_ORIGINAL,INVERSIONES IOARR,-16.629179106420935,-72.67994588448221,040208
2718981,"CONSTRUCCION DE LINEA DE CONDUCCION; EN EL(LA) OPTIMIZACIÓN DE TUBERIA DE AGUA PARA LOS POBLADORES DE LA CALLE TELEGRAFO  DISTRITO DE CAMANA, PROVINCIA CAMANA, DEPARTAMENTO AREQUIPA",160114,,0,,160114.0,0.0,0.0,0.0,,31/12/2026,040201,,0.0,SIN_AVANCE_FISICO,,Sin avance físico registrado,NO,,OFICIAL_ORIGINAL,INVERSIONES IOARR,-16.628374575686344,-72.70283294507252,040201
2673997,CREACION DEL SERVICIO DE AGUA POTABLE URBANO Y CREACION DEL SERVICIO DE ALCANTARILLADO EN EL ASENTAMIENTO HUMANO ISIDORO BERROCAL CORONADO DEL   DISTRITO DE CARAVELI DE LA PROVINCIA DE CARAVELI DEL DEPARTAMENTO DE AREQUIPA,27330285,,0,,0.0,100000.0,100000.0,500000.0,,30/01/2037,040301,,0.0,SIN_AVANCE_FISICO,,Sin avance físico registrado,NO,,OFICIAL_ORIGINAL,PROYECTO DE INVERSION,-15.777479915083022,-73.37350727238596,040301
2655468,MEJORAMIENTO Y AMPLIACION DEL SERVICIO DE ALCANTARILLADO U OTRAS FORMAS DE DISPOSICIÓN SANITARIA DE EXCRETAS EN EL SISTEMA DE SANEAMIENTO RURAL EN EL ANEXO EL MOLINO   DISTRITO DE ACARI DE LA PROVINCIA DE CARAVELI DEL DEPARTAMENTO DE AREQUIPA,2018717,,2004311,,0.0,14405.52,0.0,0.0,01/11/2024,03/01/2028,040302,99.23,99.29,VIGENTE_CON_RETRASO,2026-02-10 00:30:40,Reporte físico con > 6 meses,NO,,OFICIAL_ORIGINAL,PROYECTO DE INVERSION,-15.360542271913816,-74.59205291648748,040302
2713297,"REPARACION DE CONEXION DOMICILIARIA DE ALCANTARILLADO; EN EL(LA) PUEBLO DE ACARI  DISTRITO DE ACARI, PROVINCIA CARAVELI, DEPARTAMENTO AREQUIPA",386374,,0,,10000.0,169889.0,0.0,0.0,01/04/2026,11/02/2027,040302,100.0,98.19,ACTUALIZADO,2026-08-20 16:16:06,,NO,,OFICIAL_ORIGINAL,INVERSIONES IOARR,-15.456368209675746,-74.62201341104492,040302
2634008,"CREACION DEL SERVICIO DE ALCANTARILLADO EN EL ASENTAMIENTO HUMANO DE VISTA ALEGRE, SEÑOR DE LOS MILAGROS Y SIETE DE NOVIEMBRE   DISTRITO DE ACARI DE LA PROVINCIA DE CARAVELI DEL DEPARTAMENTO DE AREQUIPA",1736666,,76000,,400000.0,0.0,0.0,0.0,01/08/2024,31/12/2030,040302,100.0,96.61,ACTUALIZADO,2026-07-26 21:24:32,,NO,,OFICIAL_ORIGINAL,PROYECTO DE INVERSION,-15.460034699068489,-74.62215159343086,040302
2708582,"CONSTRUCCION DE BIODIGESTOR; EN EL(LA) ANEXO CHOCAVENTO  DISTRITO DE ACARI, PROVINCIA CARAVELI, DEPARTAMENTO AREQUIPA",142807,,0,,132808.0,10000.0,0.0,0.0,,31/03/2027,040302,0.0,0.0,ACTUALIZADO,2026-07-26 21:37:10,,NO,,OFICIAL_ORIGINAL,INVERSIONES IOARR,-15.411860524452166,-74.60578869146772,040302
2712566,MEJORAMIENTO DEL SERVICIO DE AGUA POTABLE URBANO EN LOCALIDAD DE ACARI   DISTRITO DE ACARI DE LA PROVINCIA DE CARAVELI DEL DEPARTAMENTO DE AREQUIPA,7954502,,0,,7919360.0,0.0,0.0,0.0,,01/07/2026,040302,,0.0,SIN_AVANCE_FISICO,,Sin avance físico registrado,NO,,OFICIAL_ORIGINAL,PROYECTO DE INVERSION,-15.423806236961852,-74.61399338622923,040302
2531946,MEJORAMIENTO Y AMPLIACION DE LOS SERVICIOS DE AGUA POTABLE Y ALCANTARILLADO DE LAS LOCALIDADES DE BELLA UNION Y LA CAPILLA DEL  DISTRITO DE BELLA UNION - PROVINCIA DE CARAVELI - DEPARTAMENTO DE AREQUIPA,45982906,,362157,,1121859.0,550000.0,550000.0,550000.0,01/03/2022,04/02/2037,040305,,,SIN_AVANCE_FISICO,,,NO,,,,,,040305
2550930,MEJORAMIENTO DEL SISTEMA DE AGUA POTABLE DEL SECTOR DE SAN ISIDRO DEL  DISTRITO DE BELLA UNION - PROVINCIA DE CARAVELI - DEPARTAMENTO DE AREQUIPA,2369130,,0,,0.0,250000.0,250000.0,250000.0,,27/04/2038,040305,,,SIN_AVANCE_FISICO,,,NO,,,,,,040305
2712996,"REPARACION DE LINEA DE CONDUCCION; EN EL(LA) DE 05 PASES AEREOS EN EL DISTRITO DE BELLA UNION  DISTRITO DE BELLA UNION, PROVINCIA CARAVELI, DEPARTAMENTO AREQUIPA",833722,,0,,709304.0,7000.0,1000.0,1000.0,01/03/2026,08/02/2034,040305,,1.66,SIN_AVANCE_FISICO,2026-03-04 06:20:32,Sin avance físico registrado,NO,,OFICIAL_ORIGINAL,INVERSIONES IOARR,-15.448421055021162,-74.6601841058337,040305
2611173,CREACION DEL SERVICIO DE ALCANTARILLADO U OTRAS FORMAS DE DISPOSICIÓN SANITARIA DE EXCRETAS EN LA POBLACION DE CHALA VIEJO  DE CENTRO POBLADO CHALA VIEJO DISTRITO DE CHALA DE LA PROVINCIA DE CARAVELI DEL DEPARTAMENTO DE AREQUIPA,2631660,,0,,1500000.0,1500000.0,996510.0,5000.0,,28/02/2029,040307,,0.0,SIN_AVANCE_FISICO,,Sin avance físico registrado,NO,,OFICIAL_ORIGINAL,PROYECTO DE INVERSION,-15.769219579442346,-74.21226151971084,040307
2604764,"CONSTRUCCIÓN DE DEFENSA RIBEREÑA; EN EL(LA) CAPTACION DE AGUA POROJA  DISTRITO DE CHAPARRA, PROVINCIA CARAVELI, DEPARTAMENTO AREQUIPA",203165,,15000,,3000.0,85165.0,0.0,0.0,01/12/2023,31/12/2027,040308,,,SIN_AVANCE_FISICO,,,NO,,,,,,040308
2604765,"CONSTRUCCION DE DEFENSA RIBEREÑA; EN EL(LA) SERVICIO DE TRATAMIENTO DE AGUAS RESIDUALES EN LA LOCALIDAD ACHANIZO, DISTRITO DE CHAPARRA, PROVINCIA CARAVELI, DEPARTAMENTO AREQUIPA",220466,,10000,,0.0,90466.0,60000.0,60000.0,01/12/2023,31/12/2029,040308,,,SIN_AVANCE_FISICO,,,NO,,,,,,040308
2657877,MEJORAMIENTO Y AMPLIACION DEL SERVICIO DE AGUA POTABLE RURAL Y MEJORAMIENTO Y AMPLIACION DEL SERVICIO DE ALCANTARILLADO U OTRAS FORMAS DE DISPOSICIÓN SANITARIA DE EXCRETAS EN SISTEMA DE SANEAMIENTO BASICO  DE CENTRO POBLADO CARAMBA DISTRITO DE CHAPARRA DE LA PROVINCIA DE CARAVELI DEL DEPARTAMENTO DE AREQUIPA,696253,,0,,0.0,0.0,0.0,40000.0,,09/09/2037,040308,,0.0,SIN_AVANCE_FISICO,,Sin avance físico registrado,NO,,OFICIAL_ORIGINAL,PROYECTO DE INVERSION,-15.770957872907664,-73.9262726359808,040308
2717609,"CONSTRUCCION DE RED DE DISTRIBUCION, RED DE ALCANTARILLADO, CONEXIONES DOMICILIARIAS Y CONEXION DOMICILIARIA DE ALCANTARILLADO; EN EL(LA) EN EL SISTEMA BASICO DE SANEAMIENTO DE LA VICTORIA  DISTRITO DE CHAPARRA, PROVINCIA CARAVELI, DEPARTAMENTO AREQUIPA",515385,,0,,515385.0,0.0,0.0,0.0,,31/12/2026,040308,,0.0,SIN_AVANCE_FISICO,,Sin avance físico registrado,NO,,OFICIAL_ORIGINAL,INVERSIONES IOARR,-15.716940639674405,-73.83635457375226,040308
2698602,"RENOVACION DE RED DE ALCANTARILLADO Y BUZON; EN EL(LA) PLAYA MANSA AA.HH. LOS JASMINES EN EL CENTRO POBLADO LOMAS, DISTRITO DE LOMAS, PROVINCIA CARAVELI, DEPARTAMENTO AREQUIPA",319015,,140997,,145625.0,0.0,0.0,0.0,01/12/2025,08/05/2029,040311,29.31,29.31,VIGENTE_CON_RETRASO,2025-12-19 15:39:56,Reporte físico con > 6 meses,NO,,OFICIAL_ORIGINAL,INVERSIONES IOARR,-15.56803260252544,-74.84922799468883,040311
2546306,"CONSTRUCCION DE SISTEMA DE ABASTECIMIENTO DE AGUA POTABLE; EN EL(LA) SISTEMA DE AGUA POTABLE EN LA LOCALIDAD LOMAS, DISTRITO DE LOMAS, PROVINCIA CARAVELI, DEPARTAMENTO AREQUIPA",1908636,,1026215,,882421.0,0.0,0.0,0.0,01/05/2023,31/12/2026,040311,,0.0,SIN_AVANCE_FISICO,2026-02-19 18:43:35,Sin avance físico registrado,SI,SEDAPAR S.A.,OFICIAL_ORIGINAL,INVERSIONES IOARR,-15.864450789759202,-74.24599364603147,040311
2718187,"REPARACION DE POZO PERCOLADOR Y BUZON; EN EL(LA) SISTEMA DE TRATAMIENTO Y DISPOSICIÓN FINAL DE AGUAS RESIDUALES EN EL CENTRO POBLADO CRUCE LOMAS, DISTRITO DE LOMAS, PROVINCIA CARAVELI, DEPARTAMENTO AREQUIPA",60751,,0,,53369.0,0.0,0.0,0.0,,31/12/2026,040311,100.0,91.77,ACTUALIZADO,2026-05-14 16:03:15,,NO,,OFICIAL_ORIGINAL,INVERSIONES IOARR,-15.512121658039721,-74.83951840329688,040311
2731377,"ADQUISICION DE MICRO MEDIDORES; EN EL(LA) SISTEMA DE AGUA POTABLE DE LA LOCALIDAD DE LOMAS DEL  DISTRITO DE LOMAS, PROVINCIA CARAVELI, DEPARTAMENTO AREQUIPA",481807,,0,,481807.0,0.0,0.0,0.0,,30/06/2026,040311,,,SIN_AVANCE_FISICO,,Sin avance físico registrado,NO,,OFICIAL_ORIGINAL,INVERSIONES IOARR,-15.568108435906504,-74.84972379766221,040311
2520965,MEJORAMIENTO Y AMPLIACION DEL SERVICIO DE REDES DE ALCANTARILLADO EN LA LOCALIDAD DE YAUCA DEL DISTRITO DE YAUCA - PROVINCIA DE CARAVELI - DEPARTAMENTO DE AREQUIPA,8846124,,8690898,,0.0,25225.86,0.0,0.0,01/03/2022,31/12/2027,040313,98.89,98.25,VIGENTE_CON_RETRASO,2026-02-17 00:00:55,Reporte físico con > 6 meses,SI,SEDAPAR S.A.,OFICIAL_ORIGINAL,PROYECTO DE INVERSION,-15.66166472118045,-74.5273521621832,040313
2594655,MEJORAMIENTO DEL SERVICIO DE AGUA POTABLE URBANO EN LA LOCALIDAD DE YAUCA   DISTRITO DE YAUCA DE LA PROVINCIA DE CARAVELI DEL DEPARTAMENTO DE AREQUIPA,13554039,,81500,,0.0,105228.0,226158.0,226158.0,01/10/2024,01/12/2037,040313,0.32,0.6,VIGENTE_CON_RETRASO,2026-02-17 00:55:39,Reporte físico con > 6 meses,SI,SEDAPAR S.A.,OFICIAL_ORIGINAL,PROYECTO DE INVERSION,-15.661691580645702,-74.52743370303985,040313
2610104,"MEJORAMIENTO Y AMPLIACION DEL SERVICIO DE AGUA POTABLE RURAL EN LOS ANEXOS DE MAMAS, MARAN Y QUERULPA DEL  DISTRITO DE APLAO - PROVINCIA DE CASTILLA - DEPARTAMENTO DE AREQUIPA",3922217,,93006,,300000.0,766339.0,0.0,0.0,01/03/2024,15/02/2027,040401,0.0,1.35,ACTUALIZADO,2026-02-25 18:45:25,,NO,,OFICIAL_ORIGINAL,PROYECTO DE INVERSION,-16.159237150780044,-72.48839372301391,040401
2610198,"MEJORAMIENTO Y AMPLIACION DEL SERVICIO DE AGUA POTABLE RURAL EN LOS ANEXOS LA REAL, COCHATE Y EL MONTE DEL  DISTRITO DE APLAO - PROVINCIA DE CASTILLA - DEPARTAMENTO DE AREQUIPA",4497303,,0,,2597248.0,1881319.0,0.0,0.0,01/03/2024,17/04/2027,040401,0.0,1.53,ACTUALIZADO,2026-05-08 12:52:44,,NO,,OFICIAL_ORIGINAL,PROYECTO DE INVERSION,-16.10922599403391,-72.48868530181649,040401
2225963,"MEJORAMIENTO Y AMPLIACION DEL SISTEMA  DE ALCANTARILLADO Y EL SISTEMA DE TRATAMIENTO DE LAS AGUAS RESIDUALES DE LOS ANEXOS DE COCHATE, EL MONTE Y LA REAL DEL  DISTRITO DE APLAO, PROVINCIA DE CASTILLA - AREQUIPA",8090434,,7932452,,157983.0,0.0,0.0,0.0,01/08/2013,15/04/2025,040401,100.0,100.0,VIGENTE_CON_RETRASO,2026-02-05 10:34:30,Reporte físico con > 6 meses,NO,,APROXIMADA_DISTRITO,PIP MAYOR (SNIP),-16.0170279,-72.5307193,040401
2226049,"MEJORAMIENTO Y AMPLIACION DEL SISTEMA DE ALCANTARILLADO Y EL SISTEMA DE TRATAMIENTO DE LAS AGUAS RESIDUALES DE LOS ANEXOS MARAN, MAMAS Y QUERULPA CHICO DEL DISTRITO DE APLAO, PROVINCIA DE CASTILLA - AREQUIPA",4478287,,4311558,,162665.0,0.0,0.0,0.0,01/08/2013,,,100.0,100.0,ACTUALIZADO,2026-02-26 09:39:56,,NO,,APROXIMADA_DISTRITO,PIP MAYOR (SNIP),-16.0170279,-72.5307193,
2322805,"MEJORAMIENTO Y AMPLIACIÓN DEL SISTEMA DE AGUA POTABLE Y ALCANTARILLADO DEL CENTRO POBLADO DE LA CENTRAL, EN EL DISTRITO DE APLAO, PROVINCIA DE CASTILLA - AREQUIPA",10000004,,208862,,9791142.0,0.0,0.0,0.0,01/10/2022,31/05/2026,040401,,0.0,SIN_AVANCE_FISICO,,Sin avance físico registrado,NO,,APROXIMADA_LOCALIDAD,PIP MAYOR (SNIP),-15.9691374,-72.4751512,040401
2682862, MEJORAMIENTO DEL SERVICIO DE AGUA POTABLE RURAL Y CREACION DEL SERVICIO DE ALCANTARILLADO U OTRAS FORMAS DE DISPOSICIÓN SANITARIA DE EXCRETAS EN EL SISTEMA CCALLHUA  DE CENTRO POBLADO CCALLHUA DISTRITO DE ANDAGUA DE LA PROVINCIA DE CASTILLA DEL DEPARTAMENTO DE AREQUIPA,1004021,,0,,0.0,50000.0,10000.0,20000.0,,31/01/2034,,,,SIN_AVANCE_FISICO,,,NO,,,,,,
2682859, MEJORAMIENTO DEL SERVICIO DE AGUA POTABLE RURAL Y CREACION DEL SERVICIO DE ALCANTARILLADO U OTRAS FORMAS DE DISPOSICIÓN SANITARIA DE EXCRETAS EN EL SISTEMA MACHAPAMPA  DE CENTRO POBLADO SAN ANTONIO DISTRITO DE ANDAGUA DE LA PROVINCIA DE CASTILLA DEL DEPARTAMENTO DE AREQUIPA,0,,0,,0.0,145000.0,140000.0,135000.0,,28/07/2034,,,,SIN_AVANCE_FISICO,,,NO,,,,,,
2595952,"AMPLIACION DEL SERVICIO DE ALCANTARILLADO Y MEJORAMIENTO DEL SERVICIO DE DRENAJE PLUVIAL EN TRAMOS DE LOS PASAJES 5, 8 Y LAS CALLES 2, 4, 10 Y COMERCIO DE CENTRO POBLADO ANDAGUA DEL DISTRITO DE ANDAGUA - PROVINCIA DE CASTILLA - DEPARTAMENTO DE AREQUIPA",514405,,510169,,4236.0,0.0,0.0,0.0,01/06/2023,31/08/2026,040402,100.0,99.22,DESACTUALIZADO,2024-01-15 22:47:25,Reporte físico desactualizado,NO,,OFICIAL_ORIGINAL,PROYECTO DE INVERSION,-15.49871469043656,-72.35622017196533,040402
2706714,CREACION DEL SERVICIO DE AGUA POTABLE RURAL Y CREACION DEL SERVICIO DE ALCANTARILLADO U OTRAS FORMAS DE DISPOSICIÓN SANITARIA DE EXCRETAS EN CENTRO POBLADO DE UCUCHACHAS   DISTRITO DE CHOCO DE LA PROVINCIA DE CASTILLA DEL DEPARTAMENTO DE AREQUIPA,3080665,,0,,1509348.0,1571317.0,0.0,0.0,,01/02/2027,040406,,,SIN_AVANCE_FISICO,,Sin avance físico registrado,NO,,OFICIAL_ORIGINAL,PROYECTO DE INVERSION,-15.538238862854886,-72.08842197588893,040406
2690788,"MEJORAMIENTO Y AMPLIACION DEL SERVICIO DE AGUA POTABLE RURAL Y CREACION DEL SERVICIO DE ALCANTARILLADO U OTRAS FORMAS DE DISPOSICIÓN SANITARIA DE EXCRETAS EN LOS CENTROS POBLADOS DE ARHUIN, AGUASANA GRANDE Y TAPARZA DEL   DISTRITO DE MACHAGUAY DE LA PROVINCIA DE CASTILLA DEL DEPARTAMENTO DE AREQUIPA",6353405,,224750,,0.0,20000.0,5000.0,5000.0,01/09/2025,01/12/2035,040408,,0.0,SIN_AVANCE_FISICO,,Sin avance físico registrado,NO,,OFICIAL_ORIGINAL,PROYECTO DE INVERSION,-15.639875547603719,-72.50387664798376,040408
2714859," MEJORAMIENTO Y AMPLIACION DEL SERVICIO DE AGUA POTABLE RURAL Y CREACION DEL SERVICIO DE ALCANTARILLADO U OTRAS FORMAS DE DISPOSICIÓN SANITARIA DE EXCRETAS EN LOS SISTEMAS DE SANEAMIENTO EN LOS ANEXOS DE COTANAY, NUEVA ESPERANZA Y CCACTANA   DISTRITO DE MACHAGUAY DE LA PROVINCIA DE CASTILLA DEL DEPARTAMENTO DE AREQUIPA",7086891,,102500,,0.0,50000.0,50000.0,50000.0,01/12/2025,30/12/2040,040408,,0.0,SIN_AVANCE_FISICO,,Sin avance físico registrado,NO,,OFICIAL_ORIGINAL,PROYECTO DE INVERSION,-15.668476666999936,-72.50816499999996,040408
2535082,"MEJORAMIENTO Y AMPLIACION DE LOS SERVICIOS DE AGUA POTABLE, ALCANTARILLADO SANITARIO Y PLANTA DE TRATAMIENTO DE AGUA RESIDUALES EN LA LOCALIDAD DE MACHAGUAY DEL DISTRITO DE MACHAGUAY - PROVINCIA DE CASTILLA - DEPARTAMENTO DE AREQUIPA",7519176,,7087305,,200000.0,231871.0,0.0,0.0,01/05/2023,03/02/2027,040408,85.82,86.32,ACTUALIZADO,2026-06-11 11:41:55,,NO,,OFICIAL_ORIGINAL,PROYECTO DE INVERSION,-15.650114721656916,-72.50542952441674,040408
2640348,MEJORAMIENTO  SERVICIO DE AGUA POTABLE URBANO EN LA LOCALIDAD DE ORCOPAMPA   DISTRITO DE ORCOPAMPA DE LA PROVINCIA DE CASTILLA DEL DEPARTAMENTO DE AREQUIPA,3498780,,2472949,,1025831.0,0.0,0.0,0.0,01/12/2024,31/01/2026,040409,98.0,92.47,ACTUALIZADO,2026-07-21 11:45:54,,NO,,OFICIAL_ORIGINAL,PROYECTO DE INVERSION,-15.267334547614327,-72.3435035760528,040409
2682289,CREACION DEL SERVICIO DE AGUA POTABLE RURAL EN EL ANEXO DE RURUCA DEL   DISTRITO DE PAMPACOLCA DE LA PROVINCIA DE CASTILLA DEL DEPARTAMENTO DE AREQUIPA,336245,,35000,,0.0,10000.0,0.0,0.0,01/04/2025,08/07/2030,040410,,,SIN_AVANCE_FISICO,,,NO,,,,,,040410
2705244,"CONSTRUCCION DE SISTEMA DE ABASTECIMIENTO DE AGUA POTABLE; EN EL(LA) DISTRITO DE PAMPACOLPA Y ANEXOS,  DISTRITO DE PAMPACOLCA, PROVINCIA CASTILLA, DEPARTAMENTO AREQUIPA",80000,,8000,,72000.0,0.0,0.0,0.0,01/11/2025,18/05/2026,040410,,10.0,SIN_AVANCE_FISICO,2026-02-18 18:51:08,Sin avance físico registrado,NO,,OFICIAL_ORIGINAL,INVERSIONES IOARR,-15.68876404193464,-72.6092054289135,040410
2706108,"CONSTRUCCION DE RED DE DISTRIBUCION; EN EL(LA) SISTEMA DE AGUA POTABLE DEL SECTORES DE TORETE, SAN FRANCISCO Y PUNTA COLORADA  DISTRITO DE URACA, PROVINCIA CASTILLA, DEPARTAMENTO AREQUIPA",84683,,0,,84683.0,0.0,0.0,0.0,01/01/2026,30/01/2026,040413,,0.0,SIN_AVANCE_FISICO,,Sin avance físico registrado,NO,,OFICIAL_ORIGINAL,INVERSIONES IOARR,-16.22700872554794,-72.4708512584397,040413
2655310, MEJORAMIENTO Y AMPLIACION DEL SERVICIO DE AGUA POTABLE RURAL Y MEJORAMIENTO Y AMPLIACION DEL SERVICIO DE ALCANTARILLADO U OTRAS FORMAS DE DISPOSICIÓN SANITARIA DE EXCRETAS EN CENTRO POBLADO SARCAS DEL   DISTRITO DE URACA DE LA PROVINCIA DE CASTILLA DEL DEPARTAMENTO DE AREQUIPA,769038,,21250,,0.0,50000.0,6000.0,6000.0,01/12/2025,20/12/2030,040413,,,SIN_AVANCE_FISICO,,,NO,,,,,,040413
2644275,"RENOVACION DE COLECTOR SECUNDARIO; EN EL(LA) SISTEMA DE ALCANTARILLADO DEL EL ANEXO DE URACA  DISTRITO DE URACA, PROVINCIA CASTILLA, DEPARTAMENTO AREQUIPA",1252791,,1193721,,58670.0,0.0,0.0,0.0,01/07/2024,09/05/2028,040413,100.0,98.57,ACTUALIZADO,2026-02-26 23:33:59,,NO,,OFICIAL_ORIGINAL,INVERSIONES IOARR,-16.20226127869689,-72.47626682432076,040413
2520205,"MEJORAMIENTO DE LA LÍNEA DE CONDUCCIÓN TOMACA-SACRAMENTO,  DISTRITO DE URACA - PROVINCIA DE CASTILLA - DEPARTAMENTO DE AREQUIPA",4047566,,3110008,,937558.0,0.0,0.0,0.0,01/10/2021,24/02/2027,040413,59.94,60.8,ACTUALIZADO,2026-06-04 21:28:17,,NO,,OFICIAL_ORIGINAL,PROYECTO DE INVERSION,-16.182319999999947,-72.46662999999995,040413
2727353,MEJORAMIENTO DEL SERVICIO DE ALCANTARILLADO U OTRAS FORMAS DE DISPOSICIÓN SANITARIA DE EXCRETAS EN SERVICIOS HIGIENICOS PUBLICOS  DE CENTRO POBLADO YASO DISTRITO DE VIRACO DE LA PROVINCIA DE CASTILLA DEL DEPARTAMENTO DE AREQUIPA,49963,,0,,39946.0,0.0,0.0,0.0,,01/06/2026,040414,99.86,95.87,ACTUALIZADO,2026-08-19 09:59:24,,NO,,OFICIAL_ORIGINAL,PROYECTO DE INVERSION,-15.680467394216247,-72.51142434885449,040414
2627300,MEJORAMIENTO DEL SERVICIO DE ALCANTARILLADO U OTRAS FORMAS DE DISPOSICIÓN SANITARIA DE EXCRETAS EN PTAR JACHAÑA DEL CENTRO POBLADO DE JACHAÑA DEL   DISTRITO DE CAYLLOMA DE LA PROVINCIA DE CAYLLOMA DEL DEPARTAMENTO DE AREQUIPA,5276144,,0,,5276144.0,0.0,0.0,0.0,,30/11/2026,040505,,0.0,SIN_AVANCE_FISICO,,Sin avance físico registrado,NO,,OFICIAL_ORIGINAL,PROYECTO DE INVERSION,-14.918871496506775,-71.8611465151451,040505
2533534,CREACION DEL SERVICIO DE AGUA POTABLE Y SANEAMIENTO DE LA COMUNIDAD CAMPESINA DE CHIVAY P.J.SATELITAL FUNDO CHOQUEPAMPA DEL DISTRITO DE CHIVAY - PROVINCIA DE CAYLLOMA - DEPARTAMENTO DE AREQUIPA,2963472,,2872226,,91246.0,0.0,0.0,0.0,01/04/2022,31/12/2027,040501,96.0,95.33,ACTUALIZADO,2026-08-13 12:45:30,,SI,SEDAPAR S.A.,OFICIAL_ORIGINAL,PROYECTO DE INVERSION,-15.639560909999942,-71.60091443999994,040501
2379705,"CREACION DE LOS SERVICIOS DE AGUA POTABLE,  DESAGUE Y PLANTA DE TRATAMIENTO DE AGUA RESIDUALES EN LA LOCALIDAD DE PINCHOLLO DEL DISTRITO DE CABANACONDE, PROVINCIA DE CAYLLOMA- REGION AREQUIPA",11075591,,19400,,11421091.0,0.0,0.0,0.0,01/07/2021,31/12/2026,040503,0.0,0.18,ACTUALIZADO,2026-07-01 08:39:37,,NO,,APROXIMADA_LOCALIDAD,PROYECTO DE INVERSION,-15.6151323,-71.839074,040503
2680246,"REPARACION DE SISTEMA DE TRATAMIENTO DE AGUAS RESIDUALES; EN EL(LA) PTAR DEL CENTRO POBLADO DE LLUTA DEL  DISTRITO DE LLUTA, PROVINCIA CAYLLOMA, DEPARTAMENTO AREQUIPA",176917,,147826,,0.0,0.0,0.0,0.0,01/04/2025,17/05/2029,040511,100.0,98.3,VIGENTE_CON_RETRASO,2026-02-23 16:54:13,Reporte físico con > 6 meses,NO,,OFICIAL_ORIGINAL,INVERSIONES IOARR,-16.014086853012763,-72.01314786706195,040511
2341825,"MEJORAMIENTO, AMPLIACION DEL SISTEMA DE SANEAMIENTO BASICO INTEGRAL DE LAS LOCALIDADES DE HUAMBO Y CHININI   DISTRITO HUAMBO, PROVINCIA DE CAYLLOMA - AREQUIPA",13075203,,187014,,12888189.0,0.0,0.0,0.0,01/11/2018,31/12/2030,040507,,1.43,SIN_AVANCE_FISICO,2026-08-10 09:40:55,Sin avance físico registrado,NO,,APROXIMADA_LOCALIDAD,PIP MAYOR (SNIP),-15.7304769,-72.1081153,040507
2722884," CREACION DEL SERVICIO DE AGUA POTABLE RURAL Y CREACION DEL SERVICIO DE ALCANTARILLADO U OTRAS FORMAS DE DISPOSICIÓN SANITARIA DE EXCRETAS EN ANEXO SAN MIGUEL , SANTA CECILIA Y TAYA DEL   DISTRITO DE LLUTA DE LA PROVINCIA DE CAYLLOMA DEL DEPARTAMENTO DE AREQUIPA",0,,0,,,30000.0,3000.0,3000.0,,14/11/2030,,,,SIN_AVANCE_FISICO,,,NO,,,,,,
2722883, CREACION DEL SERVICIO DE AGUA POTABLE RURAL Y CREACION DEL SERVICIO DE ALCANTARILLADO U OTRAS FORMAS DE DISPOSICIÓN SANITARIA DE EXCRETAS EN EL ANEXO DE TOROY DEL   DISTRITO DE LLUTA DE LA PROVINCIA DE CAYLLOMA DEL DEPARTAMENTO DE AREQUIPA,0,,0,,,50000.0,10000.0,10000.0,,14/11/2030,,,,SIN_AVANCE_FISICO,,,NO,,,,,,
2333980,"MEJORAMIENTO Y AMPLIACION DE LOS SERVICIOS DE AGUA POTABLE Y ALCANTARILLADO DE LOS SECTORES RURALES DE PAPACHACRA, CARMEN ALTO, CHIRINGAY, AYACOTO COLLPANCA Y AYAHUALA DEL DISTRITO DE CHUQUIBAMBA, PROVINCIA DE CONDESUYOS - AREQUIPA",21812851,,12302397,,9000000.0,100000.0,100000.0,0.0,01/06/2017,04/12/2028,040601,60.09,59.64,ACTUALIZADO,2026-08-19 17:33:12,,NO,,APROXIMADA_DISTRITO,PIP MAYOR (SNIP),-16.0369267,-72.7997112,040601
2655595,MEJORAMIENTO DEL SERVICIO DE AGUA POTABLE RURAL Y MEJORAMIENTO DEL SERVICIO DE ALCANTARILLADO U OTRAS FORMAS DE DISPOSICIÓN SANITARIA DE EXCRETAS EN LAS TRES LOCALIDADES DEL   DISTRITO DE RIO GRANDE DE LA PROVINCIA DE CONDESUYOS DEL DEPARTAMENTO DE AREQUIPA,9109194,,289956,,8505930.0,0.0,0.0,0.0,01/10/2024,18/05/2026,040606,,4.52,SIN_AVANCE_FISICO,2026-08-18 16:51:38,Sin avance físico registrado,NO,,OFICIAL_ORIGINAL,PROYECTO DE INVERSION,-15.940183169609401,-73.13096956085082,040606
2723489,"CONSTRUCCION DE RESERVORIO; EN EL(LA) ASENTAMIENTO HUMANO DE PUEBLO LIBRE  DEL  DISTRITO DE RIO GRANDE, PROVINCIA CONDESUYOS, DEPARTAMENTO AREQUIPA",332586,,0,,321186.0,0.0,0.0,0.0,,30/10/2026,040606,0.0,7.19,ACTUALIZADO,2026-06-24 18:00:06,,NO,,OFICIAL_ORIGINAL,INVERSIONES IOARR,-15.914659357254166,-73.05138082967855,040606
2708155,CREACION DEL SERVICIO DE TRATAMIENTO DE AGUAS RESIDUALES PARA DISPOSICIÓN FINAL EN LA LOCALIDAD DE YANAQUIHUA DEL   DISTRITO DE YANAQUIHUA DE LA PROVINCIA DE CONDESUYOS DEL DEPARTAMENTO DE AREQUIPA,6937746,,8500,,200000.0,6729246.0,0.0,0.0,01/12/2025,17/12/2027,040608,,,SIN_AVANCE_FISICO,,Sin avance físico registrado,NO,,OFICIAL_ORIGINAL,PROYECTO DE INVERSION,-15.776289585586445,-72.87885641006348,040608
2658374,CREACION DEL SERVICIO DE AGUA POTABLE RURAL Y CREACION DEL SERVICIO DE ALCANTARILLADO U OTRAS FORMAS DE DISPOSICIÓN SANITARIA DE EXCRETAS EN EL SISTEMA DE SANEAMIENTO DE CHORUNGA ALTA  DE CENTRO POBLADO CHORUNGA DISTRITO DE YANAQUIHUA DE LA PROVINCIA DE CONDESUYOS DEL DEPARTAMENTO DE AREQUIPA,3031024,,42500,,41000.0,2947523.0,0.0,0.0,01/09/2025,31/12/2027,040608,,,SIN_AVANCE_FISICO,,Sin avance físico registrado,NO,,OFICIAL_ORIGINAL,PROYECTO DE INVERSION,-15.855984110216706,-72.97786121879813,040608
2675713,"CONSTRUCCION DE CAPTACION DE AGUA  Y LÍNEA DE CONDUCCIÓN; EN EL(LA) SISTEMA DE AGUA POTABLE DEL CENTRO POBLADO DE YANAQUIHUA  DISTRITO DE YANAQUIHUA, PROVINCIA CONDESUYOS, DEPARTAMENTO AREQUIPA",488545,,30000,,0.0,10000.0,10000.0,10000.0,01/04/2025,20/12/2030,040608,,,SIN_AVANCE_FISICO,,,NO,,,,,,040608
2722882, CREACION DEL SERVICIO DE AGUA POTABLE RURAL Y CREACION DEL SERVICIO DE ALCANTARILLADO U OTRAS FORMAS DE DISPOSICIÓN SANITARIA DE EXCRETAS EN LA LOCALIDAD DE CHARCO DEL ANEXO DE CHARCO DEL   DISTRITO DE YANAQUIHUA DE LA PROVINCIA DE CONDESUYOS DEL DEPARTAMENTO DE AREQUIPA,0,,0,,,100000.0,30000.0,7000.0,,20/12/2030,,,,SIN_AVANCE_FISICO,,,NO,,,,,,
2700479,"REPARACION DE SISTEMA DE TRATAMIENTO DE AGUAS RESIDUALES; EN EL(LA) PLANTA DE TRATAMIENTO DE AGUAS RESIDUALES EN EL CENTRO POBLADO CHARCO QUIROZ DEL  DISTRITO DE YANAQUIHUA, PROVINCIA CONDESUYOS, DEPARTAMENTO AREQUIPA",70202,,49615,,20587.0,0.0,0.0,0.0,01/09/2025,25/12/2026,040608,,,SIN_AVANCE_FISICO,,Sin avance físico registrado,NO,,OFICIAL_ORIGINAL,INVERSIONES IOARR,-15.77693570240305,-72.89162532628103,040608
2700892,"REPARACION DE SISTEMA DE TRATAMIENTO DE AGUAS RESIDUALES; EN EL(LA) PLANTA DE TRATAMIENTO DE AGUAS RESIDUALES EN EL CENTRO POBLADO YAUSE LA BARRERA DEL  DISTRITO DE YANAQUIHUA, PROVINCIA CONDESUYOS, DEPARTAMENTO AREQUIPA",69512,,60474,,9038.0,0.0,0.0,0.0,01/11/2025,19/08/2026,040608,,0.0,SIN_AVANCE_FISICO,,Sin avance físico registrado,NO,,OFICIAL_ORIGINAL,INVERSIONES IOARR,-15.788713154173884,-73.07772629221105,040608
2624226,"MEJORAMIENTO DEL SERVICIO DE AGUA POTABLE URBANO Y CREACION DEL SERVICIO DE ALCANTARILLADO Y CREACION DEL SERVICIO DE TRATAMIENTO DE AGUAS RESIDUALES PARA DISPOSICIÓN FINAL EN LOS PUEBLOS DE AYANQUERA, DESAMPARADOS, CANDARAVE Y PUERTO VIEJO   DISTRITO DE COCACHACRA DE LA PROVINCIA DE ISLAY DEL DEPARTAMENTO DE AREQUIPA",9166453,,20525,,220000.0,0.0,0.0,0.0,01/07/2024,01/07/2030,040702,,0.0,SIN_AVANCE_FISICO,,Sin avance físico registrado,NO,,OFICIAL_ORIGINAL,PROYECTO DE INVERSION,-17.013180334983158,-71.66493399318063,040702
2702047,"REMODELACION DE PTAR; EN EL(LA) PLANTA DE TRATAMIENTO DE AGUAS RESIDUALES 1 Y 2 DE LA LOCALIDAD EL FISCAL,  DISTRITO DE COCACHACRA, PROVINCIA ISLAY, DEPARTAMENTO AREQUIPA",394038,,0,,177566.0,216472.0,0.0,0.0,,15/12/2027,040702,,,SIN_AVANCE_FISICO,,,NO,,,,,,040702
2663630,MEJORAMIENTO Y AMPLIACION DEL SERVICIO DE AGUA POTABLE RURAL Y AMPLIACION DEL SERVICIO DE ALCANTARILLADO U OTRAS FORMAS DE DISPOSICIÓN SANITARIA DE EXCRETAS EN EL SECTOR DE VALLE ARRIBA MARGEN IZQUIERDO   DISTRITO DE COCACHACRA DE LA PROVINCIA DE ISLAY DEL DEPARTAMENTO DE AREQUIPA,16562787,,0,,,4000000.0,4000000.0,4000000.0,,01/01/2030,,,0.0,SIN_AVANCE_FISICO,,Sin avance físico registrado,NO,,OFICIAL_ORIGINAL,PROYECTO DE INVERSION,-17.00238629387925,-71.61378944592346,
2624460,"CREACION DEL SERVICIO DE TRATAMIENTO DE AGUAS RESIDUALES PARA DISPOSICIÓN FINAL EN EL CENTRO POBLADO ALTO ENSENADA, A.H. EL MIRADOR Y A.H. VILLA EL PARAISO   DISTRITO DE DEAN VALDIVIA DE LA PROVINCIA DE ISLAY DEL DEPARTAMENTO DE AREQUIPA",4544257,,36000,,1000000.0,0.0,0.0,0.0,01/08/2025,01/06/2027,,,3.3,SIN_AVANCE_FISICO,2026-07-01 12:35:55,Sin avance físico registrado,NO,,OFICIAL_ORIGINAL,PROYECTO DE INVERSION,-17.144256607814285,-71.82300505091422,
2616887,MEJORAMIENTO DEL SERVICIO DE AGUA POTABLE URBANO Y MEJORAMIENTO DEL SERVICIO DE ALCANTARILLADO Y AMPLIACION DEL SERVICIO DE TRATAMIENTO DE AGUAS RESIDUALES PARA DISPOSICIÓN FINAL EN MEJIA   DISTRITO DE MEJIA DE LA PROVINCIA DE ISLAY DEL DEPARTAMENTO DE AREQUIPA,15452114,,111221,,206554.0,466000.0,0.0,630000.0,01/12/2025,01/01/2037,040705,,0.0,SIN_AVANCE_FISICO,,Sin avance físico registrado,SI,SEDAPAR S.A.,OFICIAL_ORIGINAL,PROYECTO DE INVERSION,-17.101688479381306,-71.90432338622915,040705
2682639,"ADQUISICION DE CAMION CISTERNA Y INFRAESTRUCTURA DE ALMACENAMIENTO; EN EL(LA) SERVICIOS A LA CIUDADANIA Y GESTION AMBIENTAL DE LA MUNICIPALIDAD DISTRTIRAL DE MEJIA  DISTRITO DE MEJIA, PROVINCIA ISLAY, DEPARTAMENTO AREQUIPA",957011,,145000,,812011.0,0.0,0.0,0.0,01/09/2025,31/12/2026,040705,13.78,13.59,ACTUALIZADO,2026-08-10 15:52:07,,SI,SEDAPAR S.A.,OFICIAL_ORIGINAL,INVERSIONES IOARR,-17.102016149280963,-71.90643024839183,040705
2705671,"RENOVACION DE TUBERIA, CONEXIONES DOMICILIARIAS Y VALVULA DE CONTROL; EN EL(LA) SISTEMA DE AGUA POTABLE DE LA LOCALIDAD DE VELINGA DEL  DISTRITO DE QUECHUALLA, PROVINCIA LA UNION, DEPARTAMENTO AREQUIPA",313494,,0,,313494.0,0.0,0.0,0.0,01/06/2026,04/01/2027,040807,,0.0,SIN_AVANCE_FISICO,,Sin avance físico registrado,NO,,OFICIAL_ORIGINAL,INVERSIONES IOARR,-15.27372498629151,-73.02170613486689,040807
2323055,"MEJORAMIENTO Y AMPLIACION DE SISTEMA DE AGUA POTABLE E INSTALACION DE UNIDAD BASICA DE SANEAMIENTO DE LA LOCALIDAD DE PIRO, DISTRITO DE COTAHUASI, PROVINCIA DE LA UNION - AREQUIPA",1575575,,70711,,1504864.0,0.0,0.0,0.0,01/12/2016,22/01/2026,040801,,,SIN_AVANCE_FISICO,,,NO,,,,,,040801
2526621,MEJORAMIENTO DEL SISTEMA DE AGUA Y ALCANTARILLADO EN EL ANEXO DE QUILLUNZA DEL DISTRITO DE COTAHUASI - PROVINCIA DE LA UNION - DEPARTAMENTO DE AREQUIPA,4412669,,24000,,80000.0,1500000.0,1500000.0,1308669.0,01/08/2024,30/11/2029,040801,,0.77,SIN_AVANCE_FISICO,2026-04-23 19:42:40,Sin avance físico registrado,NO,,OFICIAL_ORIGINAL,PROYECTO DE INVERSION,-15.21513890999995,-72.89018567999995,040801
2226002,"MEJORAMIENTO Y AMPLIACION DEL SISTEMA DE AGUA POTABLE E INSTALACION DEL SISTEMA DE ALCANTARILLADO EN LA LOCALIDAD DE HUARHUA, DISTRITO DE PAMPAMARCA, PROVINCIA DE LA UNION - AREQUIPA",1454260,,1449674,,0.0,4586.0,0.0,0.0,01/11/2013,03/05/2027,040805,,,SIN_AVANCE_FISICO,,,NO,,,,,,040805
2226003,"MEJORAMIENTO Y AMPLIACION DEL SISTEMA DE AGUA POTABLE E INSTALACION DEL SISTEMA DE ALCANTARILLADO EN LA LOCALIDAD DE PAMPAMARCA, DISTRITO DE PAMPAMARCA, PROVINCIA DE LA UNION - AREQUIPA",2534595,,2515414,,0.0,19181.0,0.0,0.0,01/12/2013,14/10/2036,040805,,,SIN_AVANCE_FISICO,,,NO,,,,,,040805
2221464,"INSTALACION Y AMPLIACION DEL SISTEMA DE AGUA POTABLE Y ALCANTARILLADO DE LA LOCALIDAD DE  MUNGUI, DISTRITO DE PAMPAMARCA - LA UNION - AREQUIPA",1176138,,1175940,,0.0,198.0,0.0,0.0,01/10/2013,06/01/2027,040805,,,SIN_AVANCE_FISICO,,,NO,,,,,,040805
2226001,"MEJORAMIENTO Y AMPLIACION DEL SISTEMA DE AGUA POTABLE E INSTALACION DEL SISTEMA DE ALCANTARILLADO EN LA LOCALIDAD DE CCOCHAPAMPA, DISTRITO DE PAMPAMARCA, PROVINCIA DE LA UNION - AREQUIPA",1968228,,1958028,,0.0,10200.0,0.0,0.0,01/11/2013,02/05/2027,040805,,,SIN_AVANCE_FISICO,,,NO,,,,,,040805
2693684,MEJORAMIENTO DEL SERVICIO DE TRATAMIENTO DE AGUAS RESIDUALES PARA DISPOSICIÓN FINAL EN LA LOCALIDAD PUYCA DEL   DISTRITO DE PUYCA DE LA PROVINCIA DE LA UNION DEL DEPARTAMENTO DE AREQUIPA,738749,,0,,703740.0,0.0,0.0,0.0,01/03/2026,25/12/2026,040806,,,SIN_AVANCE_FISICO,,Sin avance físico registrado,NO,,OFICIAL_ORIGINAL,PROYECTO DE INVERSION,-15.062088482733563,-72.68861751560456,040806
2664322,CREACION DEL SERVICIO DE AGUA POTABLE RURAL Y CREACION DEL SERVICIO DE ALCANTARILLADO U OTRAS FORMAS DE DISPOSICIÓN SANITARIA DE EXCRETAS EN EL ANEXO DE OCCORURO DEL   DISTRITO DE PUYCA DE LA PROVINCIA DE LA UNION DEL DEPARTAMENTO DE AREQUIPA,918532,,0,,363206.0,0.0,0.0,50000.0,,13/11/2031,,,,SIN_AVANCE_FISICO,,Sin avance físico registrado,NO,,OFICIAL_ORIGINAL,PROYECTO DE INVERSION,-15.054007129069387,-72.69554194183226,
2664323,CREACION DEL SERVICIO DE AGUA POTABLE RURAL Y CREACION DEL SERVICIO DE ALCANTARILLADO U OTRAS FORMAS DE DISPOSICIÓN SANITARIA DE EXCRETAS EN EL ANEXO DE CUSPA DEL   DISTRITO DE PUYCA DE LA PROVINCIA DE LA UNION DEL DEPARTAMENTO DE AREQUIPA,977149,,0,,16348.0,960801.0,0.0,0.0,,30/12/2027,,,,SIN_AVANCE_FISICO,,Sin avance físico registrado,NO,,OFICIAL_ORIGINAL,PROYECTO DE INVERSION,-15.05404857161652,-72.68811758727905,
2664324,CREACION DEL SERVICIO DE AGUA POTABLE RURAL Y CREACION DEL SERVICIO DE ALCANTARILLADO U OTRAS FORMAS DE DISPOSICIÓN SANITARIA DE EXCRETAS EN EL ANEXO DE SAYROSA DEL   DISTRITO DE PUYCA DE LA PROVINCIA DE LA UNION DEL DEPARTAMENTO DE AREQUIPA,1429673,,0,,0.0,350000.0,200000.0,200000.0,,20/12/2030,,,,SIN_AVANCE_FISICO,,Sin avance físico registrado,NO,,OFICIAL_ORIGINAL,PROYECTO DE INVERSION,-15.057032413820556,-72.68519934387085,
2674583,"MEJORAMIENTO Y AMPLIACION DEL SERVICIO DE AGUA POTABLE RURAL Y CREACION DEL SERVICIO DE ALCANTARILLADO U OTRAS FORMAS DE DISPOSICIÓN SANITARIA DE EXCRETAS EN LOS ANEXOS DE  LLALLIHUA, YUMARI, CANGRY, COCOTA Y CHAHUAYO   DISTRITO DE TORO DE LA PROVINCIA DE LA UNION DEL DEPARTAMENTO DE AREQUIPA",1863626,,90000,,,100000.0,100000.0,100000.0,01/12/2025,31/12/2030,,,,SIN_AVANCE_FISICO,,,NO,,,,,,
2670820,MEJORAMIENTO Y AMPLIACION DEL SERVICIO DE AGUA POTABLE RURAL Y CREACION DEL SERVICIO DE ALCANTARILLADO U OTRAS FORMAS DE DISPOSICIÓN SANITARIA DE EXCRETAS EN LOS ANEXOS DE CHAUCALLA Y PUENTE   DISTRITO DE TORO DE LA PROVINCIA DE LA UNION DEL DEPARTAMENTO DE AREQUIPA,1996921,,90000,,,100000.0,100000.0,100000.0,01/12/2025,26/12/2030,,,,SIN_AVANCE_FISICO,,,NO,,,,,,
